INFO - 2025-06-16 00:43:14 --> Session: Class initialized using 'CodeIgniter\Session\Handlers\FileHandler' driver.
INFO - 2025-06-16 00:43:14 --> Session: Class initialized using 'CodeIgniter\Session\Handlers\FileHandler' driver.
WARNING - 2025-06-16 00:43:14 --> [DEPRECATED] Creation of dynamic property CodeIgniter\View\View::$simple_login is deprecated in APPPATH\Views\admin\layout\wrapper.php on line 4.
 1 SYSTEMPATH\View\View.php(228): include('C:\\xampp\\htdocs\\webspp\\app\\Views\\admin\\layout\\wrapper.php')
 2 SYSTEMPATH\View\View.php(231): CodeIgniter\View\View->CodeIgniter\View\{closure}()
 3 SYSTEMPATH\Common.php(1178): CodeIgniter\View\View->render('admin/layout/wrapper', [], true)
 4 APPPATH\Controllers\Admin\Siswa.php(52): view('admin/layout/wrapper', [...])
 5 SYSTEMPATH\CodeIgniter.php(941): App\Controllers\Admin\Siswa->index()
 6 SYSTEMPATH\CodeIgniter.php(502): CodeIgniter\CodeIgniter->runController(Object(App\Controllers\Admin\Siswa))
 7 SYSTEMPATH\CodeIgniter.php(361): CodeIgniter\CodeIgniter->handleRequest(null, Object(Config\Cache), false)
 8 FCPATH\index.php(36): CodeIgniter\CodeIgniter->run()
 9 ROOTPATH\index.php(7): require_once('C:\\xampp\\htdocs\\webspp\\public\\index.php')
WARNING - 2025-06-16 00:43:14 --> [DEPRECATED] Creation of dynamic property CodeIgniter\View\View::$website is deprecated in APPPATH\Views\admin\layout\wrapper.php on line 5.
 1 SYSTEMPATH\View\View.php(228): include('C:\\xampp\\htdocs\\webspp\\app\\Views\\admin\\layout\\wrapper.php')
 2 SYSTEMPATH\View\View.php(231): CodeIgniter\View\View->CodeIgniter\View\{closure}()
 3 SYSTEMPATH\Common.php(1178): CodeIgniter\View\View->render('admin/layout/wrapper', [], true)
 4 APPPATH\Controllers\Admin\Siswa.php(52): view('admin/layout/wrapper', [...])
 5 SYSTEMPATH\CodeIgniter.php(941): App\Controllers\Admin\Siswa->index()
 6 SYSTEMPATH\CodeIgniter.php(502): CodeIgniter\CodeIgniter->runController(Object(App\Controllers\Admin\Siswa))
 7 SYSTEMPATH\CodeIgniter.php(361): CodeIgniter\CodeIgniter->handleRequest(null, Object(Config\Cache), false)
 8 FCPATH\index.php(36): CodeIgniter\CodeIgniter->run()
 9 ROOTPATH\index.php(7): require_once('C:\\xampp\\htdocs\\webspp\\public\\index.php')
WARNING - 2025-06-16 00:43:14 --> [DEPRECATED] Creation of dynamic property CodeIgniter\View\View::$session is deprecated in APPPATH\Views\admin\layout\wrapper.php on line 6.
 1 SYSTEMPATH\View\View.php(228): include('C:\\xampp\\htdocs\\webspp\\app\\Views\\admin\\layout\\wrapper.php')
 2 SYSTEMPATH\View\View.php(231): CodeIgniter\View\View->CodeIgniter\View\{closure}()
 3 SYSTEMPATH\Common.php(1178): CodeIgniter\View\View->render('admin/layout/wrapper', [], true)
 4 APPPATH\Controllers\Admin\Siswa.php(52): view('admin/layout/wrapper', [...])
 5 SYSTEMPATH\CodeIgniter.php(941): App\Controllers\Admin\Siswa->index()
 6 SYSTEMPATH\CodeIgniter.php(502): CodeIgniter\CodeIgniter->runController(Object(App\Controllers\Admin\Siswa))
 7 SYSTEMPATH\CodeIgniter.php(361): CodeIgniter\CodeIgniter->handleRequest(null, Object(Config\Cache), false)
 8 FCPATH\index.php(36): CodeIgniter\CodeIgniter->run()
 9 ROOTPATH\index.php(7): require_once('C:\\xampp\\htdocs\\webspp\\public\\index.php')
WARNING - 2025-06-16 00:43:14 --> [DEPRECATED] Creation of dynamic property App\Libraries\Simple_login::$session is deprecated in APPPATH\Libraries\Simple_login.php on line 130.
 1 APPPATH\Views\admin\layout\wrapper.php(8): App\Libraries\Simple_login->checklogin()
 2 SYSTEMPATH\View\View.php(228): include('C:\\xampp\\htdocs\\webspp\\app\\Views\\admin\\layout\\wrapper.php')
 3 SYSTEMPATH\View\View.php(231): CodeIgniter\View\View->CodeIgniter\View\{closure}()
 4 SYSTEMPATH\Common.php(1178): CodeIgniter\View\View->render('admin/layout/wrapper', [], true)
 5 APPPATH\Controllers\Admin\Siswa.php(52): view('admin/layout/wrapper', [...])
 6 SYSTEMPATH\CodeIgniter.php(941): App\Controllers\Admin\Siswa->index()
 7 SYSTEMPATH\CodeIgniter.php(502): CodeIgniter\CodeIgniter->runController(Object(App\Controllers\Admin\Siswa))
 8 SYSTEMPATH\CodeIgniter.php(361): CodeIgniter\CodeIgniter->handleRequest(null, Object(Config\Cache), false)
 9 FCPATH\index.php(36): CodeIgniter\CodeIgniter->run()
10 ROOTPATH\index.php(7): require_once('C:\\xampp\\htdocs\\webspp\\public\\index.php')
INFO - 2025-06-16 00:43:14 --> Session: Class initialized using 'CodeIgniter\Session\Handlers\FileHandler' driver.
WARNING - 2025-06-16 00:43:14 --> [DEPRECATED] Creation of dynamic property CodeIgniter\View\View::$website is deprecated in APPPATH\Views\login\wrapper.php on line 3.
 1 SYSTEMPATH\View\View.php(228): include('C:\\xampp\\htdocs\\webspp\\app\\Views\\login\\wrapper.php')
 2 SYSTEMPATH\View\View.php(231): CodeIgniter\View\View->CodeIgniter\View\{closure}()
 3 SYSTEMPATH\Common.php(1178): CodeIgniter\View\View->render('login/wrapper', [], true)
 4 APPPATH\Controllers\Login.php(34): view('login/wrapper', [...])
 5 SYSTEMPATH\CodeIgniter.php(941): App\Controllers\Login->index()
 6 SYSTEMPATH\CodeIgniter.php(502): CodeIgniter\CodeIgniter->runController(Object(App\Controllers\Login))
 7 SYSTEMPATH\CodeIgniter.php(361): CodeIgniter\CodeIgniter->handleRequest(null, Object(Config\Cache), false)
 8 FCPATH\index.php(36): CodeIgniter\CodeIgniter->run()
 9 ROOTPATH\index.php(7): require_once('C:\\xampp\\htdocs\\webspp\\public\\index.php')
INFO - 2025-06-16 00:43:44 --> Session: Class initialized using 'CodeIgniter\Session\Handlers\FileHandler' driver.
WARNING - 2025-06-16 00:43:44 --> [DEPRECATED] Creation of dynamic property App\Libraries\Simple_login::$session is deprecated in APPPATH\Libraries\Simple_login.php on line 15.
 1 APPPATH\Controllers\Login.php(22): App\Libraries\Simple_login->login('nabilah', 'nabilah', 'http://localhost/webspp/admin/siswa')
 2 SYSTEMPATH\CodeIgniter.php(941): App\Controllers\Login->index()
 3 SYSTEMPATH\CodeIgniter.php(502): CodeIgniter\CodeIgniter->runController(Object(App\Controllers\Login))
 4 SYSTEMPATH\CodeIgniter.php(361): CodeIgniter\CodeIgniter->handleRequest(null, Object(Config\Cache), false)
 5 FCPATH\index.php(36): CodeIgniter\CodeIgniter->run()
 6 ROOTPATH\index.php(7): require_once('C:\\xampp\\htdocs\\webspp\\public\\index.php')
INFO - 2025-06-16 00:43:45 --> Session: Class initialized using 'CodeIgniter\Session\Handlers\FileHandler' driver.
WARNING - 2025-06-16 00:43:45 --> [DEPRECATED] Creation of dynamic property CodeIgniter\View\View::$simple_login is deprecated in APPPATH\Views\admin\layout\wrapper.php on line 4.
 1 SYSTEMPATH\View\View.php(228): include('C:\\xampp\\htdocs\\webspp\\app\\Views\\admin\\layout\\wrapper.php')
 2 SYSTEMPATH\View\View.php(231): CodeIgniter\View\View->CodeIgniter\View\{closure}()
 3 SYSTEMPATH\Common.php(1178): CodeIgniter\View\View->render('admin/layout/wrapper', [], true)
 4 APPPATH\Controllers\Admin\Siswa.php(52): view('admin/layout/wrapper', [...])
 5 SYSTEMPATH\CodeIgniter.php(941): App\Controllers\Admin\Siswa->index()
 6 SYSTEMPATH\CodeIgniter.php(502): CodeIgniter\CodeIgniter->runController(Object(App\Controllers\Admin\Siswa))
 7 SYSTEMPATH\CodeIgniter.php(361): CodeIgniter\CodeIgniter->handleRequest(null, Object(Config\Cache), false)
 8 FCPATH\index.php(36): CodeIgniter\CodeIgniter->run()
 9 ROOTPATH\index.php(7): require_once('C:\\xampp\\htdocs\\webspp\\public\\index.php')
WARNING - 2025-06-16 00:43:45 --> [DEPRECATED] Creation of dynamic property CodeIgniter\View\View::$website is deprecated in APPPATH\Views\admin\layout\wrapper.php on line 5.
 1 SYSTEMPATH\View\View.php(228): include('C:\\xampp\\htdocs\\webspp\\app\\Views\\admin\\layout\\wrapper.php')
 2 SYSTEMPATH\View\View.php(231): CodeIgniter\View\View->CodeIgniter\View\{closure}()
 3 SYSTEMPATH\Common.php(1178): CodeIgniter\View\View->render('admin/layout/wrapper', [], true)
 4 APPPATH\Controllers\Admin\Siswa.php(52): view('admin/layout/wrapper', [...])
 5 SYSTEMPATH\CodeIgniter.php(941): App\Controllers\Admin\Siswa->index()
 6 SYSTEMPATH\CodeIgniter.php(502): CodeIgniter\CodeIgniter->runController(Object(App\Controllers\Admin\Siswa))
 7 SYSTEMPATH\CodeIgniter.php(361): CodeIgniter\CodeIgniter->handleRequest(null, Object(Config\Cache), false)
 8 FCPATH\index.php(36): CodeIgniter\CodeIgniter->run()
 9 ROOTPATH\index.php(7): require_once('C:\\xampp\\htdocs\\webspp\\public\\index.php')
WARNING - 2025-06-16 00:43:45 --> [DEPRECATED] Creation of dynamic property CodeIgniter\View\View::$session is deprecated in APPPATH\Views\admin\layout\wrapper.php on line 6.
 1 SYSTEMPATH\View\View.php(228): include('C:\\xampp\\htdocs\\webspp\\app\\Views\\admin\\layout\\wrapper.php')
 2 SYSTEMPATH\View\View.php(231): CodeIgniter\View\View->CodeIgniter\View\{closure}()
 3 SYSTEMPATH\Common.php(1178): CodeIgniter\View\View->render('admin/layout/wrapper', [], true)
 4 APPPATH\Controllers\Admin\Siswa.php(52): view('admin/layout/wrapper', [...])
 5 SYSTEMPATH\CodeIgniter.php(941): App\Controllers\Admin\Siswa->index()
 6 SYSTEMPATH\CodeIgniter.php(502): CodeIgniter\CodeIgniter->runController(Object(App\Controllers\Admin\Siswa))
 7 SYSTEMPATH\CodeIgniter.php(361): CodeIgniter\CodeIgniter->handleRequest(null, Object(Config\Cache), false)
 8 FCPATH\index.php(36): CodeIgniter\CodeIgniter->run()
 9 ROOTPATH\index.php(7): require_once('C:\\xampp\\htdocs\\webspp\\public\\index.php')
WARNING - 2025-06-16 00:43:45 --> [DEPRECATED] Creation of dynamic property App\Libraries\Simple_login::$session is deprecated in APPPATH\Libraries\Simple_login.php on line 130.
 1 APPPATH\Views\admin\layout\wrapper.php(8): App\Libraries\Simple_login->checklogin()
 2 SYSTEMPATH\View\View.php(228): include('C:\\xampp\\htdocs\\webspp\\app\\Views\\admin\\layout\\wrapper.php')
 3 SYSTEMPATH\View\View.php(231): CodeIgniter\View\View->CodeIgniter\View\{closure}()
 4 SYSTEMPATH\Common.php(1178): CodeIgniter\View\View->render('admin/layout/wrapper', [], true)
 5 APPPATH\Controllers\Admin\Siswa.php(52): view('admin/layout/wrapper', [...])
 6 SYSTEMPATH\CodeIgniter.php(941): App\Controllers\Admin\Siswa->index()
 7 SYSTEMPATH\CodeIgniter.php(502): CodeIgniter\CodeIgniter->runController(Object(App\Controllers\Admin\Siswa))
 8 SYSTEMPATH\CodeIgniter.php(361): CodeIgniter\CodeIgniter->handleRequest(null, Object(Config\Cache), false)
 9 FCPATH\index.php(36): CodeIgniter\CodeIgniter->run()
10 ROOTPATH\index.php(7): require_once('C:\\xampp\\htdocs\\webspp\\public\\index.php')
INFO - 2025-06-16 05:03:35 --> Session: Class initialized using 'CodeIgniter\Session\Handlers\FileHandler' driver.
WARNING - 2025-06-16 05:03:40 --> [DEPRECATED] Creation of dynamic property CodeIgniter\View\View::$website is deprecated in APPPATH\Views\layout\wrapper.php on line 3.
 1 SYSTEMPATH\View\View.php(228): include('C:\\xampp\\htdocs\\webspp\\app\\Views\\layout\\wrapper.php')
 2 SYSTEMPATH\View\View.php(231): CodeIgniter\View\View->CodeIgniter\View\{closure}()
 3 SYSTEMPATH\Common.php(1178): CodeIgniter\View\View->render('layout/wrapper', [], true)
 4 APPPATH\Controllers\Signin.php(51): view('layout/wrapper', [...])
 5 SYSTEMPATH\CodeIgniter.php(941): App\Controllers\Signin->index()
 6 SYSTEMPATH\CodeIgniter.php(502): CodeIgniter\CodeIgniter->runController(Object(App\Controllers\Signin))
 7 SYSTEMPATH\CodeIgniter.php(361): CodeIgniter\CodeIgniter->handleRequest(null, Object(Config\Cache), false)
 8 FCPATH\index.php(36): CodeIgniter\CodeIgniter->run()
 9 SYSTEMPATH\Commands\Server\rewrite.php(47): require_once('C:\\xampp\\htdocs\\webspp\\public\\index.php')
WARNING - 2025-06-16 05:03:40 --> [DEPRECATED] Creation of dynamic property CodeIgniter\View\View::$session is deprecated in APPPATH\Views\layout\wrapper.php on line 4.
 1 SYSTEMPATH\View\View.php(228): include('C:\\xampp\\htdocs\\webspp\\app\\Views\\layout\\wrapper.php')
 2 SYSTEMPATH\View\View.php(231): CodeIgniter\View\View->CodeIgniter\View\{closure}()
 3 SYSTEMPATH\Common.php(1178): CodeIgniter\View\View->render('layout/wrapper', [], true)
 4 APPPATH\Controllers\Signin.php(51): view('layout/wrapper', [...])
 5 SYSTEMPATH\CodeIgniter.php(941): App\Controllers\Signin->index()
 6 SYSTEMPATH\CodeIgniter.php(502): CodeIgniter\CodeIgniter->runController(Object(App\Controllers\Signin))
 7 SYSTEMPATH\CodeIgniter.php(361): CodeIgniter\CodeIgniter->handleRequest(null, Object(Config\Cache), false)
 8 FCPATH\index.php(36): CodeIgniter\CodeIgniter->run()
 9 SYSTEMPATH\Commands\Server\rewrite.php(47): require_once('C:\\xampp\\htdocs\\webspp\\public\\index.php')
INFO - 2025-06-16 05:04:03 --> Session: Class initialized using 'CodeIgniter\Session\Handlers\FileHandler' driver.
WARNING - 2025-06-16 05:04:03 --> [DEPRECATED] Creation of dynamic property CodeIgniter\View\View::$website is deprecated in APPPATH\Views\login\wrapper.php on line 3.
 1 SYSTEMPATH\View\View.php(228): include('C:\\xampp\\htdocs\\webspp\\app\\Views\\login\\wrapper.php')
 2 SYSTEMPATH\View\View.php(231): CodeIgniter\View\View->CodeIgniter\View\{closure}()
 3 SYSTEMPATH\Common.php(1178): CodeIgniter\View\View->render('login/wrapper', [], true)
 4 APPPATH\Controllers\Login.php(34): view('login/wrapper', [...])
 5 SYSTEMPATH\CodeIgniter.php(941): App\Controllers\Login->index()
 6 SYSTEMPATH\CodeIgniter.php(502): CodeIgniter\CodeIgniter->runController(Object(App\Controllers\Login))
 7 SYSTEMPATH\CodeIgniter.php(361): CodeIgniter\CodeIgniter->handleRequest(null, Object(Config\Cache), false)
 8 FCPATH\index.php(36): CodeIgniter\CodeIgniter->run()
 9 ROOTPATH\index.php(7): require_once('C:\\xampp\\htdocs\\webspp\\public\\index.php')
INFO - 2025-06-16 05:04:11 --> Session: Class initialized using 'CodeIgniter\Session\Handlers\FileHandler' driver.
WARNING - 2025-06-16 05:04:12 --> [DEPRECATED] Creation of dynamic property App\Libraries\Simple_login::$session is deprecated in APPPATH\Libraries\Simple_login.php on line 15.
 1 APPPATH\Controllers\Login.php(22): App\Libraries\Simple_login->login('nabilah', 'nabilah', '')
 2 SYSTEMPATH\CodeIgniter.php(941): App\Controllers\Login->index()
 3 SYSTEMPATH\CodeIgniter.php(502): CodeIgniter\CodeIgniter->runController(Object(App\Controllers\Login))
 4 SYSTEMPATH\CodeIgniter.php(361): CodeIgniter\CodeIgniter->handleRequest(null, Object(Config\Cache), false)
 5 FCPATH\index.php(36): CodeIgniter\CodeIgniter->run()
 6 ROOTPATH\index.php(7): require_once('C:\\xampp\\htdocs\\webspp\\public\\index.php')
DEBUG - 2025-06-16 05:04:12 --> Akses level: admin
INFO - 2025-06-16 05:04:13 --> Session: Class initialized using 'CodeIgniter\Session\Handlers\FileHandler' driver.
WARNING - 2025-06-16 05:04:13 --> [DEPRECATED] Creation of dynamic property CodeIgniter\View\View::$simple_login is deprecated in APPPATH\Views\admin\layout\wrapper.php on line 4.
 1 SYSTEMPATH\View\View.php(228): include('C:\\xampp\\htdocs\\webspp\\app\\Views\\admin\\layout\\wrapper.php')
 2 SYSTEMPATH\View\View.php(231): CodeIgniter\View\View->CodeIgniter\View\{closure}()
 3 SYSTEMPATH\Common.php(1178): CodeIgniter\View\View->render('admin/layout/wrapper', [], true)
 4 APPPATH\Controllers\Admin\Dasbor.php(14): view('admin/layout/wrapper', [...])
 5 SYSTEMPATH\CodeIgniter.php(941): App\Controllers\Admin\Dasbor->index()
 6 SYSTEMPATH\CodeIgniter.php(502): CodeIgniter\CodeIgniter->runController(Object(App\Controllers\Admin\Dasbor))
 7 SYSTEMPATH\CodeIgniter.php(361): CodeIgniter\CodeIgniter->handleRequest(null, Object(Config\Cache), false)
 8 FCPATH\index.php(36): CodeIgniter\CodeIgniter->run()
 9 ROOTPATH\index.php(7): require_once('C:\\xampp\\htdocs\\webspp\\public\\index.php')
WARNING - 2025-06-16 05:04:13 --> [DEPRECATED] Creation of dynamic property CodeIgniter\View\View::$website is deprecated in APPPATH\Views\admin\layout\wrapper.php on line 5.
 1 SYSTEMPATH\View\View.php(228): include('C:\\xampp\\htdocs\\webspp\\app\\Views\\admin\\layout\\wrapper.php')
 2 SYSTEMPATH\View\View.php(231): CodeIgniter\View\View->CodeIgniter\View\{closure}()
 3 SYSTEMPATH\Common.php(1178): CodeIgniter\View\View->render('admin/layout/wrapper', [], true)
 4 APPPATH\Controllers\Admin\Dasbor.php(14): view('admin/layout/wrapper', [...])
 5 SYSTEMPATH\CodeIgniter.php(941): App\Controllers\Admin\Dasbor->index()
 6 SYSTEMPATH\CodeIgniter.php(502): CodeIgniter\CodeIgniter->runController(Object(App\Controllers\Admin\Dasbor))
 7 SYSTEMPATH\CodeIgniter.php(361): CodeIgniter\CodeIgniter->handleRequest(null, Object(Config\Cache), false)
 8 FCPATH\index.php(36): CodeIgniter\CodeIgniter->run()
 9 ROOTPATH\index.php(7): require_once('C:\\xampp\\htdocs\\webspp\\public\\index.php')
WARNING - 2025-06-16 05:04:13 --> [DEPRECATED] Creation of dynamic property CodeIgniter\View\View::$session is deprecated in APPPATH\Views\admin\layout\wrapper.php on line 6.
 1 SYSTEMPATH\View\View.php(228): include('C:\\xampp\\htdocs\\webspp\\app\\Views\\admin\\layout\\wrapper.php')
 2 SYSTEMPATH\View\View.php(231): CodeIgniter\View\View->CodeIgniter\View\{closure}()
 3 SYSTEMPATH\Common.php(1178): CodeIgniter\View\View->render('admin/layout/wrapper', [], true)
 4 APPPATH\Controllers\Admin\Dasbor.php(14): view('admin/layout/wrapper', [...])
 5 SYSTEMPATH\CodeIgniter.php(941): App\Controllers\Admin\Dasbor->index()
 6 SYSTEMPATH\CodeIgniter.php(502): CodeIgniter\CodeIgniter->runController(Object(App\Controllers\Admin\Dasbor))
 7 SYSTEMPATH\CodeIgniter.php(361): CodeIgniter\CodeIgniter->handleRequest(null, Object(Config\Cache), false)
 8 FCPATH\index.php(36): CodeIgniter\CodeIgniter->run()
 9 ROOTPATH\index.php(7): require_once('C:\\xampp\\htdocs\\webspp\\public\\index.php')
WARNING - 2025-06-16 05:04:13 --> [DEPRECATED] Creation of dynamic property App\Libraries\Simple_login::$session is deprecated in APPPATH\Libraries\Simple_login.php on line 130.
 1 APPPATH\Views\admin\layout\wrapper.php(8): App\Libraries\Simple_login->checklogin()
 2 SYSTEMPATH\View\View.php(228): include('C:\\xampp\\htdocs\\webspp\\app\\Views\\admin\\layout\\wrapper.php')
 3 SYSTEMPATH\View\View.php(231): CodeIgniter\View\View->CodeIgniter\View\{closure}()
 4 SYSTEMPATH\Common.php(1178): CodeIgniter\View\View->render('admin/layout/wrapper', [], true)
 5 APPPATH\Controllers\Admin\Dasbor.php(14): view('admin/layout/wrapper', [...])
 6 SYSTEMPATH\CodeIgniter.php(941): App\Controllers\Admin\Dasbor->index()
 7 SYSTEMPATH\CodeIgniter.php(502): CodeIgniter\CodeIgniter->runController(Object(App\Controllers\Admin\Dasbor))
 8 SYSTEMPATH\CodeIgniter.php(361): CodeIgniter\CodeIgniter->handleRequest(null, Object(Config\Cache), false)
 9 FCPATH\index.php(36): CodeIgniter\CodeIgniter->run()
10 ROOTPATH\index.php(7): require_once('C:\\xampp\\htdocs\\webspp\\public\\index.php')
CRITICAL - 2025-06-16 05:04:23 --> ErrorException: Undefined property: CodeIgniter\Router\AutoRouter::$request
in APPPATH\Controllers\Admin\Siswa.php on line 335.
 1 APPPATH\Controllers\Admin\Siswa.php(335): CodeIgniter\Debug\Exceptions->errorHandler(2, 'Undefined property: CodeIgniter\\Router\\AutoRouter::$request', 'C:\\xampp\\htdocs\\webspp\\app\\Controllers\\Admin\\Siswa.php', 335)
 2 SYSTEMPATH\Router\AutoRouter.php(162): include_once('C:\\xampp\\htdocs\\webspp\\app\\Controllers\\Admin\\Siswa.php')
 3 SYSTEMPATH\Router\Router.php(515): CodeIgniter\Router\AutoRouter->getRoute('admin/siswa', 'get')
 4 SYSTEMPATH\Router\Router.php(211): CodeIgniter\Router\Router->autoRoute('admin/siswa')
 5 SYSTEMPATH\CodeIgniter.php(823): CodeIgniter\Router\Router->handle('admin/siswa')
 6 SYSTEMPATH\CodeIgniter.php(450): CodeIgniter\CodeIgniter->tryToRouteIt(Object(CodeIgniter\Router\RouteCollection))
 7 SYSTEMPATH\CodeIgniter.php(361): CodeIgniter\CodeIgniter->handleRequest(null, Object(Config\Cache), false)
 8 FCPATH\index.php(36): CodeIgniter\CodeIgniter->run()
 9 ROOTPATH\index.php(7): require_once('C:\\xampp\\htdocs\\webspp\\public\\index.php')
INFO - 2025-06-16 05:06:51 --> Session: Class initialized using 'CodeIgniter\Session\Handlers\FileHandler' driver.
WARNING - 2025-06-16 05:06:52 --> [DEPRECATED] Creation of dynamic property CodeIgniter\View\View::$simple_login is deprecated in APPPATH\Views\admin\layout\wrapper.php on line 4.
 1 SYSTEMPATH\View\View.php(228): include('C:\\xampp\\htdocs\\webspp\\app\\Views\\admin\\layout\\wrapper.php')
 2 SYSTEMPATH\View\View.php(231): CodeIgniter\View\View->CodeIgniter\View\{closure}()
 3 SYSTEMPATH\Common.php(1178): CodeIgniter\View\View->render('admin/layout/wrapper', [], true)
 4 APPPATH\Controllers\Admin\Siswa.php(53): view('admin/layout/wrapper', [...])
 5 SYSTEMPATH\CodeIgniter.php(941): App\Controllers\Admin\Siswa->index()
 6 SYSTEMPATH\CodeIgniter.php(502): CodeIgniter\CodeIgniter->runController(Object(App\Controllers\Admin\Siswa))
 7 SYSTEMPATH\CodeIgniter.php(361): CodeIgniter\CodeIgniter->handleRequest(null, Object(Config\Cache), false)
 8 FCPATH\index.php(36): CodeIgniter\CodeIgniter->run()
 9 ROOTPATH\index.php(7): require_once('C:\\xampp\\htdocs\\webspp\\public\\index.php')
WARNING - 2025-06-16 05:06:52 --> [DEPRECATED] Creation of dynamic property CodeIgniter\View\View::$website is deprecated in APPPATH\Views\admin\layout\wrapper.php on line 5.
 1 SYSTEMPATH\View\View.php(228): include('C:\\xampp\\htdocs\\webspp\\app\\Views\\admin\\layout\\wrapper.php')
 2 SYSTEMPATH\View\View.php(231): CodeIgniter\View\View->CodeIgniter\View\{closure}()
 3 SYSTEMPATH\Common.php(1178): CodeIgniter\View\View->render('admin/layout/wrapper', [], true)
 4 APPPATH\Controllers\Admin\Siswa.php(53): view('admin/layout/wrapper', [...])
 5 SYSTEMPATH\CodeIgniter.php(941): App\Controllers\Admin\Siswa->index()
 6 SYSTEMPATH\CodeIgniter.php(502): CodeIgniter\CodeIgniter->runController(Object(App\Controllers\Admin\Siswa))
 7 SYSTEMPATH\CodeIgniter.php(361): CodeIgniter\CodeIgniter->handleRequest(null, Object(Config\Cache), false)
 8 FCPATH\index.php(36): CodeIgniter\CodeIgniter->run()
 9 ROOTPATH\index.php(7): require_once('C:\\xampp\\htdocs\\webspp\\public\\index.php')
WARNING - 2025-06-16 05:06:52 --> [DEPRECATED] Creation of dynamic property CodeIgniter\View\View::$session is deprecated in APPPATH\Views\admin\layout\wrapper.php on line 6.
 1 SYSTEMPATH\View\View.php(228): include('C:\\xampp\\htdocs\\webspp\\app\\Views\\admin\\layout\\wrapper.php')
 2 SYSTEMPATH\View\View.php(231): CodeIgniter\View\View->CodeIgniter\View\{closure}()
 3 SYSTEMPATH\Common.php(1178): CodeIgniter\View\View->render('admin/layout/wrapper', [], true)
 4 APPPATH\Controllers\Admin\Siswa.php(53): view('admin/layout/wrapper', [...])
 5 SYSTEMPATH\CodeIgniter.php(941): App\Controllers\Admin\Siswa->index()
 6 SYSTEMPATH\CodeIgniter.php(502): CodeIgniter\CodeIgniter->runController(Object(App\Controllers\Admin\Siswa))
 7 SYSTEMPATH\CodeIgniter.php(361): CodeIgniter\CodeIgniter->handleRequest(null, Object(Config\Cache), false)
 8 FCPATH\index.php(36): CodeIgniter\CodeIgniter->run()
 9 ROOTPATH\index.php(7): require_once('C:\\xampp\\htdocs\\webspp\\public\\index.php')
WARNING - 2025-06-16 05:06:52 --> [DEPRECATED] Creation of dynamic property App\Libraries\Simple_login::$session is deprecated in APPPATH\Libraries\Simple_login.php on line 130.
 1 APPPATH\Views\admin\layout\wrapper.php(8): App\Libraries\Simple_login->checklogin()
 2 SYSTEMPATH\View\View.php(228): include('C:\\xampp\\htdocs\\webspp\\app\\Views\\admin\\layout\\wrapper.php')
 3 SYSTEMPATH\View\View.php(231): CodeIgniter\View\View->CodeIgniter\View\{closure}()
 4 SYSTEMPATH\Common.php(1178): CodeIgniter\View\View->render('admin/layout/wrapper', [], true)
 5 APPPATH\Controllers\Admin\Siswa.php(53): view('admin/layout/wrapper', [...])
 6 SYSTEMPATH\CodeIgniter.php(941): App\Controllers\Admin\Siswa->index()
 7 SYSTEMPATH\CodeIgniter.php(502): CodeIgniter\CodeIgniter->runController(Object(App\Controllers\Admin\Siswa))
 8 SYSTEMPATH\CodeIgniter.php(361): CodeIgniter\CodeIgniter->handleRequest(null, Object(Config\Cache), false)
 9 FCPATH\index.php(36): CodeIgniter\CodeIgniter->run()
10 ROOTPATH\index.php(7): require_once('C:\\xampp\\htdocs\\webspp\\public\\index.php')
INFO - 2025-06-16 05:06:56 --> Session: Class initialized using 'CodeIgniter\Session\Handlers\FileHandler' driver.
WARNING - 2025-06-16 05:06:56 --> [DEPRECATED] Creation of dynamic property CodeIgniter\View\View::$simple_login is deprecated in APPPATH\Views\admin\layout\wrapper.php on line 4.
 1 SYSTEMPATH\View\View.php(228): include('C:\\xampp\\htdocs\\webspp\\app\\Views\\admin\\layout\\wrapper.php')
 2 SYSTEMPATH\View\View.php(231): CodeIgniter\View\View->CodeIgniter\View\{closure}()
 3 SYSTEMPATH\Common.php(1178): CodeIgniter\View\View->render('admin/layout/wrapper', [], true)
 4 APPPATH\Controllers\Admin\Siswa.php(119): view('admin/layout/wrapper', [...])
 5 SYSTEMPATH\CodeIgniter.php(941): App\Controllers\Admin\Siswa->tambah()
 6 SYSTEMPATH\CodeIgniter.php(502): CodeIgniter\CodeIgniter->runController(Object(App\Controllers\Admin\Siswa))
 7 SYSTEMPATH\CodeIgniter.php(361): CodeIgniter\CodeIgniter->handleRequest(null, Object(Config\Cache), false)
 8 FCPATH\index.php(36): CodeIgniter\CodeIgniter->run()
 9 ROOTPATH\index.php(7): require_once('C:\\xampp\\htdocs\\webspp\\public\\index.php')
WARNING - 2025-06-16 05:06:56 --> [DEPRECATED] Creation of dynamic property CodeIgniter\View\View::$website is deprecated in APPPATH\Views\admin\layout\wrapper.php on line 5.
 1 SYSTEMPATH\View\View.php(228): include('C:\\xampp\\htdocs\\webspp\\app\\Views\\admin\\layout\\wrapper.php')
 2 SYSTEMPATH\View\View.php(231): CodeIgniter\View\View->CodeIgniter\View\{closure}()
 3 SYSTEMPATH\Common.php(1178): CodeIgniter\View\View->render('admin/layout/wrapper', [], true)
 4 APPPATH\Controllers\Admin\Siswa.php(119): view('admin/layout/wrapper', [...])
 5 SYSTEMPATH\CodeIgniter.php(941): App\Controllers\Admin\Siswa->tambah()
 6 SYSTEMPATH\CodeIgniter.php(502): CodeIgniter\CodeIgniter->runController(Object(App\Controllers\Admin\Siswa))
 7 SYSTEMPATH\CodeIgniter.php(361): CodeIgniter\CodeIgniter->handleRequest(null, Object(Config\Cache), false)
 8 FCPATH\index.php(36): CodeIgniter\CodeIgniter->run()
 9 ROOTPATH\index.php(7): require_once('C:\\xampp\\htdocs\\webspp\\public\\index.php')
WARNING - 2025-06-16 05:06:56 --> [DEPRECATED] Creation of dynamic property CodeIgniter\View\View::$session is deprecated in APPPATH\Views\admin\layout\wrapper.php on line 6.
 1 SYSTEMPATH\View\View.php(228): include('C:\\xampp\\htdocs\\webspp\\app\\Views\\admin\\layout\\wrapper.php')
 2 SYSTEMPATH\View\View.php(231): CodeIgniter\View\View->CodeIgniter\View\{closure}()
 3 SYSTEMPATH\Common.php(1178): CodeIgniter\View\View->render('admin/layout/wrapper', [], true)
 4 APPPATH\Controllers\Admin\Siswa.php(119): view('admin/layout/wrapper', [...])
 5 SYSTEMPATH\CodeIgniter.php(941): App\Controllers\Admin\Siswa->tambah()
 6 SYSTEMPATH\CodeIgniter.php(502): CodeIgniter\CodeIgniter->runController(Object(App\Controllers\Admin\Siswa))
 7 SYSTEMPATH\CodeIgniter.php(361): CodeIgniter\CodeIgniter->handleRequest(null, Object(Config\Cache), false)
 8 FCPATH\index.php(36): CodeIgniter\CodeIgniter->run()
 9 ROOTPATH\index.php(7): require_once('C:\\xampp\\htdocs\\webspp\\public\\index.php')
WARNING - 2025-06-16 05:06:56 --> [DEPRECATED] Creation of dynamic property App\Libraries\Simple_login::$session is deprecated in APPPATH\Libraries\Simple_login.php on line 130.
 1 APPPATH\Views\admin\layout\wrapper.php(8): App\Libraries\Simple_login->checklogin()
 2 SYSTEMPATH\View\View.php(228): include('C:\\xampp\\htdocs\\webspp\\app\\Views\\admin\\layout\\wrapper.php')
 3 SYSTEMPATH\View\View.php(231): CodeIgniter\View\View->CodeIgniter\View\{closure}()
 4 SYSTEMPATH\Common.php(1178): CodeIgniter\View\View->render('admin/layout/wrapper', [], true)
 5 APPPATH\Controllers\Admin\Siswa.php(119): view('admin/layout/wrapper', [...])
 6 SYSTEMPATH\CodeIgniter.php(941): App\Controllers\Admin\Siswa->tambah()
 7 SYSTEMPATH\CodeIgniter.php(502): CodeIgniter\CodeIgniter->runController(Object(App\Controllers\Admin\Siswa))
 8 SYSTEMPATH\CodeIgniter.php(361): CodeIgniter\CodeIgniter->handleRequest(null, Object(Config\Cache), false)
 9 FCPATH\index.php(36): CodeIgniter\CodeIgniter->run()
10 ROOTPATH\index.php(7): require_once('C:\\xampp\\htdocs\\webspp\\public\\index.php')
INFO - 2025-06-16 05:06:58 --> Session: Class initialized using 'CodeIgniter\Session\Handlers\FileHandler' driver.
WARNING - 2025-06-16 05:06:58 --> [DEPRECATED] Creation of dynamic property CodeIgniter\View\View::$simple_login is deprecated in APPPATH\Views\admin\layout\wrapper.php on line 4.
 1 SYSTEMPATH\View\View.php(228): include('C:\\xampp\\htdocs\\webspp\\app\\Views\\admin\\layout\\wrapper.php')
 2 SYSTEMPATH\View\View.php(231): CodeIgniter\View\View->CodeIgniter\View\{closure}()
 3 SYSTEMPATH\Common.php(1178): CodeIgniter\View\View->render('admin/layout/wrapper', [], true)
 4 APPPATH\Controllers\Admin\Siswa.php(119): view('admin/layout/wrapper', [...])
 5 SYSTEMPATH\CodeIgniter.php(941): App\Controllers\Admin\Siswa->tambah()
 6 SYSTEMPATH\CodeIgniter.php(502): CodeIgniter\CodeIgniter->runController(Object(App\Controllers\Admin\Siswa))
 7 SYSTEMPATH\CodeIgniter.php(361): CodeIgniter\CodeIgniter->handleRequest(null, Object(Config\Cache), false)
 8 FCPATH\index.php(36): CodeIgniter\CodeIgniter->run()
 9 ROOTPATH\index.php(7): require_once('C:\\xampp\\htdocs\\webspp\\public\\index.php')
WARNING - 2025-06-16 05:06:58 --> [DEPRECATED] Creation of dynamic property CodeIgniter\View\View::$website is deprecated in APPPATH\Views\admin\layout\wrapper.php on line 5.
 1 SYSTEMPATH\View\View.php(228): include('C:\\xampp\\htdocs\\webspp\\app\\Views\\admin\\layout\\wrapper.php')
 2 SYSTEMPATH\View\View.php(231): CodeIgniter\View\View->CodeIgniter\View\{closure}()
 3 SYSTEMPATH\Common.php(1178): CodeIgniter\View\View->render('admin/layout/wrapper', [], true)
 4 APPPATH\Controllers\Admin\Siswa.php(119): view('admin/layout/wrapper', [...])
 5 SYSTEMPATH\CodeIgniter.php(941): App\Controllers\Admin\Siswa->tambah()
 6 SYSTEMPATH\CodeIgniter.php(502): CodeIgniter\CodeIgniter->runController(Object(App\Controllers\Admin\Siswa))
 7 SYSTEMPATH\CodeIgniter.php(361): CodeIgniter\CodeIgniter->handleRequest(null, Object(Config\Cache), false)
 8 FCPATH\index.php(36): CodeIgniter\CodeIgniter->run()
 9 ROOTPATH\index.php(7): require_once('C:\\xampp\\htdocs\\webspp\\public\\index.php')
WARNING - 2025-06-16 05:06:58 --> [DEPRECATED] Creation of dynamic property CodeIgniter\View\View::$session is deprecated in APPPATH\Views\admin\layout\wrapper.php on line 6.
 1 SYSTEMPATH\View\View.php(228): include('C:\\xampp\\htdocs\\webspp\\app\\Views\\admin\\layout\\wrapper.php')
 2 SYSTEMPATH\View\View.php(231): CodeIgniter\View\View->CodeIgniter\View\{closure}()
 3 SYSTEMPATH\Common.php(1178): CodeIgniter\View\View->render('admin/layout/wrapper', [], true)
 4 APPPATH\Controllers\Admin\Siswa.php(119): view('admin/layout/wrapper', [...])
 5 SYSTEMPATH\CodeIgniter.php(941): App\Controllers\Admin\Siswa->tambah()
 6 SYSTEMPATH\CodeIgniter.php(502): CodeIgniter\CodeIgniter->runController(Object(App\Controllers\Admin\Siswa))
 7 SYSTEMPATH\CodeIgniter.php(361): CodeIgniter\CodeIgniter->handleRequest(null, Object(Config\Cache), false)
 8 FCPATH\index.php(36): CodeIgniter\CodeIgniter->run()
 9 ROOTPATH\index.php(7): require_once('C:\\xampp\\htdocs\\webspp\\public\\index.php')
WARNING - 2025-06-16 05:06:58 --> [DEPRECATED] Creation of dynamic property App\Libraries\Simple_login::$session is deprecated in APPPATH\Libraries\Simple_login.php on line 130.
 1 APPPATH\Views\admin\layout\wrapper.php(8): App\Libraries\Simple_login->checklogin()
 2 SYSTEMPATH\View\View.php(228): include('C:\\xampp\\htdocs\\webspp\\app\\Views\\admin\\layout\\wrapper.php')
 3 SYSTEMPATH\View\View.php(231): CodeIgniter\View\View->CodeIgniter\View\{closure}()
 4 SYSTEMPATH\Common.php(1178): CodeIgniter\View\View->render('admin/layout/wrapper', [], true)
 5 APPPATH\Controllers\Admin\Siswa.php(119): view('admin/layout/wrapper', [...])
 6 SYSTEMPATH\CodeIgniter.php(941): App\Controllers\Admin\Siswa->tambah()
 7 SYSTEMPATH\CodeIgniter.php(502): CodeIgniter\CodeIgniter->runController(Object(App\Controllers\Admin\Siswa))
 8 SYSTEMPATH\CodeIgniter.php(361): CodeIgniter\CodeIgniter->handleRequest(null, Object(Config\Cache), false)
 9 FCPATH\index.php(36): CodeIgniter\CodeIgniter->run()
10 ROOTPATH\index.php(7): require_once('C:\\xampp\\htdocs\\webspp\\public\\index.php')
INFO - 2025-06-16 05:07:09 --> Session: Class initialized using 'CodeIgniter\Session\Handlers\FileHandler' driver.
WARNING - 2025-06-16 05:07:09 --> [DEPRECATED] Creation of dynamic property CodeIgniter\View\View::$simple_login is deprecated in APPPATH\Views\admin\layout\wrapper.php on line 4.
 1 SYSTEMPATH\View\View.php(228): include('C:\\xampp\\htdocs\\webspp\\app\\Views\\admin\\layout\\wrapper.php')
 2 SYSTEMPATH\View\View.php(231): CodeIgniter\View\View->CodeIgniter\View\{closure}()
 3 SYSTEMPATH\Common.php(1178): CodeIgniter\View\View->render('admin/layout/wrapper', [], true)
 4 APPPATH\Controllers\Admin\Siswa.php(53): view('admin/layout/wrapper', [...])
 5 SYSTEMPATH\CodeIgniter.php(941): App\Controllers\Admin\Siswa->index()
 6 SYSTEMPATH\CodeIgniter.php(502): CodeIgniter\CodeIgniter->runController(Object(App\Controllers\Admin\Siswa))
 7 SYSTEMPATH\CodeIgniter.php(361): CodeIgniter\CodeIgniter->handleRequest(null, Object(Config\Cache), false)
 8 FCPATH\index.php(36): CodeIgniter\CodeIgniter->run()
 9 ROOTPATH\index.php(7): require_once('C:\\xampp\\htdocs\\webspp\\public\\index.php')
WARNING - 2025-06-16 05:07:09 --> [DEPRECATED] Creation of dynamic property CodeIgniter\View\View::$website is deprecated in APPPATH\Views\admin\layout\wrapper.php on line 5.
 1 SYSTEMPATH\View\View.php(228): include('C:\\xampp\\htdocs\\webspp\\app\\Views\\admin\\layout\\wrapper.php')
 2 SYSTEMPATH\View\View.php(231): CodeIgniter\View\View->CodeIgniter\View\{closure}()
 3 SYSTEMPATH\Common.php(1178): CodeIgniter\View\View->render('admin/layout/wrapper', [], true)
 4 APPPATH\Controllers\Admin\Siswa.php(53): view('admin/layout/wrapper', [...])
 5 SYSTEMPATH\CodeIgniter.php(941): App\Controllers\Admin\Siswa->index()
 6 SYSTEMPATH\CodeIgniter.php(502): CodeIgniter\CodeIgniter->runController(Object(App\Controllers\Admin\Siswa))
 7 SYSTEMPATH\CodeIgniter.php(361): CodeIgniter\CodeIgniter->handleRequest(null, Object(Config\Cache), false)
 8 FCPATH\index.php(36): CodeIgniter\CodeIgniter->run()
 9 ROOTPATH\index.php(7): require_once('C:\\xampp\\htdocs\\webspp\\public\\index.php')
WARNING - 2025-06-16 05:07:09 --> [DEPRECATED] Creation of dynamic property CodeIgniter\View\View::$session is deprecated in APPPATH\Views\admin\layout\wrapper.php on line 6.
 1 SYSTEMPATH\View\View.php(228): include('C:\\xampp\\htdocs\\webspp\\app\\Views\\admin\\layout\\wrapper.php')
 2 SYSTEMPATH\View\View.php(231): CodeIgniter\View\View->CodeIgniter\View\{closure}()
 3 SYSTEMPATH\Common.php(1178): CodeIgniter\View\View->render('admin/layout/wrapper', [], true)
 4 APPPATH\Controllers\Admin\Siswa.php(53): view('admin/layout/wrapper', [...])
 5 SYSTEMPATH\CodeIgniter.php(941): App\Controllers\Admin\Siswa->index()
 6 SYSTEMPATH\CodeIgniter.php(502): CodeIgniter\CodeIgniter->runController(Object(App\Controllers\Admin\Siswa))
 7 SYSTEMPATH\CodeIgniter.php(361): CodeIgniter\CodeIgniter->handleRequest(null, Object(Config\Cache), false)
 8 FCPATH\index.php(36): CodeIgniter\CodeIgniter->run()
 9 ROOTPATH\index.php(7): require_once('C:\\xampp\\htdocs\\webspp\\public\\index.php')
WARNING - 2025-06-16 05:07:09 --> [DEPRECATED] Creation of dynamic property App\Libraries\Simple_login::$session is deprecated in APPPATH\Libraries\Simple_login.php on line 130.
 1 APPPATH\Views\admin\layout\wrapper.php(8): App\Libraries\Simple_login->checklogin()
 2 SYSTEMPATH\View\View.php(228): include('C:\\xampp\\htdocs\\webspp\\app\\Views\\admin\\layout\\wrapper.php')
 3 SYSTEMPATH\View\View.php(231): CodeIgniter\View\View->CodeIgniter\View\{closure}()
 4 SYSTEMPATH\Common.php(1178): CodeIgniter\View\View->render('admin/layout/wrapper', [], true)
 5 APPPATH\Controllers\Admin\Siswa.php(53): view('admin/layout/wrapper', [...])
 6 SYSTEMPATH\CodeIgniter.php(941): App\Controllers\Admin\Siswa->index()
 7 SYSTEMPATH\CodeIgniter.php(502): CodeIgniter\CodeIgniter->runController(Object(App\Controllers\Admin\Siswa))
 8 SYSTEMPATH\CodeIgniter.php(361): CodeIgniter\CodeIgniter->handleRequest(null, Object(Config\Cache), false)
 9 FCPATH\index.php(36): CodeIgniter\CodeIgniter->run()
10 ROOTPATH\index.php(7): require_once('C:\\xampp\\htdocs\\webspp\\public\\index.php')
INFO - 2025-06-16 05:09:18 --> Session: Class initialized using 'CodeIgniter\Session\Handlers\FileHandler' driver.
WARNING - 2025-06-16 05:09:18 --> [DEPRECATED] Creation of dynamic property CodeIgniter\View\View::$simple_login is deprecated in APPPATH\Views\admin\layout\wrapper.php on line 4.
 1 SYSTEMPATH\View\View.php(228): include('C:\\xampp\\htdocs\\webspp\\app\\Views\\admin\\layout\\wrapper.php')
 2 SYSTEMPATH\View\View.php(231): CodeIgniter\View\View->CodeIgniter\View\{closure}()
 3 SYSTEMPATH\Common.php(1178): CodeIgniter\View\View->render('admin/layout/wrapper', [], true)
 4 APPPATH\Controllers\Admin\Siswa.php(53): view('admin/layout/wrapper', [...])
 5 SYSTEMPATH\CodeIgniter.php(941): App\Controllers\Admin\Siswa->index()
 6 SYSTEMPATH\CodeIgniter.php(502): CodeIgniter\CodeIgniter->runController(Object(App\Controllers\Admin\Siswa))
 7 SYSTEMPATH\CodeIgniter.php(361): CodeIgniter\CodeIgniter->handleRequest(null, Object(Config\Cache), false)
 8 FCPATH\index.php(36): CodeIgniter\CodeIgniter->run()
 9 ROOTPATH\index.php(7): require_once('C:\\xampp\\htdocs\\webspp\\public\\index.php')
WARNING - 2025-06-16 05:09:18 --> [DEPRECATED] Creation of dynamic property CodeIgniter\View\View::$website is deprecated in APPPATH\Views\admin\layout\wrapper.php on line 5.
 1 SYSTEMPATH\View\View.php(228): include('C:\\xampp\\htdocs\\webspp\\app\\Views\\admin\\layout\\wrapper.php')
 2 SYSTEMPATH\View\View.php(231): CodeIgniter\View\View->CodeIgniter\View\{closure}()
 3 SYSTEMPATH\Common.php(1178): CodeIgniter\View\View->render('admin/layout/wrapper', [], true)
 4 APPPATH\Controllers\Admin\Siswa.php(53): view('admin/layout/wrapper', [...])
 5 SYSTEMPATH\CodeIgniter.php(941): App\Controllers\Admin\Siswa->index()
 6 SYSTEMPATH\CodeIgniter.php(502): CodeIgniter\CodeIgniter->runController(Object(App\Controllers\Admin\Siswa))
 7 SYSTEMPATH\CodeIgniter.php(361): CodeIgniter\CodeIgniter->handleRequest(null, Object(Config\Cache), false)
 8 FCPATH\index.php(36): CodeIgniter\CodeIgniter->run()
 9 ROOTPATH\index.php(7): require_once('C:\\xampp\\htdocs\\webspp\\public\\index.php')
WARNING - 2025-06-16 05:09:18 --> [DEPRECATED] Creation of dynamic property CodeIgniter\View\View::$session is deprecated in APPPATH\Views\admin\layout\wrapper.php on line 6.
 1 SYSTEMPATH\View\View.php(228): include('C:\\xampp\\htdocs\\webspp\\app\\Views\\admin\\layout\\wrapper.php')
 2 SYSTEMPATH\View\View.php(231): CodeIgniter\View\View->CodeIgniter\View\{closure}()
 3 SYSTEMPATH\Common.php(1178): CodeIgniter\View\View->render('admin/layout/wrapper', [], true)
 4 APPPATH\Controllers\Admin\Siswa.php(53): view('admin/layout/wrapper', [...])
 5 SYSTEMPATH\CodeIgniter.php(941): App\Controllers\Admin\Siswa->index()
 6 SYSTEMPATH\CodeIgniter.php(502): CodeIgniter\CodeIgniter->runController(Object(App\Controllers\Admin\Siswa))
 7 SYSTEMPATH\CodeIgniter.php(361): CodeIgniter\CodeIgniter->handleRequest(null, Object(Config\Cache), false)
 8 FCPATH\index.php(36): CodeIgniter\CodeIgniter->run()
 9 ROOTPATH\index.php(7): require_once('C:\\xampp\\htdocs\\webspp\\public\\index.php')
WARNING - 2025-06-16 05:09:18 --> [DEPRECATED] Creation of dynamic property App\Libraries\Simple_login::$session is deprecated in APPPATH\Libraries\Simple_login.php on line 130.
 1 APPPATH\Views\admin\layout\wrapper.php(8): App\Libraries\Simple_login->checklogin()
 2 SYSTEMPATH\View\View.php(228): include('C:\\xampp\\htdocs\\webspp\\app\\Views\\admin\\layout\\wrapper.php')
 3 SYSTEMPATH\View\View.php(231): CodeIgniter\View\View->CodeIgniter\View\{closure}()
 4 SYSTEMPATH\Common.php(1178): CodeIgniter\View\View->render('admin/layout/wrapper', [], true)
 5 APPPATH\Controllers\Admin\Siswa.php(53): view('admin/layout/wrapper', [...])
 6 SYSTEMPATH\CodeIgniter.php(941): App\Controllers\Admin\Siswa->index()
 7 SYSTEMPATH\CodeIgniter.php(502): CodeIgniter\CodeIgniter->runController(Object(App\Controllers\Admin\Siswa))
 8 SYSTEMPATH\CodeIgniter.php(361): CodeIgniter\CodeIgniter->handleRequest(null, Object(Config\Cache), false)
 9 FCPATH\index.php(36): CodeIgniter\CodeIgniter->run()
10 ROOTPATH\index.php(7): require_once('C:\\xampp\\htdocs\\webspp\\public\\index.php')
INFO - 2025-06-16 05:09:21 --> Session: Class initialized using 'CodeIgniter\Session\Handlers\FileHandler' driver.
WARNING - 2025-06-16 05:09:22 --> [DEPRECATED] Creation of dynamic property CodeIgniter\View\View::$simple_login is deprecated in APPPATH\Views\admin\layout\wrapper.php on line 4.
 1 SYSTEMPATH\View\View.php(228): include('C:\\xampp\\htdocs\\webspp\\app\\Views\\admin\\layout\\wrapper.php')
 2 SYSTEMPATH\View\View.php(231): CodeIgniter\View\View->CodeIgniter\View\{closure}()
 3 SYSTEMPATH\Common.php(1178): CodeIgniter\View\View->render('admin/layout/wrapper', [], true)
 4 APPPATH\Controllers\Admin\Siswa.php(120): view('admin/layout/wrapper', [...])
 5 SYSTEMPATH\CodeIgniter.php(941): App\Controllers\Admin\Siswa->tambah()
 6 SYSTEMPATH\CodeIgniter.php(502): CodeIgniter\CodeIgniter->runController(Object(App\Controllers\Admin\Siswa))
 7 SYSTEMPATH\CodeIgniter.php(361): CodeIgniter\CodeIgniter->handleRequest(null, Object(Config\Cache), false)
 8 FCPATH\index.php(36): CodeIgniter\CodeIgniter->run()
 9 ROOTPATH\index.php(7): require_once('C:\\xampp\\htdocs\\webspp\\public\\index.php')
WARNING - 2025-06-16 05:09:22 --> [DEPRECATED] Creation of dynamic property CodeIgniter\View\View::$website is deprecated in APPPATH\Views\admin\layout\wrapper.php on line 5.
 1 SYSTEMPATH\View\View.php(228): include('C:\\xampp\\htdocs\\webspp\\app\\Views\\admin\\layout\\wrapper.php')
 2 SYSTEMPATH\View\View.php(231): CodeIgniter\View\View->CodeIgniter\View\{closure}()
 3 SYSTEMPATH\Common.php(1178): CodeIgniter\View\View->render('admin/layout/wrapper', [], true)
 4 APPPATH\Controllers\Admin\Siswa.php(120): view('admin/layout/wrapper', [...])
 5 SYSTEMPATH\CodeIgniter.php(941): App\Controllers\Admin\Siswa->tambah()
 6 SYSTEMPATH\CodeIgniter.php(502): CodeIgniter\CodeIgniter->runController(Object(App\Controllers\Admin\Siswa))
 7 SYSTEMPATH\CodeIgniter.php(361): CodeIgniter\CodeIgniter->handleRequest(null, Object(Config\Cache), false)
 8 FCPATH\index.php(36): CodeIgniter\CodeIgniter->run()
 9 ROOTPATH\index.php(7): require_once('C:\\xampp\\htdocs\\webspp\\public\\index.php')
WARNING - 2025-06-16 05:09:22 --> [DEPRECATED] Creation of dynamic property CodeIgniter\View\View::$session is deprecated in APPPATH\Views\admin\layout\wrapper.php on line 6.
 1 SYSTEMPATH\View\View.php(228): include('C:\\xampp\\htdocs\\webspp\\app\\Views\\admin\\layout\\wrapper.php')
 2 SYSTEMPATH\View\View.php(231): CodeIgniter\View\View->CodeIgniter\View\{closure}()
 3 SYSTEMPATH\Common.php(1178): CodeIgniter\View\View->render('admin/layout/wrapper', [], true)
 4 APPPATH\Controllers\Admin\Siswa.php(120): view('admin/layout/wrapper', [...])
 5 SYSTEMPATH\CodeIgniter.php(941): App\Controllers\Admin\Siswa->tambah()
 6 SYSTEMPATH\CodeIgniter.php(502): CodeIgniter\CodeIgniter->runController(Object(App\Controllers\Admin\Siswa))
 7 SYSTEMPATH\CodeIgniter.php(361): CodeIgniter\CodeIgniter->handleRequest(null, Object(Config\Cache), false)
 8 FCPATH\index.php(36): CodeIgniter\CodeIgniter->run()
 9 ROOTPATH\index.php(7): require_once('C:\\xampp\\htdocs\\webspp\\public\\index.php')
WARNING - 2025-06-16 05:09:22 --> [DEPRECATED] Creation of dynamic property App\Libraries\Simple_login::$session is deprecated in APPPATH\Libraries\Simple_login.php on line 130.
 1 APPPATH\Views\admin\layout\wrapper.php(8): App\Libraries\Simple_login->checklogin()
 2 SYSTEMPATH\View\View.php(228): include('C:\\xampp\\htdocs\\webspp\\app\\Views\\admin\\layout\\wrapper.php')
 3 SYSTEMPATH\View\View.php(231): CodeIgniter\View\View->CodeIgniter\View\{closure}()
 4 SYSTEMPATH\Common.php(1178): CodeIgniter\View\View->render('admin/layout/wrapper', [], true)
 5 APPPATH\Controllers\Admin\Siswa.php(120): view('admin/layout/wrapper', [...])
 6 SYSTEMPATH\CodeIgniter.php(941): App\Controllers\Admin\Siswa->tambah()
 7 SYSTEMPATH\CodeIgniter.php(502): CodeIgniter\CodeIgniter->runController(Object(App\Controllers\Admin\Siswa))
 8 SYSTEMPATH\CodeIgniter.php(361): CodeIgniter\CodeIgniter->handleRequest(null, Object(Config\Cache), false)
 9 FCPATH\index.php(36): CodeIgniter\CodeIgniter->run()
10 ROOTPATH\index.php(7): require_once('C:\\xampp\\htdocs\\webspp\\public\\index.php')
CRITICAL - 2025-06-16 05:09:22 --> ErrorException: Undefined variable $m_tahun
in APPPATH\Views\admin\siswa\tambah.php on line 101.
 1 APPPATH\Views\admin\siswa\tambah.php(101): CodeIgniter\Debug\Exceptions->errorHandler(2, 'Undefined variable $m_tahun', 'C:\\xampp\\htdocs\\webspp\\app\\Views\\admin\\siswa\\tambah.php', 101)
 2 SYSTEMPATH\View\View.php(228): include('C:\\xampp\\htdocs\\webspp\\app\\Views\\admin\\siswa\\tambah.php')
 3 SYSTEMPATH\View\View.php(231): CodeIgniter\View\View->CodeIgniter\View\{closure}()
 4 SYSTEMPATH\Common.php(1178): CodeIgniter\View\View->render('admin/siswa/tambah', [], true)
 5 APPPATH\Views\admin\layout\wrapper.php(13): view('admin/siswa/tambah')
 6 SYSTEMPATH\View\View.php(228): include('C:\\xampp\\htdocs\\webspp\\app\\Views\\admin\\layout\\wrapper.php')
 7 SYSTEMPATH\View\View.php(231): CodeIgniter\View\View->CodeIgniter\View\{closure}()
 8 SYSTEMPATH\Common.php(1178): CodeIgniter\View\View->render('admin/layout/wrapper', [], true)
 9 APPPATH\Controllers\Admin\Siswa.php(120): view('admin/layout/wrapper', [...])
10 SYSTEMPATH\CodeIgniter.php(941): App\Controllers\Admin\Siswa->tambah()
11 SYSTEMPATH\CodeIgniter.php(502): CodeIgniter\CodeIgniter->runController(Object(App\Controllers\Admin\Siswa))
12 SYSTEMPATH\CodeIgniter.php(361): CodeIgniter\CodeIgniter->handleRequest(null, Object(Config\Cache), false)
13 FCPATH\index.php(36): CodeIgniter\CodeIgniter->run()
14 ROOTPATH\index.php(7): require_once('C:\\xampp\\htdocs\\webspp\\public\\index.php')
INFO - 2025-06-16 05:09:25 --> Session: Class initialized using 'CodeIgniter\Session\Handlers\FileHandler' driver.
WARNING - 2025-06-16 05:09:25 --> [DEPRECATED] Creation of dynamic property CodeIgniter\View\View::$simple_login is deprecated in APPPATH\Views\admin\layout\wrapper.php on line 4.
 1 SYSTEMPATH\View\View.php(228): include('C:\\xampp\\htdocs\\webspp\\app\\Views\\admin\\layout\\wrapper.php')
 2 SYSTEMPATH\View\View.php(231): CodeIgniter\View\View->CodeIgniter\View\{closure}()
 3 SYSTEMPATH\Common.php(1178): CodeIgniter\View\View->render('admin/layout/wrapper', [], true)
 4 APPPATH\Controllers\Admin\Siswa.php(120): view('admin/layout/wrapper', [...])
 5 SYSTEMPATH\CodeIgniter.php(941): App\Controllers\Admin\Siswa->tambah()
 6 SYSTEMPATH\CodeIgniter.php(502): CodeIgniter\CodeIgniter->runController(Object(App\Controllers\Admin\Siswa))
 7 SYSTEMPATH\CodeIgniter.php(361): CodeIgniter\CodeIgniter->handleRequest(null, Object(Config\Cache), false)
 8 FCPATH\index.php(36): CodeIgniter\CodeIgniter->run()
 9 ROOTPATH\index.php(7): require_once('C:\\xampp\\htdocs\\webspp\\public\\index.php')
WARNING - 2025-06-16 05:09:25 --> [DEPRECATED] Creation of dynamic property CodeIgniter\View\View::$website is deprecated in APPPATH\Views\admin\layout\wrapper.php on line 5.
 1 SYSTEMPATH\View\View.php(228): include('C:\\xampp\\htdocs\\webspp\\app\\Views\\admin\\layout\\wrapper.php')
 2 SYSTEMPATH\View\View.php(231): CodeIgniter\View\View->CodeIgniter\View\{closure}()
 3 SYSTEMPATH\Common.php(1178): CodeIgniter\View\View->render('admin/layout/wrapper', [], true)
 4 APPPATH\Controllers\Admin\Siswa.php(120): view('admin/layout/wrapper', [...])
 5 SYSTEMPATH\CodeIgniter.php(941): App\Controllers\Admin\Siswa->tambah()
 6 SYSTEMPATH\CodeIgniter.php(502): CodeIgniter\CodeIgniter->runController(Object(App\Controllers\Admin\Siswa))
 7 SYSTEMPATH\CodeIgniter.php(361): CodeIgniter\CodeIgniter->handleRequest(null, Object(Config\Cache), false)
 8 FCPATH\index.php(36): CodeIgniter\CodeIgniter->run()
 9 ROOTPATH\index.php(7): require_once('C:\\xampp\\htdocs\\webspp\\public\\index.php')
WARNING - 2025-06-16 05:09:25 --> [DEPRECATED] Creation of dynamic property CodeIgniter\View\View::$session is deprecated in APPPATH\Views\admin\layout\wrapper.php on line 6.
 1 SYSTEMPATH\View\View.php(228): include('C:\\xampp\\htdocs\\webspp\\app\\Views\\admin\\layout\\wrapper.php')
 2 SYSTEMPATH\View\View.php(231): CodeIgniter\View\View->CodeIgniter\View\{closure}()
 3 SYSTEMPATH\Common.php(1178): CodeIgniter\View\View->render('admin/layout/wrapper', [], true)
 4 APPPATH\Controllers\Admin\Siswa.php(120): view('admin/layout/wrapper', [...])
 5 SYSTEMPATH\CodeIgniter.php(941): App\Controllers\Admin\Siswa->tambah()
 6 SYSTEMPATH\CodeIgniter.php(502): CodeIgniter\CodeIgniter->runController(Object(App\Controllers\Admin\Siswa))
 7 SYSTEMPATH\CodeIgniter.php(361): CodeIgniter\CodeIgniter->handleRequest(null, Object(Config\Cache), false)
 8 FCPATH\index.php(36): CodeIgniter\CodeIgniter->run()
 9 ROOTPATH\index.php(7): require_once('C:\\xampp\\htdocs\\webspp\\public\\index.php')
WARNING - 2025-06-16 05:09:25 --> [DEPRECATED] Creation of dynamic property App\Libraries\Simple_login::$session is deprecated in APPPATH\Libraries\Simple_login.php on line 130.
 1 APPPATH\Views\admin\layout\wrapper.php(8): App\Libraries\Simple_login->checklogin()
 2 SYSTEMPATH\View\View.php(228): include('C:\\xampp\\htdocs\\webspp\\app\\Views\\admin\\layout\\wrapper.php')
 3 SYSTEMPATH\View\View.php(231): CodeIgniter\View\View->CodeIgniter\View\{closure}()
 4 SYSTEMPATH\Common.php(1178): CodeIgniter\View\View->render('admin/layout/wrapper', [], true)
 5 APPPATH\Controllers\Admin\Siswa.php(120): view('admin/layout/wrapper', [...])
 6 SYSTEMPATH\CodeIgniter.php(941): App\Controllers\Admin\Siswa->tambah()
 7 SYSTEMPATH\CodeIgniter.php(502): CodeIgniter\CodeIgniter->runController(Object(App\Controllers\Admin\Siswa))
 8 SYSTEMPATH\CodeIgniter.php(361): CodeIgniter\CodeIgniter->handleRequest(null, Object(Config\Cache), false)
 9 FCPATH\index.php(36): CodeIgniter\CodeIgniter->run()
10 ROOTPATH\index.php(7): require_once('C:\\xampp\\htdocs\\webspp\\public\\index.php')
CRITICAL - 2025-06-16 05:09:25 --> ErrorException: Undefined variable $m_tahun
in APPPATH\Views\admin\siswa\tambah.php on line 101.
 1 APPPATH\Views\admin\siswa\tambah.php(101): CodeIgniter\Debug\Exceptions->errorHandler(2, 'Undefined variable $m_tahun', 'C:\\xampp\\htdocs\\webspp\\app\\Views\\admin\\siswa\\tambah.php', 101)
 2 SYSTEMPATH\View\View.php(228): include('C:\\xampp\\htdocs\\webspp\\app\\Views\\admin\\siswa\\tambah.php')
 3 SYSTEMPATH\View\View.php(231): CodeIgniter\View\View->CodeIgniter\View\{closure}()
 4 SYSTEMPATH\Common.php(1178): CodeIgniter\View\View->render('admin/siswa/tambah', [], true)
 5 APPPATH\Views\admin\layout\wrapper.php(13): view('admin/siswa/tambah')
 6 SYSTEMPATH\View\View.php(228): include('C:\\xampp\\htdocs\\webspp\\app\\Views\\admin\\layout\\wrapper.php')
 7 SYSTEMPATH\View\View.php(231): CodeIgniter\View\View->CodeIgniter\View\{closure}()
 8 SYSTEMPATH\Common.php(1178): CodeIgniter\View\View->render('admin/layout/wrapper', [], true)
 9 APPPATH\Controllers\Admin\Siswa.php(120): view('admin/layout/wrapper', [...])
10 SYSTEMPATH\CodeIgniter.php(941): App\Controllers\Admin\Siswa->tambah()
11 SYSTEMPATH\CodeIgniter.php(502): CodeIgniter\CodeIgniter->runController(Object(App\Controllers\Admin\Siswa))
12 SYSTEMPATH\CodeIgniter.php(361): CodeIgniter\CodeIgniter->handleRequest(null, Object(Config\Cache), false)
13 FCPATH\index.php(36): CodeIgniter\CodeIgniter->run()
14 ROOTPATH\index.php(7): require_once('C:\\xampp\\htdocs\\webspp\\public\\index.php')
INFO - 2025-06-16 06:04:51 --> Session: Class initialized using 'CodeIgniter\Session\Handlers\FileHandler' driver.
WARNING - 2025-06-16 06:04:52 --> [DEPRECATED] Creation of dynamic property CodeIgniter\View\View::$simple_login is deprecated in APPPATH\Views\admin\layout\wrapper.php on line 4.
 1 SYSTEMPATH\View\View.php(228): include('C:\\xampp\\htdocs\\webspp\\app\\Views\\admin\\layout\\wrapper.php')
 2 SYSTEMPATH\View\View.php(231): CodeIgniter\View\View->CodeIgniter\View\{closure}()
 3 SYSTEMPATH\Common.php(1178): CodeIgniter\View\View->render('admin/layout/wrapper', [], true)
 4 APPPATH\Controllers\Admin\Siswa.php(53): view('admin/layout/wrapper', [...])
 5 SYSTEMPATH\CodeIgniter.php(941): App\Controllers\Admin\Siswa->index()
 6 SYSTEMPATH\CodeIgniter.php(502): CodeIgniter\CodeIgniter->runController(Object(App\Controllers\Admin\Siswa))
 7 SYSTEMPATH\CodeIgniter.php(361): CodeIgniter\CodeIgniter->handleRequest(null, Object(Config\Cache), false)
 8 FCPATH\index.php(36): CodeIgniter\CodeIgniter->run()
 9 ROOTPATH\index.php(7): require_once('C:\\xampp\\htdocs\\webspp\\public\\index.php')
WARNING - 2025-06-16 06:04:52 --> [DEPRECATED] Creation of dynamic property CodeIgniter\View\View::$website is deprecated in APPPATH\Views\admin\layout\wrapper.php on line 5.
 1 SYSTEMPATH\View\View.php(228): include('C:\\xampp\\htdocs\\webspp\\app\\Views\\admin\\layout\\wrapper.php')
 2 SYSTEMPATH\View\View.php(231): CodeIgniter\View\View->CodeIgniter\View\{closure}()
 3 SYSTEMPATH\Common.php(1178): CodeIgniter\View\View->render('admin/layout/wrapper', [], true)
 4 APPPATH\Controllers\Admin\Siswa.php(53): view('admin/layout/wrapper', [...])
 5 SYSTEMPATH\CodeIgniter.php(941): App\Controllers\Admin\Siswa->index()
 6 SYSTEMPATH\CodeIgniter.php(502): CodeIgniter\CodeIgniter->runController(Object(App\Controllers\Admin\Siswa))
 7 SYSTEMPATH\CodeIgniter.php(361): CodeIgniter\CodeIgniter->handleRequest(null, Object(Config\Cache), false)
 8 FCPATH\index.php(36): CodeIgniter\CodeIgniter->run()
 9 ROOTPATH\index.php(7): require_once('C:\\xampp\\htdocs\\webspp\\public\\index.php')
WARNING - 2025-06-16 06:04:52 --> [DEPRECATED] Creation of dynamic property CodeIgniter\View\View::$session is deprecated in APPPATH\Views\admin\layout\wrapper.php on line 6.
 1 SYSTEMPATH\View\View.php(228): include('C:\\xampp\\htdocs\\webspp\\app\\Views\\admin\\layout\\wrapper.php')
 2 SYSTEMPATH\View\View.php(231): CodeIgniter\View\View->CodeIgniter\View\{closure}()
 3 SYSTEMPATH\Common.php(1178): CodeIgniter\View\View->render('admin/layout/wrapper', [], true)
 4 APPPATH\Controllers\Admin\Siswa.php(53): view('admin/layout/wrapper', [...])
 5 SYSTEMPATH\CodeIgniter.php(941): App\Controllers\Admin\Siswa->index()
 6 SYSTEMPATH\CodeIgniter.php(502): CodeIgniter\CodeIgniter->runController(Object(App\Controllers\Admin\Siswa))
 7 SYSTEMPATH\CodeIgniter.php(361): CodeIgniter\CodeIgniter->handleRequest(null, Object(Config\Cache), false)
 8 FCPATH\index.php(36): CodeIgniter\CodeIgniter->run()
 9 ROOTPATH\index.php(7): require_once('C:\\xampp\\htdocs\\webspp\\public\\index.php')
WARNING - 2025-06-16 06:04:52 --> [DEPRECATED] Creation of dynamic property App\Libraries\Simple_login::$session is deprecated in APPPATH\Libraries\Simple_login.php on line 130.
 1 APPPATH\Views\admin\layout\wrapper.php(8): App\Libraries\Simple_login->checklogin()
 2 SYSTEMPATH\View\View.php(228): include('C:\\xampp\\htdocs\\webspp\\app\\Views\\admin\\layout\\wrapper.php')
 3 SYSTEMPATH\View\View.php(231): CodeIgniter\View\View->CodeIgniter\View\{closure}()
 4 SYSTEMPATH\Common.php(1178): CodeIgniter\View\View->render('admin/layout/wrapper', [], true)
 5 APPPATH\Controllers\Admin\Siswa.php(53): view('admin/layout/wrapper', [...])
 6 SYSTEMPATH\CodeIgniter.php(941): App\Controllers\Admin\Siswa->index()
 7 SYSTEMPATH\CodeIgniter.php(502): CodeIgniter\CodeIgniter->runController(Object(App\Controllers\Admin\Siswa))
 8 SYSTEMPATH\CodeIgniter.php(361): CodeIgniter\CodeIgniter->handleRequest(null, Object(Config\Cache), false)
 9 FCPATH\index.php(36): CodeIgniter\CodeIgniter->run()
10 ROOTPATH\index.php(7): require_once('C:\\xampp\\htdocs\\webspp\\public\\index.php')
INFO - 2025-06-16 06:04:54 --> Session: Class initialized using 'CodeIgniter\Session\Handlers\FileHandler' driver.
WARNING - 2025-06-16 06:04:54 --> [DEPRECATED] Creation of dynamic property CodeIgniter\View\View::$simple_login is deprecated in APPPATH\Views\admin\layout\wrapper.php on line 4.
 1 SYSTEMPATH\View\View.php(228): include('C:\\xampp\\htdocs\\webspp\\app\\Views\\admin\\layout\\wrapper.php')
 2 SYSTEMPATH\View\View.php(231): CodeIgniter\View\View->CodeIgniter\View\{closure}()
 3 SYSTEMPATH\Common.php(1178): CodeIgniter\View\View->render('admin/layout/wrapper', [], true)
 4 APPPATH\Controllers\Admin\Siswa.php(120): view('admin/layout/wrapper', [...])
 5 SYSTEMPATH\CodeIgniter.php(941): App\Controllers\Admin\Siswa->tambah()
 6 SYSTEMPATH\CodeIgniter.php(502): CodeIgniter\CodeIgniter->runController(Object(App\Controllers\Admin\Siswa))
 7 SYSTEMPATH\CodeIgniter.php(361): CodeIgniter\CodeIgniter->handleRequest(null, Object(Config\Cache), false)
 8 FCPATH\index.php(36): CodeIgniter\CodeIgniter->run()
 9 ROOTPATH\index.php(7): require_once('C:\\xampp\\htdocs\\webspp\\public\\index.php')
WARNING - 2025-06-16 06:04:54 --> [DEPRECATED] Creation of dynamic property CodeIgniter\View\View::$website is deprecated in APPPATH\Views\admin\layout\wrapper.php on line 5.
 1 SYSTEMPATH\View\View.php(228): include('C:\\xampp\\htdocs\\webspp\\app\\Views\\admin\\layout\\wrapper.php')
 2 SYSTEMPATH\View\View.php(231): CodeIgniter\View\View->CodeIgniter\View\{closure}()
 3 SYSTEMPATH\Common.php(1178): CodeIgniter\View\View->render('admin/layout/wrapper', [], true)
 4 APPPATH\Controllers\Admin\Siswa.php(120): view('admin/layout/wrapper', [...])
 5 SYSTEMPATH\CodeIgniter.php(941): App\Controllers\Admin\Siswa->tambah()
 6 SYSTEMPATH\CodeIgniter.php(502): CodeIgniter\CodeIgniter->runController(Object(App\Controllers\Admin\Siswa))
 7 SYSTEMPATH\CodeIgniter.php(361): CodeIgniter\CodeIgniter->handleRequest(null, Object(Config\Cache), false)
 8 FCPATH\index.php(36): CodeIgniter\CodeIgniter->run()
 9 ROOTPATH\index.php(7): require_once('C:\\xampp\\htdocs\\webspp\\public\\index.php')
WARNING - 2025-06-16 06:04:54 --> [DEPRECATED] Creation of dynamic property CodeIgniter\View\View::$session is deprecated in APPPATH\Views\admin\layout\wrapper.php on line 6.
 1 SYSTEMPATH\View\View.php(228): include('C:\\xampp\\htdocs\\webspp\\app\\Views\\admin\\layout\\wrapper.php')
 2 SYSTEMPATH\View\View.php(231): CodeIgniter\View\View->CodeIgniter\View\{closure}()
 3 SYSTEMPATH\Common.php(1178): CodeIgniter\View\View->render('admin/layout/wrapper', [], true)
 4 APPPATH\Controllers\Admin\Siswa.php(120): view('admin/layout/wrapper', [...])
 5 SYSTEMPATH\CodeIgniter.php(941): App\Controllers\Admin\Siswa->tambah()
 6 SYSTEMPATH\CodeIgniter.php(502): CodeIgniter\CodeIgniter->runController(Object(App\Controllers\Admin\Siswa))
 7 SYSTEMPATH\CodeIgniter.php(361): CodeIgniter\CodeIgniter->handleRequest(null, Object(Config\Cache), false)
 8 FCPATH\index.php(36): CodeIgniter\CodeIgniter->run()
 9 ROOTPATH\index.php(7): require_once('C:\\xampp\\htdocs\\webspp\\public\\index.php')
WARNING - 2025-06-16 06:04:54 --> [DEPRECATED] Creation of dynamic property App\Libraries\Simple_login::$session is deprecated in APPPATH\Libraries\Simple_login.php on line 130.
 1 APPPATH\Views\admin\layout\wrapper.php(8): App\Libraries\Simple_login->checklogin()
 2 SYSTEMPATH\View\View.php(228): include('C:\\xampp\\htdocs\\webspp\\app\\Views\\admin\\layout\\wrapper.php')
 3 SYSTEMPATH\View\View.php(231): CodeIgniter\View\View->CodeIgniter\View\{closure}()
 4 SYSTEMPATH\Common.php(1178): CodeIgniter\View\View->render('admin/layout/wrapper', [], true)
 5 APPPATH\Controllers\Admin\Siswa.php(120): view('admin/layout/wrapper', [...])
 6 SYSTEMPATH\CodeIgniter.php(941): App\Controllers\Admin\Siswa->tambah()
 7 SYSTEMPATH\CodeIgniter.php(502): CodeIgniter\CodeIgniter->runController(Object(App\Controllers\Admin\Siswa))
 8 SYSTEMPATH\CodeIgniter.php(361): CodeIgniter\CodeIgniter->handleRequest(null, Object(Config\Cache), false)
 9 FCPATH\index.php(36): CodeIgniter\CodeIgniter->run()
10 ROOTPATH\index.php(7): require_once('C:\\xampp\\htdocs\\webspp\\public\\index.php')
CRITICAL - 2025-06-16 06:04:54 --> ErrorException: Undefined variable $m_tahun
in APPPATH\Views\admin\siswa\tambah.php on line 101.
 1 APPPATH\Views\admin\siswa\tambah.php(101): CodeIgniter\Debug\Exceptions->errorHandler(2, 'Undefined variable $m_tahun', 'C:\\xampp\\htdocs\\webspp\\app\\Views\\admin\\siswa\\tambah.php', 101)
 2 SYSTEMPATH\View\View.php(228): include('C:\\xampp\\htdocs\\webspp\\app\\Views\\admin\\siswa\\tambah.php')
 3 SYSTEMPATH\View\View.php(231): CodeIgniter\View\View->CodeIgniter\View\{closure}()
 4 SYSTEMPATH\Common.php(1178): CodeIgniter\View\View->render('admin/siswa/tambah', [], true)
 5 APPPATH\Views\admin\layout\wrapper.php(13): view('admin/siswa/tambah')
 6 SYSTEMPATH\View\View.php(228): include('C:\\xampp\\htdocs\\webspp\\app\\Views\\admin\\layout\\wrapper.php')
 7 SYSTEMPATH\View\View.php(231): CodeIgniter\View\View->CodeIgniter\View\{closure}()
 8 SYSTEMPATH\Common.php(1178): CodeIgniter\View\View->render('admin/layout/wrapper', [], true)
 9 APPPATH\Controllers\Admin\Siswa.php(120): view('admin/layout/wrapper', [...])
10 SYSTEMPATH\CodeIgniter.php(941): App\Controllers\Admin\Siswa->tambah()
11 SYSTEMPATH\CodeIgniter.php(502): CodeIgniter\CodeIgniter->runController(Object(App\Controllers\Admin\Siswa))
12 SYSTEMPATH\CodeIgniter.php(361): CodeIgniter\CodeIgniter->handleRequest(null, Object(Config\Cache), false)
13 FCPATH\index.php(36): CodeIgniter\CodeIgniter->run()
14 ROOTPATH\index.php(7): require_once('C:\\xampp\\htdocs\\webspp\\public\\index.php')
INFO - 2025-06-16 06:04:57 --> Session: Class initialized using 'CodeIgniter\Session\Handlers\FileHandler' driver.
WARNING - 2025-06-16 06:04:58 --> [DEPRECATED] Creation of dynamic property CodeIgniter\View\View::$simple_login is deprecated in APPPATH\Views\admin\layout\wrapper.php on line 4.
 1 SYSTEMPATH\View\View.php(228): include('C:\\xampp\\htdocs\\webspp\\app\\Views\\admin\\layout\\wrapper.php')
 2 SYSTEMPATH\View\View.php(231): CodeIgniter\View\View->CodeIgniter\View\{closure}()
 3 SYSTEMPATH\Common.php(1178): CodeIgniter\View\View->render('admin/layout/wrapper', [], true)
 4 APPPATH\Controllers\Admin\Siswa.php(53): view('admin/layout/wrapper', [...])
 5 SYSTEMPATH\CodeIgniter.php(941): App\Controllers\Admin\Siswa->index()
 6 SYSTEMPATH\CodeIgniter.php(502): CodeIgniter\CodeIgniter->runController(Object(App\Controllers\Admin\Siswa))
 7 SYSTEMPATH\CodeIgniter.php(361): CodeIgniter\CodeIgniter->handleRequest(null, Object(Config\Cache), false)
 8 FCPATH\index.php(36): CodeIgniter\CodeIgniter->run()
 9 ROOTPATH\index.php(7): require_once('C:\\xampp\\htdocs\\webspp\\public\\index.php')
WARNING - 2025-06-16 06:04:58 --> [DEPRECATED] Creation of dynamic property CodeIgniter\View\View::$website is deprecated in APPPATH\Views\admin\layout\wrapper.php on line 5.
 1 SYSTEMPATH\View\View.php(228): include('C:\\xampp\\htdocs\\webspp\\app\\Views\\admin\\layout\\wrapper.php')
 2 SYSTEMPATH\View\View.php(231): CodeIgniter\View\View->CodeIgniter\View\{closure}()
 3 SYSTEMPATH\Common.php(1178): CodeIgniter\View\View->render('admin/layout/wrapper', [], true)
 4 APPPATH\Controllers\Admin\Siswa.php(53): view('admin/layout/wrapper', [...])
 5 SYSTEMPATH\CodeIgniter.php(941): App\Controllers\Admin\Siswa->index()
 6 SYSTEMPATH\CodeIgniter.php(502): CodeIgniter\CodeIgniter->runController(Object(App\Controllers\Admin\Siswa))
 7 SYSTEMPATH\CodeIgniter.php(361): CodeIgniter\CodeIgniter->handleRequest(null, Object(Config\Cache), false)
 8 FCPATH\index.php(36): CodeIgniter\CodeIgniter->run()
 9 ROOTPATH\index.php(7): require_once('C:\\xampp\\htdocs\\webspp\\public\\index.php')
WARNING - 2025-06-16 06:04:58 --> [DEPRECATED] Creation of dynamic property CodeIgniter\View\View::$session is deprecated in APPPATH\Views\admin\layout\wrapper.php on line 6.
 1 SYSTEMPATH\View\View.php(228): include('C:\\xampp\\htdocs\\webspp\\app\\Views\\admin\\layout\\wrapper.php')
 2 SYSTEMPATH\View\View.php(231): CodeIgniter\View\View->CodeIgniter\View\{closure}()
 3 SYSTEMPATH\Common.php(1178): CodeIgniter\View\View->render('admin/layout/wrapper', [], true)
 4 APPPATH\Controllers\Admin\Siswa.php(53): view('admin/layout/wrapper', [...])
 5 SYSTEMPATH\CodeIgniter.php(941): App\Controllers\Admin\Siswa->index()
 6 SYSTEMPATH\CodeIgniter.php(502): CodeIgniter\CodeIgniter->runController(Object(App\Controllers\Admin\Siswa))
 7 SYSTEMPATH\CodeIgniter.php(361): CodeIgniter\CodeIgniter->handleRequest(null, Object(Config\Cache), false)
 8 FCPATH\index.php(36): CodeIgniter\CodeIgniter->run()
 9 ROOTPATH\index.php(7): require_once('C:\\xampp\\htdocs\\webspp\\public\\index.php')
WARNING - 2025-06-16 06:04:58 --> [DEPRECATED] Creation of dynamic property App\Libraries\Simple_login::$session is deprecated in APPPATH\Libraries\Simple_login.php on line 130.
 1 APPPATH\Views\admin\layout\wrapper.php(8): App\Libraries\Simple_login->checklogin()
 2 SYSTEMPATH\View\View.php(228): include('C:\\xampp\\htdocs\\webspp\\app\\Views\\admin\\layout\\wrapper.php')
 3 SYSTEMPATH\View\View.php(231): CodeIgniter\View\View->CodeIgniter\View\{closure}()
 4 SYSTEMPATH\Common.php(1178): CodeIgniter\View\View->render('admin/layout/wrapper', [], true)
 5 APPPATH\Controllers\Admin\Siswa.php(53): view('admin/layout/wrapper', [...])
 6 SYSTEMPATH\CodeIgniter.php(941): App\Controllers\Admin\Siswa->index()
 7 SYSTEMPATH\CodeIgniter.php(502): CodeIgniter\CodeIgniter->runController(Object(App\Controllers\Admin\Siswa))
 8 SYSTEMPATH\CodeIgniter.php(361): CodeIgniter\CodeIgniter->handleRequest(null, Object(Config\Cache), false)
 9 FCPATH\index.php(36): CodeIgniter\CodeIgniter->run()
10 ROOTPATH\index.php(7): require_once('C:\\xampp\\htdocs\\webspp\\public\\index.php')
INFO - 2025-06-16 06:05:10 --> Session: Class initialized using 'CodeIgniter\Session\Handlers\FileHandler' driver.
WARNING - 2025-06-16 06:05:10 --> [DEPRECATED] Creation of dynamic property CodeIgniter\View\View::$simple_login is deprecated in APPPATH\Views\admin\layout\wrapper.php on line 4.
 1 SYSTEMPATH\View\View.php(228): include('C:\\xampp\\htdocs\\webspp\\app\\Views\\admin\\layout\\wrapper.php')
 2 SYSTEMPATH\View\View.php(231): CodeIgniter\View\View->CodeIgniter\View\{closure}()
 3 SYSTEMPATH\Common.php(1178): CodeIgniter\View\View->render('admin/layout/wrapper', [], true)
 4 APPPATH\Controllers\Admin\Siswa.php(120): view('admin/layout/wrapper', [...])
 5 SYSTEMPATH\CodeIgniter.php(941): App\Controllers\Admin\Siswa->tambah()
 6 SYSTEMPATH\CodeIgniter.php(502): CodeIgniter\CodeIgniter->runController(Object(App\Controllers\Admin\Siswa))
 7 SYSTEMPATH\CodeIgniter.php(361): CodeIgniter\CodeIgniter->handleRequest(null, Object(Config\Cache), false)
 8 FCPATH\index.php(36): CodeIgniter\CodeIgniter->run()
 9 ROOTPATH\index.php(7): require_once('C:\\xampp\\htdocs\\webspp\\public\\index.php')
WARNING - 2025-06-16 06:05:10 --> [DEPRECATED] Creation of dynamic property CodeIgniter\View\View::$website is deprecated in APPPATH\Views\admin\layout\wrapper.php on line 5.
 1 SYSTEMPATH\View\View.php(228): include('C:\\xampp\\htdocs\\webspp\\app\\Views\\admin\\layout\\wrapper.php')
 2 SYSTEMPATH\View\View.php(231): CodeIgniter\View\View->CodeIgniter\View\{closure}()
 3 SYSTEMPATH\Common.php(1178): CodeIgniter\View\View->render('admin/layout/wrapper', [], true)
 4 APPPATH\Controllers\Admin\Siswa.php(120): view('admin/layout/wrapper', [...])
 5 SYSTEMPATH\CodeIgniter.php(941): App\Controllers\Admin\Siswa->tambah()
 6 SYSTEMPATH\CodeIgniter.php(502): CodeIgniter\CodeIgniter->runController(Object(App\Controllers\Admin\Siswa))
 7 SYSTEMPATH\CodeIgniter.php(361): CodeIgniter\CodeIgniter->handleRequest(null, Object(Config\Cache), false)
 8 FCPATH\index.php(36): CodeIgniter\CodeIgniter->run()
 9 ROOTPATH\index.php(7): require_once('C:\\xampp\\htdocs\\webspp\\public\\index.php')
WARNING - 2025-06-16 06:05:10 --> [DEPRECATED] Creation of dynamic property CodeIgniter\View\View::$session is deprecated in APPPATH\Views\admin\layout\wrapper.php on line 6.
 1 SYSTEMPATH\View\View.php(228): include('C:\\xampp\\htdocs\\webspp\\app\\Views\\admin\\layout\\wrapper.php')
 2 SYSTEMPATH\View\View.php(231): CodeIgniter\View\View->CodeIgniter\View\{closure}()
 3 SYSTEMPATH\Common.php(1178): CodeIgniter\View\View->render('admin/layout/wrapper', [], true)
 4 APPPATH\Controllers\Admin\Siswa.php(120): view('admin/layout/wrapper', [...])
 5 SYSTEMPATH\CodeIgniter.php(941): App\Controllers\Admin\Siswa->tambah()
 6 SYSTEMPATH\CodeIgniter.php(502): CodeIgniter\CodeIgniter->runController(Object(App\Controllers\Admin\Siswa))
 7 SYSTEMPATH\CodeIgniter.php(361): CodeIgniter\CodeIgniter->handleRequest(null, Object(Config\Cache), false)
 8 FCPATH\index.php(36): CodeIgniter\CodeIgniter->run()
 9 ROOTPATH\index.php(7): require_once('C:\\xampp\\htdocs\\webspp\\public\\index.php')
WARNING - 2025-06-16 06:05:10 --> [DEPRECATED] Creation of dynamic property App\Libraries\Simple_login::$session is deprecated in APPPATH\Libraries\Simple_login.php on line 130.
 1 APPPATH\Views\admin\layout\wrapper.php(8): App\Libraries\Simple_login->checklogin()
 2 SYSTEMPATH\View\View.php(228): include('C:\\xampp\\htdocs\\webspp\\app\\Views\\admin\\layout\\wrapper.php')
 3 SYSTEMPATH\View\View.php(231): CodeIgniter\View\View->CodeIgniter\View\{closure}()
 4 SYSTEMPATH\Common.php(1178): CodeIgniter\View\View->render('admin/layout/wrapper', [], true)
 5 APPPATH\Controllers\Admin\Siswa.php(120): view('admin/layout/wrapper', [...])
 6 SYSTEMPATH\CodeIgniter.php(941): App\Controllers\Admin\Siswa->tambah()
 7 SYSTEMPATH\CodeIgniter.php(502): CodeIgniter\CodeIgniter->runController(Object(App\Controllers\Admin\Siswa))
 8 SYSTEMPATH\CodeIgniter.php(361): CodeIgniter\CodeIgniter->handleRequest(null, Object(Config\Cache), false)
 9 FCPATH\index.php(36): CodeIgniter\CodeIgniter->run()
10 ROOTPATH\index.php(7): require_once('C:\\xampp\\htdocs\\webspp\\public\\index.php')
CRITICAL - 2025-06-16 06:05:11 --> ErrorException: Undefined variable $m_tahun
in APPPATH\Views\admin\siswa\tambah.php on line 101.
 1 APPPATH\Views\admin\siswa\tambah.php(101): CodeIgniter\Debug\Exceptions->errorHandler(2, 'Undefined variable $m_tahun', 'C:\\xampp\\htdocs\\webspp\\app\\Views\\admin\\siswa\\tambah.php', 101)
 2 SYSTEMPATH\View\View.php(228): include('C:\\xampp\\htdocs\\webspp\\app\\Views\\admin\\siswa\\tambah.php')
 3 SYSTEMPATH\View\View.php(231): CodeIgniter\View\View->CodeIgniter\View\{closure}()
 4 SYSTEMPATH\Common.php(1178): CodeIgniter\View\View->render('admin/siswa/tambah', [], true)
 5 APPPATH\Views\admin\layout\wrapper.php(13): view('admin/siswa/tambah')
 6 SYSTEMPATH\View\View.php(228): include('C:\\xampp\\htdocs\\webspp\\app\\Views\\admin\\layout\\wrapper.php')
 7 SYSTEMPATH\View\View.php(231): CodeIgniter\View\View->CodeIgniter\View\{closure}()
 8 SYSTEMPATH\Common.php(1178): CodeIgniter\View\View->render('admin/layout/wrapper', [], true)
 9 APPPATH\Controllers\Admin\Siswa.php(120): view('admin/layout/wrapper', [...])
10 SYSTEMPATH\CodeIgniter.php(941): App\Controllers\Admin\Siswa->tambah()
11 SYSTEMPATH\CodeIgniter.php(502): CodeIgniter\CodeIgniter->runController(Object(App\Controllers\Admin\Siswa))
12 SYSTEMPATH\CodeIgniter.php(361): CodeIgniter\CodeIgniter->handleRequest(null, Object(Config\Cache), false)
13 FCPATH\index.php(36): CodeIgniter\CodeIgniter->run()
14 ROOTPATH\index.php(7): require_once('C:\\xampp\\htdocs\\webspp\\public\\index.php')
INFO - 2025-06-16 06:06:00 --> Session: Class initialized using 'CodeIgniter\Session\Handlers\FileHandler' driver.
WARNING - 2025-06-16 06:06:00 --> [DEPRECATED] Creation of dynamic property CodeIgniter\View\View::$simple_login is deprecated in APPPATH\Views\admin\layout\wrapper.php on line 4.
 1 SYSTEMPATH\View\View.php(228): include('C:\\xampp\\htdocs\\webspp\\app\\Views\\admin\\layout\\wrapper.php')
 2 SYSTEMPATH\View\View.php(231): CodeIgniter\View\View->CodeIgniter\View\{closure}()
 3 SYSTEMPATH\Common.php(1178): CodeIgniter\View\View->render('admin/layout/wrapper', [], true)
 4 APPPATH\Controllers\Admin\Siswa.php(121): view('admin/layout/wrapper', [...])
 5 SYSTEMPATH\CodeIgniter.php(941): App\Controllers\Admin\Siswa->tambah()
 6 SYSTEMPATH\CodeIgniter.php(502): CodeIgniter\CodeIgniter->runController(Object(App\Controllers\Admin\Siswa))
 7 SYSTEMPATH\CodeIgniter.php(361): CodeIgniter\CodeIgniter->handleRequest(null, Object(Config\Cache), false)
 8 FCPATH\index.php(36): CodeIgniter\CodeIgniter->run()
 9 ROOTPATH\index.php(7): require_once('C:\\xampp\\htdocs\\webspp\\public\\index.php')
WARNING - 2025-06-16 06:06:00 --> [DEPRECATED] Creation of dynamic property CodeIgniter\View\View::$website is deprecated in APPPATH\Views\admin\layout\wrapper.php on line 5.
 1 SYSTEMPATH\View\View.php(228): include('C:\\xampp\\htdocs\\webspp\\app\\Views\\admin\\layout\\wrapper.php')
 2 SYSTEMPATH\View\View.php(231): CodeIgniter\View\View->CodeIgniter\View\{closure}()
 3 SYSTEMPATH\Common.php(1178): CodeIgniter\View\View->render('admin/layout/wrapper', [], true)
 4 APPPATH\Controllers\Admin\Siswa.php(121): view('admin/layout/wrapper', [...])
 5 SYSTEMPATH\CodeIgniter.php(941): App\Controllers\Admin\Siswa->tambah()
 6 SYSTEMPATH\CodeIgniter.php(502): CodeIgniter\CodeIgniter->runController(Object(App\Controllers\Admin\Siswa))
 7 SYSTEMPATH\CodeIgniter.php(361): CodeIgniter\CodeIgniter->handleRequest(null, Object(Config\Cache), false)
 8 FCPATH\index.php(36): CodeIgniter\CodeIgniter->run()
 9 ROOTPATH\index.php(7): require_once('C:\\xampp\\htdocs\\webspp\\public\\index.php')
WARNING - 2025-06-16 06:06:00 --> [DEPRECATED] Creation of dynamic property CodeIgniter\View\View::$session is deprecated in APPPATH\Views\admin\layout\wrapper.php on line 6.
 1 SYSTEMPATH\View\View.php(228): include('C:\\xampp\\htdocs\\webspp\\app\\Views\\admin\\layout\\wrapper.php')
 2 SYSTEMPATH\View\View.php(231): CodeIgniter\View\View->CodeIgniter\View\{closure}()
 3 SYSTEMPATH\Common.php(1178): CodeIgniter\View\View->render('admin/layout/wrapper', [], true)
 4 APPPATH\Controllers\Admin\Siswa.php(121): view('admin/layout/wrapper', [...])
 5 SYSTEMPATH\CodeIgniter.php(941): App\Controllers\Admin\Siswa->tambah()
 6 SYSTEMPATH\CodeIgniter.php(502): CodeIgniter\CodeIgniter->runController(Object(App\Controllers\Admin\Siswa))
 7 SYSTEMPATH\CodeIgniter.php(361): CodeIgniter\CodeIgniter->handleRequest(null, Object(Config\Cache), false)
 8 FCPATH\index.php(36): CodeIgniter\CodeIgniter->run()
 9 ROOTPATH\index.php(7): require_once('C:\\xampp\\htdocs\\webspp\\public\\index.php')
WARNING - 2025-06-16 06:06:00 --> [DEPRECATED] Creation of dynamic property App\Libraries\Simple_login::$session is deprecated in APPPATH\Libraries\Simple_login.php on line 130.
 1 APPPATH\Views\admin\layout\wrapper.php(8): App\Libraries\Simple_login->checklogin()
 2 SYSTEMPATH\View\View.php(228): include('C:\\xampp\\htdocs\\webspp\\app\\Views\\admin\\layout\\wrapper.php')
 3 SYSTEMPATH\View\View.php(231): CodeIgniter\View\View->CodeIgniter\View\{closure}()
 4 SYSTEMPATH\Common.php(1178): CodeIgniter\View\View->render('admin/layout/wrapper', [], true)
 5 APPPATH\Controllers\Admin\Siswa.php(121): view('admin/layout/wrapper', [...])
 6 SYSTEMPATH\CodeIgniter.php(941): App\Controllers\Admin\Siswa->tambah()
 7 SYSTEMPATH\CodeIgniter.php(502): CodeIgniter\CodeIgniter->runController(Object(App\Controllers\Admin\Siswa))
 8 SYSTEMPATH\CodeIgniter.php(361): CodeIgniter\CodeIgniter->handleRequest(null, Object(Config\Cache), false)
 9 FCPATH\index.php(36): CodeIgniter\CodeIgniter->run()
10 ROOTPATH\index.php(7): require_once('C:\\xampp\\htdocs\\webspp\\public\\index.php')
CRITICAL - 2025-06-16 06:06:00 --> ErrorException: Undefined variable $m_tahun
in APPPATH\Views\admin\siswa\tambah.php on line 101.
 1 APPPATH\Views\admin\siswa\tambah.php(101): CodeIgniter\Debug\Exceptions->errorHandler(2, 'Undefined variable $m_tahun', 'C:\\xampp\\htdocs\\webspp\\app\\Views\\admin\\siswa\\tambah.php', 101)
 2 SYSTEMPATH\View\View.php(228): include('C:\\xampp\\htdocs\\webspp\\app\\Views\\admin\\siswa\\tambah.php')
 3 SYSTEMPATH\View\View.php(231): CodeIgniter\View\View->CodeIgniter\View\{closure}()
 4 SYSTEMPATH\Common.php(1178): CodeIgniter\View\View->render('admin/siswa/tambah', [], true)
 5 APPPATH\Views\admin\layout\wrapper.php(13): view('admin/siswa/tambah')
 6 SYSTEMPATH\View\View.php(228): include('C:\\xampp\\htdocs\\webspp\\app\\Views\\admin\\layout\\wrapper.php')
 7 SYSTEMPATH\View\View.php(231): CodeIgniter\View\View->CodeIgniter\View\{closure}()
 8 SYSTEMPATH\Common.php(1178): CodeIgniter\View\View->render('admin/layout/wrapper', [], true)
 9 APPPATH\Controllers\Admin\Siswa.php(121): view('admin/layout/wrapper', [...])
10 SYSTEMPATH\CodeIgniter.php(941): App\Controllers\Admin\Siswa->tambah()
11 SYSTEMPATH\CodeIgniter.php(502): CodeIgniter\CodeIgniter->runController(Object(App\Controllers\Admin\Siswa))
12 SYSTEMPATH\CodeIgniter.php(361): CodeIgniter\CodeIgniter->handleRequest(null, Object(Config\Cache), false)
13 FCPATH\index.php(36): CodeIgniter\CodeIgniter->run()
14 ROOTPATH\index.php(7): require_once('C:\\xampp\\htdocs\\webspp\\public\\index.php')
INFO - 2025-06-16 06:06:01 --> Session: Class initialized using 'CodeIgniter\Session\Handlers\FileHandler' driver.
WARNING - 2025-06-16 06:06:01 --> [DEPRECATED] Creation of dynamic property CodeIgniter\View\View::$simple_login is deprecated in APPPATH\Views\admin\layout\wrapper.php on line 4.
 1 SYSTEMPATH\View\View.php(228): include('C:\\xampp\\htdocs\\webspp\\app\\Views\\admin\\layout\\wrapper.php')
 2 SYSTEMPATH\View\View.php(231): CodeIgniter\View\View->CodeIgniter\View\{closure}()
 3 SYSTEMPATH\Common.php(1178): CodeIgniter\View\View->render('admin/layout/wrapper', [], true)
 4 APPPATH\Controllers\Admin\Siswa.php(121): view('admin/layout/wrapper', [...])
 5 SYSTEMPATH\CodeIgniter.php(941): App\Controllers\Admin\Siswa->tambah()
 6 SYSTEMPATH\CodeIgniter.php(502): CodeIgniter\CodeIgniter->runController(Object(App\Controllers\Admin\Siswa))
 7 SYSTEMPATH\CodeIgniter.php(361): CodeIgniter\CodeIgniter->handleRequest(null, Object(Config\Cache), false)
 8 FCPATH\index.php(36): CodeIgniter\CodeIgniter->run()
 9 ROOTPATH\index.php(7): require_once('C:\\xampp\\htdocs\\webspp\\public\\index.php')
WARNING - 2025-06-16 06:06:01 --> [DEPRECATED] Creation of dynamic property CodeIgniter\View\View::$website is deprecated in APPPATH\Views\admin\layout\wrapper.php on line 5.
 1 SYSTEMPATH\View\View.php(228): include('C:\\xampp\\htdocs\\webspp\\app\\Views\\admin\\layout\\wrapper.php')
 2 SYSTEMPATH\View\View.php(231): CodeIgniter\View\View->CodeIgniter\View\{closure}()
 3 SYSTEMPATH\Common.php(1178): CodeIgniter\View\View->render('admin/layout/wrapper', [], true)
 4 APPPATH\Controllers\Admin\Siswa.php(121): view('admin/layout/wrapper', [...])
 5 SYSTEMPATH\CodeIgniter.php(941): App\Controllers\Admin\Siswa->tambah()
 6 SYSTEMPATH\CodeIgniter.php(502): CodeIgniter\CodeIgniter->runController(Object(App\Controllers\Admin\Siswa))
 7 SYSTEMPATH\CodeIgniter.php(361): CodeIgniter\CodeIgniter->handleRequest(null, Object(Config\Cache), false)
 8 FCPATH\index.php(36): CodeIgniter\CodeIgniter->run()
 9 ROOTPATH\index.php(7): require_once('C:\\xampp\\htdocs\\webspp\\public\\index.php')
WARNING - 2025-06-16 06:06:01 --> [DEPRECATED] Creation of dynamic property CodeIgniter\View\View::$session is deprecated in APPPATH\Views\admin\layout\wrapper.php on line 6.
 1 SYSTEMPATH\View\View.php(228): include('C:\\xampp\\htdocs\\webspp\\app\\Views\\admin\\layout\\wrapper.php')
 2 SYSTEMPATH\View\View.php(231): CodeIgniter\View\View->CodeIgniter\View\{closure}()
 3 SYSTEMPATH\Common.php(1178): CodeIgniter\View\View->render('admin/layout/wrapper', [], true)
 4 APPPATH\Controllers\Admin\Siswa.php(121): view('admin/layout/wrapper', [...])
 5 SYSTEMPATH\CodeIgniter.php(941): App\Controllers\Admin\Siswa->tambah()
 6 SYSTEMPATH\CodeIgniter.php(502): CodeIgniter\CodeIgniter->runController(Object(App\Controllers\Admin\Siswa))
 7 SYSTEMPATH\CodeIgniter.php(361): CodeIgniter\CodeIgniter->handleRequest(null, Object(Config\Cache), false)
 8 FCPATH\index.php(36): CodeIgniter\CodeIgniter->run()
 9 ROOTPATH\index.php(7): require_once('C:\\xampp\\htdocs\\webspp\\public\\index.php')
WARNING - 2025-06-16 06:06:01 --> [DEPRECATED] Creation of dynamic property App\Libraries\Simple_login::$session is deprecated in APPPATH\Libraries\Simple_login.php on line 130.
 1 APPPATH\Views\admin\layout\wrapper.php(8): App\Libraries\Simple_login->checklogin()
 2 SYSTEMPATH\View\View.php(228): include('C:\\xampp\\htdocs\\webspp\\app\\Views\\admin\\layout\\wrapper.php')
 3 SYSTEMPATH\View\View.php(231): CodeIgniter\View\View->CodeIgniter\View\{closure}()
 4 SYSTEMPATH\Common.php(1178): CodeIgniter\View\View->render('admin/layout/wrapper', [], true)
 5 APPPATH\Controllers\Admin\Siswa.php(121): view('admin/layout/wrapper', [...])
 6 SYSTEMPATH\CodeIgniter.php(941): App\Controllers\Admin\Siswa->tambah()
 7 SYSTEMPATH\CodeIgniter.php(502): CodeIgniter\CodeIgniter->runController(Object(App\Controllers\Admin\Siswa))
 8 SYSTEMPATH\CodeIgniter.php(361): CodeIgniter\CodeIgniter->handleRequest(null, Object(Config\Cache), false)
 9 FCPATH\index.php(36): CodeIgniter\CodeIgniter->run()
10 ROOTPATH\index.php(7): require_once('C:\\xampp\\htdocs\\webspp\\public\\index.php')
CRITICAL - 2025-06-16 06:06:01 --> ErrorException: Undefined variable $m_tahun
in APPPATH\Views\admin\siswa\tambah.php on line 101.
 1 APPPATH\Views\admin\siswa\tambah.php(101): CodeIgniter\Debug\Exceptions->errorHandler(2, 'Undefined variable $m_tahun', 'C:\\xampp\\htdocs\\webspp\\app\\Views\\admin\\siswa\\tambah.php', 101)
 2 SYSTEMPATH\View\View.php(228): include('C:\\xampp\\htdocs\\webspp\\app\\Views\\admin\\siswa\\tambah.php')
 3 SYSTEMPATH\View\View.php(231): CodeIgniter\View\View->CodeIgniter\View\{closure}()
 4 SYSTEMPATH\Common.php(1178): CodeIgniter\View\View->render('admin/siswa/tambah', [], true)
 5 APPPATH\Views\admin\layout\wrapper.php(13): view('admin/siswa/tambah')
 6 SYSTEMPATH\View\View.php(228): include('C:\\xampp\\htdocs\\webspp\\app\\Views\\admin\\layout\\wrapper.php')
 7 SYSTEMPATH\View\View.php(231): CodeIgniter\View\View->CodeIgniter\View\{closure}()
 8 SYSTEMPATH\Common.php(1178): CodeIgniter\View\View->render('admin/layout/wrapper', [], true)
 9 APPPATH\Controllers\Admin\Siswa.php(121): view('admin/layout/wrapper', [...])
10 SYSTEMPATH\CodeIgniter.php(941): App\Controllers\Admin\Siswa->tambah()
11 SYSTEMPATH\CodeIgniter.php(502): CodeIgniter\CodeIgniter->runController(Object(App\Controllers\Admin\Siswa))
12 SYSTEMPATH\CodeIgniter.php(361): CodeIgniter\CodeIgniter->handleRequest(null, Object(Config\Cache), false)
13 FCPATH\index.php(36): CodeIgniter\CodeIgniter->run()
14 ROOTPATH\index.php(7): require_once('C:\\xampp\\htdocs\\webspp\\public\\index.php')
INFO - 2025-06-16 06:06:11 --> Session: Class initialized using 'CodeIgniter\Session\Handlers\FileHandler' driver.
WARNING - 2025-06-16 06:06:12 --> [DEPRECATED] Creation of dynamic property CodeIgniter\View\View::$simple_login is deprecated in APPPATH\Views\admin\layout\wrapper.php on line 4.
 1 SYSTEMPATH\View\View.php(228): include('C:\\xampp\\htdocs\\webspp\\app\\Views\\admin\\layout\\wrapper.php')
 2 SYSTEMPATH\View\View.php(231): CodeIgniter\View\View->CodeIgniter\View\{closure}()
 3 SYSTEMPATH\Common.php(1178): CodeIgniter\View\View->render('admin/layout/wrapper', [], true)
 4 APPPATH\Controllers\Admin\Siswa.php(120): view('admin/layout/wrapper', [...])
 5 SYSTEMPATH\CodeIgniter.php(941): App\Controllers\Admin\Siswa->tambah()
 6 SYSTEMPATH\CodeIgniter.php(502): CodeIgniter\CodeIgniter->runController(Object(App\Controllers\Admin\Siswa))
 7 SYSTEMPATH\CodeIgniter.php(361): CodeIgniter\CodeIgniter->handleRequest(null, Object(Config\Cache), false)
 8 FCPATH\index.php(36): CodeIgniter\CodeIgniter->run()
 9 ROOTPATH\index.php(7): require_once('C:\\xampp\\htdocs\\webspp\\public\\index.php')
WARNING - 2025-06-16 06:06:12 --> [DEPRECATED] Creation of dynamic property CodeIgniter\View\View::$website is deprecated in APPPATH\Views\admin\layout\wrapper.php on line 5.
 1 SYSTEMPATH\View\View.php(228): include('C:\\xampp\\htdocs\\webspp\\app\\Views\\admin\\layout\\wrapper.php')
 2 SYSTEMPATH\View\View.php(231): CodeIgniter\View\View->CodeIgniter\View\{closure}()
 3 SYSTEMPATH\Common.php(1178): CodeIgniter\View\View->render('admin/layout/wrapper', [], true)
 4 APPPATH\Controllers\Admin\Siswa.php(120): view('admin/layout/wrapper', [...])
 5 SYSTEMPATH\CodeIgniter.php(941): App\Controllers\Admin\Siswa->tambah()
 6 SYSTEMPATH\CodeIgniter.php(502): CodeIgniter\CodeIgniter->runController(Object(App\Controllers\Admin\Siswa))
 7 SYSTEMPATH\CodeIgniter.php(361): CodeIgniter\CodeIgniter->handleRequest(null, Object(Config\Cache), false)
 8 FCPATH\index.php(36): CodeIgniter\CodeIgniter->run()
 9 ROOTPATH\index.php(7): require_once('C:\\xampp\\htdocs\\webspp\\public\\index.php')
WARNING - 2025-06-16 06:06:12 --> [DEPRECATED] Creation of dynamic property CodeIgniter\View\View::$session is deprecated in APPPATH\Views\admin\layout\wrapper.php on line 6.
 1 SYSTEMPATH\View\View.php(228): include('C:\\xampp\\htdocs\\webspp\\app\\Views\\admin\\layout\\wrapper.php')
 2 SYSTEMPATH\View\View.php(231): CodeIgniter\View\View->CodeIgniter\View\{closure}()
 3 SYSTEMPATH\Common.php(1178): CodeIgniter\View\View->render('admin/layout/wrapper', [], true)
 4 APPPATH\Controllers\Admin\Siswa.php(120): view('admin/layout/wrapper', [...])
 5 SYSTEMPATH\CodeIgniter.php(941): App\Controllers\Admin\Siswa->tambah()
 6 SYSTEMPATH\CodeIgniter.php(502): CodeIgniter\CodeIgniter->runController(Object(App\Controllers\Admin\Siswa))
 7 SYSTEMPATH\CodeIgniter.php(361): CodeIgniter\CodeIgniter->handleRequest(null, Object(Config\Cache), false)
 8 FCPATH\index.php(36): CodeIgniter\CodeIgniter->run()
 9 ROOTPATH\index.php(7): require_once('C:\\xampp\\htdocs\\webspp\\public\\index.php')
WARNING - 2025-06-16 06:06:12 --> [DEPRECATED] Creation of dynamic property App\Libraries\Simple_login::$session is deprecated in APPPATH\Libraries\Simple_login.php on line 130.
 1 APPPATH\Views\admin\layout\wrapper.php(8): App\Libraries\Simple_login->checklogin()
 2 SYSTEMPATH\View\View.php(228): include('C:\\xampp\\htdocs\\webspp\\app\\Views\\admin\\layout\\wrapper.php')
 3 SYSTEMPATH\View\View.php(231): CodeIgniter\View\View->CodeIgniter\View\{closure}()
 4 SYSTEMPATH\Common.php(1178): CodeIgniter\View\View->render('admin/layout/wrapper', [], true)
 5 APPPATH\Controllers\Admin\Siswa.php(120): view('admin/layout/wrapper', [...])
 6 SYSTEMPATH\CodeIgniter.php(941): App\Controllers\Admin\Siswa->tambah()
 7 SYSTEMPATH\CodeIgniter.php(502): CodeIgniter\CodeIgniter->runController(Object(App\Controllers\Admin\Siswa))
 8 SYSTEMPATH\CodeIgniter.php(361): CodeIgniter\CodeIgniter->handleRequest(null, Object(Config\Cache), false)
 9 FCPATH\index.php(36): CodeIgniter\CodeIgniter->run()
10 ROOTPATH\index.php(7): require_once('C:\\xampp\\htdocs\\webspp\\public\\index.php')
INFO - 2025-06-16 06:06:14 --> Session: Class initialized using 'CodeIgniter\Session\Handlers\FileHandler' driver.
WARNING - 2025-06-16 06:06:14 --> [DEPRECATED] Creation of dynamic property CodeIgniter\View\View::$simple_login is deprecated in APPPATH\Views\admin\layout\wrapper.php on line 4.
 1 SYSTEMPATH\View\View.php(228): include('C:\\xampp\\htdocs\\webspp\\app\\Views\\admin\\layout\\wrapper.php')
 2 SYSTEMPATH\View\View.php(231): CodeIgniter\View\View->CodeIgniter\View\{closure}()
 3 SYSTEMPATH\Common.php(1178): CodeIgniter\View\View->render('admin/layout/wrapper', [], true)
 4 APPPATH\Controllers\Admin\Siswa.php(120): view('admin/layout/wrapper', [...])
 5 SYSTEMPATH\CodeIgniter.php(941): App\Controllers\Admin\Siswa->tambah()
 6 SYSTEMPATH\CodeIgniter.php(502): CodeIgniter\CodeIgniter->runController(Object(App\Controllers\Admin\Siswa))
 7 SYSTEMPATH\CodeIgniter.php(361): CodeIgniter\CodeIgniter->handleRequest(null, Object(Config\Cache), false)
 8 FCPATH\index.php(36): CodeIgniter\CodeIgniter->run()
 9 ROOTPATH\index.php(7): require_once('C:\\xampp\\htdocs\\webspp\\public\\index.php')
WARNING - 2025-06-16 06:06:14 --> [DEPRECATED] Creation of dynamic property CodeIgniter\View\View::$website is deprecated in APPPATH\Views\admin\layout\wrapper.php on line 5.
 1 SYSTEMPATH\View\View.php(228): include('C:\\xampp\\htdocs\\webspp\\app\\Views\\admin\\layout\\wrapper.php')
 2 SYSTEMPATH\View\View.php(231): CodeIgniter\View\View->CodeIgniter\View\{closure}()
 3 SYSTEMPATH\Common.php(1178): CodeIgniter\View\View->render('admin/layout/wrapper', [], true)
 4 APPPATH\Controllers\Admin\Siswa.php(120): view('admin/layout/wrapper', [...])
 5 SYSTEMPATH\CodeIgniter.php(941): App\Controllers\Admin\Siswa->tambah()
 6 SYSTEMPATH\CodeIgniter.php(502): CodeIgniter\CodeIgniter->runController(Object(App\Controllers\Admin\Siswa))
 7 SYSTEMPATH\CodeIgniter.php(361): CodeIgniter\CodeIgniter->handleRequest(null, Object(Config\Cache), false)
 8 FCPATH\index.php(36): CodeIgniter\CodeIgniter->run()
 9 ROOTPATH\index.php(7): require_once('C:\\xampp\\htdocs\\webspp\\public\\index.php')
WARNING - 2025-06-16 06:06:14 --> [DEPRECATED] Creation of dynamic property CodeIgniter\View\View::$session is deprecated in APPPATH\Views\admin\layout\wrapper.php on line 6.
 1 SYSTEMPATH\View\View.php(228): include('C:\\xampp\\htdocs\\webspp\\app\\Views\\admin\\layout\\wrapper.php')
 2 SYSTEMPATH\View\View.php(231): CodeIgniter\View\View->CodeIgniter\View\{closure}()
 3 SYSTEMPATH\Common.php(1178): CodeIgniter\View\View->render('admin/layout/wrapper', [], true)
 4 APPPATH\Controllers\Admin\Siswa.php(120): view('admin/layout/wrapper', [...])
 5 SYSTEMPATH\CodeIgniter.php(941): App\Controllers\Admin\Siswa->tambah()
 6 SYSTEMPATH\CodeIgniter.php(502): CodeIgniter\CodeIgniter->runController(Object(App\Controllers\Admin\Siswa))
 7 SYSTEMPATH\CodeIgniter.php(361): CodeIgniter\CodeIgniter->handleRequest(null, Object(Config\Cache), false)
 8 FCPATH\index.php(36): CodeIgniter\CodeIgniter->run()
 9 ROOTPATH\index.php(7): require_once('C:\\xampp\\htdocs\\webspp\\public\\index.php')
WARNING - 2025-06-16 06:06:14 --> [DEPRECATED] Creation of dynamic property App\Libraries\Simple_login::$session is deprecated in APPPATH\Libraries\Simple_login.php on line 130.
 1 APPPATH\Views\admin\layout\wrapper.php(8): App\Libraries\Simple_login->checklogin()
 2 SYSTEMPATH\View\View.php(228): include('C:\\xampp\\htdocs\\webspp\\app\\Views\\admin\\layout\\wrapper.php')
 3 SYSTEMPATH\View\View.php(231): CodeIgniter\View\View->CodeIgniter\View\{closure}()
 4 SYSTEMPATH\Common.php(1178): CodeIgniter\View\View->render('admin/layout/wrapper', [], true)
 5 APPPATH\Controllers\Admin\Siswa.php(120): view('admin/layout/wrapper', [...])
 6 SYSTEMPATH\CodeIgniter.php(941): App\Controllers\Admin\Siswa->tambah()
 7 SYSTEMPATH\CodeIgniter.php(502): CodeIgniter\CodeIgniter->runController(Object(App\Controllers\Admin\Siswa))
 8 SYSTEMPATH\CodeIgniter.php(361): CodeIgniter\CodeIgniter->handleRequest(null, Object(Config\Cache), false)
 9 FCPATH\index.php(36): CodeIgniter\CodeIgniter->run()
10 ROOTPATH\index.php(7): require_once('C:\\xampp\\htdocs\\webspp\\public\\index.php')
INFO - 2025-06-16 06:07:29 --> Session: Class initialized using 'CodeIgniter\Session\Handlers\FileHandler' driver.
WARNING - 2025-06-16 06:07:29 --> [DEPRECATED] Creation of dynamic property CodeIgniter\View\View::$simple_login is deprecated in APPPATH\Views\admin\layout\wrapper.php on line 4.
 1 SYSTEMPATH\View\View.php(228): include('C:\\xampp\\htdocs\\webspp\\app\\Views\\admin\\layout\\wrapper.php')
 2 SYSTEMPATH\View\View.php(231): CodeIgniter\View\View->CodeIgniter\View\{closure}()
 3 SYSTEMPATH\Common.php(1178): CodeIgniter\View\View->render('admin/layout/wrapper', [], true)
 4 APPPATH\Controllers\Admin\Siswa.php(120): view('admin/layout/wrapper', [...])
 5 SYSTEMPATH\CodeIgniter.php(941): App\Controllers\Admin\Siswa->tambah()
 6 SYSTEMPATH\CodeIgniter.php(502): CodeIgniter\CodeIgniter->runController(Object(App\Controllers\Admin\Siswa))
 7 SYSTEMPATH\CodeIgniter.php(361): CodeIgniter\CodeIgniter->handleRequest(null, Object(Config\Cache), false)
 8 FCPATH\index.php(36): CodeIgniter\CodeIgniter->run()
 9 ROOTPATH\index.php(7): require_once('C:\\xampp\\htdocs\\webspp\\public\\index.php')
WARNING - 2025-06-16 06:07:29 --> [DEPRECATED] Creation of dynamic property CodeIgniter\View\View::$website is deprecated in APPPATH\Views\admin\layout\wrapper.php on line 5.
 1 SYSTEMPATH\View\View.php(228): include('C:\\xampp\\htdocs\\webspp\\app\\Views\\admin\\layout\\wrapper.php')
 2 SYSTEMPATH\View\View.php(231): CodeIgniter\View\View->CodeIgniter\View\{closure}()
 3 SYSTEMPATH\Common.php(1178): CodeIgniter\View\View->render('admin/layout/wrapper', [], true)
 4 APPPATH\Controllers\Admin\Siswa.php(120): view('admin/layout/wrapper', [...])
 5 SYSTEMPATH\CodeIgniter.php(941): App\Controllers\Admin\Siswa->tambah()
 6 SYSTEMPATH\CodeIgniter.php(502): CodeIgniter\CodeIgniter->runController(Object(App\Controllers\Admin\Siswa))
 7 SYSTEMPATH\CodeIgniter.php(361): CodeIgniter\CodeIgniter->handleRequest(null, Object(Config\Cache), false)
 8 FCPATH\index.php(36): CodeIgniter\CodeIgniter->run()
 9 ROOTPATH\index.php(7): require_once('C:\\xampp\\htdocs\\webspp\\public\\index.php')
WARNING - 2025-06-16 06:07:29 --> [DEPRECATED] Creation of dynamic property CodeIgniter\View\View::$session is deprecated in APPPATH\Views\admin\layout\wrapper.php on line 6.
 1 SYSTEMPATH\View\View.php(228): include('C:\\xampp\\htdocs\\webspp\\app\\Views\\admin\\layout\\wrapper.php')
 2 SYSTEMPATH\View\View.php(231): CodeIgniter\View\View->CodeIgniter\View\{closure}()
 3 SYSTEMPATH\Common.php(1178): CodeIgniter\View\View->render('admin/layout/wrapper', [], true)
 4 APPPATH\Controllers\Admin\Siswa.php(120): view('admin/layout/wrapper', [...])
 5 SYSTEMPATH\CodeIgniter.php(941): App\Controllers\Admin\Siswa->tambah()
 6 SYSTEMPATH\CodeIgniter.php(502): CodeIgniter\CodeIgniter->runController(Object(App\Controllers\Admin\Siswa))
 7 SYSTEMPATH\CodeIgniter.php(361): CodeIgniter\CodeIgniter->handleRequest(null, Object(Config\Cache), false)
 8 FCPATH\index.php(36): CodeIgniter\CodeIgniter->run()
 9 ROOTPATH\index.php(7): require_once('C:\\xampp\\htdocs\\webspp\\public\\index.php')
WARNING - 2025-06-16 06:07:29 --> [DEPRECATED] Creation of dynamic property App\Libraries\Simple_login::$session is deprecated in APPPATH\Libraries\Simple_login.php on line 130.
 1 APPPATH\Views\admin\layout\wrapper.php(8): App\Libraries\Simple_login->checklogin()
 2 SYSTEMPATH\View\View.php(228): include('C:\\xampp\\htdocs\\webspp\\app\\Views\\admin\\layout\\wrapper.php')
 3 SYSTEMPATH\View\View.php(231): CodeIgniter\View\View->CodeIgniter\View\{closure}()
 4 SYSTEMPATH\Common.php(1178): CodeIgniter\View\View->render('admin/layout/wrapper', [], true)
 5 APPPATH\Controllers\Admin\Siswa.php(120): view('admin/layout/wrapper', [...])
 6 SYSTEMPATH\CodeIgniter.php(941): App\Controllers\Admin\Siswa->tambah()
 7 SYSTEMPATH\CodeIgniter.php(502): CodeIgniter\CodeIgniter->runController(Object(App\Controllers\Admin\Siswa))
 8 SYSTEMPATH\CodeIgniter.php(361): CodeIgniter\CodeIgniter->handleRequest(null, Object(Config\Cache), false)
 9 FCPATH\index.php(36): CodeIgniter\CodeIgniter->run()
10 ROOTPATH\index.php(7): require_once('C:\\xampp\\htdocs\\webspp\\public\\index.php')
CRITICAL - 2025-06-16 06:07:30 --> ErrorException: Undefined variable $m_tahun
in APPPATH\Views\admin\siswa\tambah.php on line 101.
 1 APPPATH\Views\admin\siswa\tambah.php(101): CodeIgniter\Debug\Exceptions->errorHandler(2, 'Undefined variable $m_tahun', 'C:\\xampp\\htdocs\\webspp\\app\\Views\\admin\\siswa\\tambah.php', 101)
 2 SYSTEMPATH\View\View.php(228): include('C:\\xampp\\htdocs\\webspp\\app\\Views\\admin\\siswa\\tambah.php')
 3 SYSTEMPATH\View\View.php(231): CodeIgniter\View\View->CodeIgniter\View\{closure}()
 4 SYSTEMPATH\Common.php(1178): CodeIgniter\View\View->render('admin/siswa/tambah', [], true)
 5 APPPATH\Views\admin\layout\wrapper.php(13): view('admin/siswa/tambah')
 6 SYSTEMPATH\View\View.php(228): include('C:\\xampp\\htdocs\\webspp\\app\\Views\\admin\\layout\\wrapper.php')
 7 SYSTEMPATH\View\View.php(231): CodeIgniter\View\View->CodeIgniter\View\{closure}()
 8 SYSTEMPATH\Common.php(1178): CodeIgniter\View\View->render('admin/layout/wrapper', [], true)
 9 APPPATH\Controllers\Admin\Siswa.php(120): view('admin/layout/wrapper', [...])
10 SYSTEMPATH\CodeIgniter.php(941): App\Controllers\Admin\Siswa->tambah()
11 SYSTEMPATH\CodeIgniter.php(502): CodeIgniter\CodeIgniter->runController(Object(App\Controllers\Admin\Siswa))
12 SYSTEMPATH\CodeIgniter.php(361): CodeIgniter\CodeIgniter->handleRequest(null, Object(Config\Cache), false)
13 FCPATH\index.php(36): CodeIgniter\CodeIgniter->run()
14 ROOTPATH\index.php(7): require_once('C:\\xampp\\htdocs\\webspp\\public\\index.php')
INFO - 2025-06-16 06:08:56 --> Session: Class initialized using 'CodeIgniter\Session\Handlers\FileHandler' driver.
WARNING - 2025-06-16 06:08:56 --> [DEPRECATED] Creation of dynamic property CodeIgniter\View\View::$simple_login is deprecated in APPPATH\Views\admin\layout\wrapper.php on line 4.
 1 SYSTEMPATH\View\View.php(228): include('C:\\xampp\\htdocs\\webspp\\app\\Views\\admin\\layout\\wrapper.php')
 2 SYSTEMPATH\View\View.php(231): CodeIgniter\View\View->CodeIgniter\View\{closure}()
 3 SYSTEMPATH\Common.php(1178): CodeIgniter\View\View->render('admin/layout/wrapper', [], true)
 4 APPPATH\Controllers\Admin\Siswa.php(120): view('admin/layout/wrapper', [...])
 5 SYSTEMPATH\CodeIgniter.php(941): App\Controllers\Admin\Siswa->tambah()
 6 SYSTEMPATH\CodeIgniter.php(502): CodeIgniter\CodeIgniter->runController(Object(App\Controllers\Admin\Siswa))
 7 SYSTEMPATH\CodeIgniter.php(361): CodeIgniter\CodeIgniter->handleRequest(null, Object(Config\Cache), false)
 8 FCPATH\index.php(36): CodeIgniter\CodeIgniter->run()
 9 ROOTPATH\index.php(7): require_once('C:\\xampp\\htdocs\\webspp\\public\\index.php')
WARNING - 2025-06-16 06:08:56 --> [DEPRECATED] Creation of dynamic property CodeIgniter\View\View::$website is deprecated in APPPATH\Views\admin\layout\wrapper.php on line 5.
 1 SYSTEMPATH\View\View.php(228): include('C:\\xampp\\htdocs\\webspp\\app\\Views\\admin\\layout\\wrapper.php')
 2 SYSTEMPATH\View\View.php(231): CodeIgniter\View\View->CodeIgniter\View\{closure}()
 3 SYSTEMPATH\Common.php(1178): CodeIgniter\View\View->render('admin/layout/wrapper', [], true)
 4 APPPATH\Controllers\Admin\Siswa.php(120): view('admin/layout/wrapper', [...])
 5 SYSTEMPATH\CodeIgniter.php(941): App\Controllers\Admin\Siswa->tambah()
 6 SYSTEMPATH\CodeIgniter.php(502): CodeIgniter\CodeIgniter->runController(Object(App\Controllers\Admin\Siswa))
 7 SYSTEMPATH\CodeIgniter.php(361): CodeIgniter\CodeIgniter->handleRequest(null, Object(Config\Cache), false)
 8 FCPATH\index.php(36): CodeIgniter\CodeIgniter->run()
 9 ROOTPATH\index.php(7): require_once('C:\\xampp\\htdocs\\webspp\\public\\index.php')
WARNING - 2025-06-16 06:08:56 --> [DEPRECATED] Creation of dynamic property CodeIgniter\View\View::$session is deprecated in APPPATH\Views\admin\layout\wrapper.php on line 6.
 1 SYSTEMPATH\View\View.php(228): include('C:\\xampp\\htdocs\\webspp\\app\\Views\\admin\\layout\\wrapper.php')
 2 SYSTEMPATH\View\View.php(231): CodeIgniter\View\View->CodeIgniter\View\{closure}()
 3 SYSTEMPATH\Common.php(1178): CodeIgniter\View\View->render('admin/layout/wrapper', [], true)
 4 APPPATH\Controllers\Admin\Siswa.php(120): view('admin/layout/wrapper', [...])
 5 SYSTEMPATH\CodeIgniter.php(941): App\Controllers\Admin\Siswa->tambah()
 6 SYSTEMPATH\CodeIgniter.php(502): CodeIgniter\CodeIgniter->runController(Object(App\Controllers\Admin\Siswa))
 7 SYSTEMPATH\CodeIgniter.php(361): CodeIgniter\CodeIgniter->handleRequest(null, Object(Config\Cache), false)
 8 FCPATH\index.php(36): CodeIgniter\CodeIgniter->run()
 9 ROOTPATH\index.php(7): require_once('C:\\xampp\\htdocs\\webspp\\public\\index.php')
WARNING - 2025-06-16 06:08:56 --> [DEPRECATED] Creation of dynamic property App\Libraries\Simple_login::$session is deprecated in APPPATH\Libraries\Simple_login.php on line 130.
 1 APPPATH\Views\admin\layout\wrapper.php(8): App\Libraries\Simple_login->checklogin()
 2 SYSTEMPATH\View\View.php(228): include('C:\\xampp\\htdocs\\webspp\\app\\Views\\admin\\layout\\wrapper.php')
 3 SYSTEMPATH\View\View.php(231): CodeIgniter\View\View->CodeIgniter\View\{closure}()
 4 SYSTEMPATH\Common.php(1178): CodeIgniter\View\View->render('admin/layout/wrapper', [], true)
 5 APPPATH\Controllers\Admin\Siswa.php(120): view('admin/layout/wrapper', [...])
 6 SYSTEMPATH\CodeIgniter.php(941): App\Controllers\Admin\Siswa->tambah()
 7 SYSTEMPATH\CodeIgniter.php(502): CodeIgniter\CodeIgniter->runController(Object(App\Controllers\Admin\Siswa))
 8 SYSTEMPATH\CodeIgniter.php(361): CodeIgniter\CodeIgniter->handleRequest(null, Object(Config\Cache), false)
 9 FCPATH\index.php(36): CodeIgniter\CodeIgniter->run()
10 ROOTPATH\index.php(7): require_once('C:\\xampp\\htdocs\\webspp\\public\\index.php')
CRITICAL - 2025-06-16 06:08:56 --> ErrorException: Undefined variable $m_tahun
in APPPATH\Views\admin\siswa\tambah.php on line 101.
 1 APPPATH\Views\admin\siswa\tambah.php(101): CodeIgniter\Debug\Exceptions->errorHandler(2, 'Undefined variable $m_tahun', 'C:\\xampp\\htdocs\\webspp\\app\\Views\\admin\\siswa\\tambah.php', 101)
 2 SYSTEMPATH\View\View.php(228): include('C:\\xampp\\htdocs\\webspp\\app\\Views\\admin\\siswa\\tambah.php')
 3 SYSTEMPATH\View\View.php(231): CodeIgniter\View\View->CodeIgniter\View\{closure}()
 4 SYSTEMPATH\Common.php(1178): CodeIgniter\View\View->render('admin/siswa/tambah', [], true)
 5 APPPATH\Views\admin\layout\wrapper.php(13): view('admin/siswa/tambah')
 6 SYSTEMPATH\View\View.php(228): include('C:\\xampp\\htdocs\\webspp\\app\\Views\\admin\\layout\\wrapper.php')
 7 SYSTEMPATH\View\View.php(231): CodeIgniter\View\View->CodeIgniter\View\{closure}()
 8 SYSTEMPATH\Common.php(1178): CodeIgniter\View\View->render('admin/layout/wrapper', [], true)
 9 APPPATH\Controllers\Admin\Siswa.php(120): view('admin/layout/wrapper', [...])
10 SYSTEMPATH\CodeIgniter.php(941): App\Controllers\Admin\Siswa->tambah()
11 SYSTEMPATH\CodeIgniter.php(502): CodeIgniter\CodeIgniter->runController(Object(App\Controllers\Admin\Siswa))
12 SYSTEMPATH\CodeIgniter.php(361): CodeIgniter\CodeIgniter->handleRequest(null, Object(Config\Cache), false)
13 FCPATH\index.php(36): CodeIgniter\CodeIgniter->run()
14 ROOTPATH\index.php(7): require_once('C:\\xampp\\htdocs\\webspp\\public\\index.php')
INFO - 2025-06-16 06:09:03 --> Session: Class initialized using 'CodeIgniter\Session\Handlers\FileHandler' driver.
WARNING - 2025-06-16 06:09:03 --> [DEPRECATED] Creation of dynamic property CodeIgniter\View\View::$simple_login is deprecated in APPPATH\Views\admin\layout\wrapper.php on line 4.
 1 SYSTEMPATH\View\View.php(228): include('C:\\xampp\\htdocs\\webspp\\app\\Views\\admin\\layout\\wrapper.php')
 2 SYSTEMPATH\View\View.php(231): CodeIgniter\View\View->CodeIgniter\View\{closure}()
 3 SYSTEMPATH\Common.php(1178): CodeIgniter\View\View->render('admin/layout/wrapper', [], true)
 4 APPPATH\Controllers\Admin\Siswa.php(120): view('admin/layout/wrapper', [...])
 5 SYSTEMPATH\CodeIgniter.php(941): App\Controllers\Admin\Siswa->tambah()
 6 SYSTEMPATH\CodeIgniter.php(502): CodeIgniter\CodeIgniter->runController(Object(App\Controllers\Admin\Siswa))
 7 SYSTEMPATH\CodeIgniter.php(361): CodeIgniter\CodeIgniter->handleRequest(null, Object(Config\Cache), false)
 8 FCPATH\index.php(36): CodeIgniter\CodeIgniter->run()
 9 ROOTPATH\index.php(7): require_once('C:\\xampp\\htdocs\\webspp\\public\\index.php')
WARNING - 2025-06-16 06:09:03 --> [DEPRECATED] Creation of dynamic property CodeIgniter\View\View::$website is deprecated in APPPATH\Views\admin\layout\wrapper.php on line 5.
 1 SYSTEMPATH\View\View.php(228): include('C:\\xampp\\htdocs\\webspp\\app\\Views\\admin\\layout\\wrapper.php')
 2 SYSTEMPATH\View\View.php(231): CodeIgniter\View\View->CodeIgniter\View\{closure}()
 3 SYSTEMPATH\Common.php(1178): CodeIgniter\View\View->render('admin/layout/wrapper', [], true)
 4 APPPATH\Controllers\Admin\Siswa.php(120): view('admin/layout/wrapper', [...])
 5 SYSTEMPATH\CodeIgniter.php(941): App\Controllers\Admin\Siswa->tambah()
 6 SYSTEMPATH\CodeIgniter.php(502): CodeIgniter\CodeIgniter->runController(Object(App\Controllers\Admin\Siswa))
 7 SYSTEMPATH\CodeIgniter.php(361): CodeIgniter\CodeIgniter->handleRequest(null, Object(Config\Cache), false)
 8 FCPATH\index.php(36): CodeIgniter\CodeIgniter->run()
 9 ROOTPATH\index.php(7): require_once('C:\\xampp\\htdocs\\webspp\\public\\index.php')
WARNING - 2025-06-16 06:09:03 --> [DEPRECATED] Creation of dynamic property CodeIgniter\View\View::$session is deprecated in APPPATH\Views\admin\layout\wrapper.php on line 6.
 1 SYSTEMPATH\View\View.php(228): include('C:\\xampp\\htdocs\\webspp\\app\\Views\\admin\\layout\\wrapper.php')
 2 SYSTEMPATH\View\View.php(231): CodeIgniter\View\View->CodeIgniter\View\{closure}()
 3 SYSTEMPATH\Common.php(1178): CodeIgniter\View\View->render('admin/layout/wrapper', [], true)
 4 APPPATH\Controllers\Admin\Siswa.php(120): view('admin/layout/wrapper', [...])
 5 SYSTEMPATH\CodeIgniter.php(941): App\Controllers\Admin\Siswa->tambah()
 6 SYSTEMPATH\CodeIgniter.php(502): CodeIgniter\CodeIgniter->runController(Object(App\Controllers\Admin\Siswa))
 7 SYSTEMPATH\CodeIgniter.php(361): CodeIgniter\CodeIgniter->handleRequest(null, Object(Config\Cache), false)
 8 FCPATH\index.php(36): CodeIgniter\CodeIgniter->run()
 9 ROOTPATH\index.php(7): require_once('C:\\xampp\\htdocs\\webspp\\public\\index.php')
WARNING - 2025-06-16 06:09:03 --> [DEPRECATED] Creation of dynamic property App\Libraries\Simple_login::$session is deprecated in APPPATH\Libraries\Simple_login.php on line 130.
 1 APPPATH\Views\admin\layout\wrapper.php(8): App\Libraries\Simple_login->checklogin()
 2 SYSTEMPATH\View\View.php(228): include('C:\\xampp\\htdocs\\webspp\\app\\Views\\admin\\layout\\wrapper.php')
 3 SYSTEMPATH\View\View.php(231): CodeIgniter\View\View->CodeIgniter\View\{closure}()
 4 SYSTEMPATH\Common.php(1178): CodeIgniter\View\View->render('admin/layout/wrapper', [], true)
 5 APPPATH\Controllers\Admin\Siswa.php(120): view('admin/layout/wrapper', [...])
 6 SYSTEMPATH\CodeIgniter.php(941): App\Controllers\Admin\Siswa->tambah()
 7 SYSTEMPATH\CodeIgniter.php(502): CodeIgniter\CodeIgniter->runController(Object(App\Controllers\Admin\Siswa))
 8 SYSTEMPATH\CodeIgniter.php(361): CodeIgniter\CodeIgniter->handleRequest(null, Object(Config\Cache), false)
 9 FCPATH\index.php(36): CodeIgniter\CodeIgniter->run()
10 ROOTPATH\index.php(7): require_once('C:\\xampp\\htdocs\\webspp\\public\\index.php')
INFO - 2025-06-16 06:09:04 --> Session: Class initialized using 'CodeIgniter\Session\Handlers\FileHandler' driver.
WARNING - 2025-06-16 06:09:04 --> [DEPRECATED] Creation of dynamic property CodeIgniter\View\View::$simple_login is deprecated in APPPATH\Views\admin\layout\wrapper.php on line 4.
 1 SYSTEMPATH\View\View.php(228): include('C:\\xampp\\htdocs\\webspp\\app\\Views\\admin\\layout\\wrapper.php')
 2 SYSTEMPATH\View\View.php(231): CodeIgniter\View\View->CodeIgniter\View\{closure}()
 3 SYSTEMPATH\Common.php(1178): CodeIgniter\View\View->render('admin/layout/wrapper', [], true)
 4 APPPATH\Controllers\Admin\Siswa.php(120): view('admin/layout/wrapper', [...])
 5 SYSTEMPATH\CodeIgniter.php(941): App\Controllers\Admin\Siswa->tambah()
 6 SYSTEMPATH\CodeIgniter.php(502): CodeIgniter\CodeIgniter->runController(Object(App\Controllers\Admin\Siswa))
 7 SYSTEMPATH\CodeIgniter.php(361): CodeIgniter\CodeIgniter->handleRequest(null, Object(Config\Cache), false)
 8 FCPATH\index.php(36): CodeIgniter\CodeIgniter->run()
 9 ROOTPATH\index.php(7): require_once('C:\\xampp\\htdocs\\webspp\\public\\index.php')
WARNING - 2025-06-16 06:09:04 --> [DEPRECATED] Creation of dynamic property CodeIgniter\View\View::$website is deprecated in APPPATH\Views\admin\layout\wrapper.php on line 5.
 1 SYSTEMPATH\View\View.php(228): include('C:\\xampp\\htdocs\\webspp\\app\\Views\\admin\\layout\\wrapper.php')
 2 SYSTEMPATH\View\View.php(231): CodeIgniter\View\View->CodeIgniter\View\{closure}()
 3 SYSTEMPATH\Common.php(1178): CodeIgniter\View\View->render('admin/layout/wrapper', [], true)
 4 APPPATH\Controllers\Admin\Siswa.php(120): view('admin/layout/wrapper', [...])
 5 SYSTEMPATH\CodeIgniter.php(941): App\Controllers\Admin\Siswa->tambah()
 6 SYSTEMPATH\CodeIgniter.php(502): CodeIgniter\CodeIgniter->runController(Object(App\Controllers\Admin\Siswa))
 7 SYSTEMPATH\CodeIgniter.php(361): CodeIgniter\CodeIgniter->handleRequest(null, Object(Config\Cache), false)
 8 FCPATH\index.php(36): CodeIgniter\CodeIgniter->run()
 9 ROOTPATH\index.php(7): require_once('C:\\xampp\\htdocs\\webspp\\public\\index.php')
WARNING - 2025-06-16 06:09:04 --> [DEPRECATED] Creation of dynamic property CodeIgniter\View\View::$session is deprecated in APPPATH\Views\admin\layout\wrapper.php on line 6.
 1 SYSTEMPATH\View\View.php(228): include('C:\\xampp\\htdocs\\webspp\\app\\Views\\admin\\layout\\wrapper.php')
 2 SYSTEMPATH\View\View.php(231): CodeIgniter\View\View->CodeIgniter\View\{closure}()
 3 SYSTEMPATH\Common.php(1178): CodeIgniter\View\View->render('admin/layout/wrapper', [], true)
 4 APPPATH\Controllers\Admin\Siswa.php(120): view('admin/layout/wrapper', [...])
 5 SYSTEMPATH\CodeIgniter.php(941): App\Controllers\Admin\Siswa->tambah()
 6 SYSTEMPATH\CodeIgniter.php(502): CodeIgniter\CodeIgniter->runController(Object(App\Controllers\Admin\Siswa))
 7 SYSTEMPATH\CodeIgniter.php(361): CodeIgniter\CodeIgniter->handleRequest(null, Object(Config\Cache), false)
 8 FCPATH\index.php(36): CodeIgniter\CodeIgniter->run()
 9 ROOTPATH\index.php(7): require_once('C:\\xampp\\htdocs\\webspp\\public\\index.php')
WARNING - 2025-06-16 06:09:04 --> [DEPRECATED] Creation of dynamic property App\Libraries\Simple_login::$session is deprecated in APPPATH\Libraries\Simple_login.php on line 130.
 1 APPPATH\Views\admin\layout\wrapper.php(8): App\Libraries\Simple_login->checklogin()
 2 SYSTEMPATH\View\View.php(228): include('C:\\xampp\\htdocs\\webspp\\app\\Views\\admin\\layout\\wrapper.php')
 3 SYSTEMPATH\View\View.php(231): CodeIgniter\View\View->CodeIgniter\View\{closure}()
 4 SYSTEMPATH\Common.php(1178): CodeIgniter\View\View->render('admin/layout/wrapper', [], true)
 5 APPPATH\Controllers\Admin\Siswa.php(120): view('admin/layout/wrapper', [...])
 6 SYSTEMPATH\CodeIgniter.php(941): App\Controllers\Admin\Siswa->tambah()
 7 SYSTEMPATH\CodeIgniter.php(502): CodeIgniter\CodeIgniter->runController(Object(App\Controllers\Admin\Siswa))
 8 SYSTEMPATH\CodeIgniter.php(361): CodeIgniter\CodeIgniter->handleRequest(null, Object(Config\Cache), false)
 9 FCPATH\index.php(36): CodeIgniter\CodeIgniter->run()
10 ROOTPATH\index.php(7): require_once('C:\\xampp\\htdocs\\webspp\\public\\index.php')
INFO - 2025-06-16 06:13:17 --> Session: Class initialized using 'CodeIgniter\Session\Handlers\FileHandler' driver.
WARNING - 2025-06-16 06:13:17 --> [DEPRECATED] Creation of dynamic property CodeIgniter\View\View::$simple_login is deprecated in APPPATH\Views\admin\layout\wrapper.php on line 4.
 1 SYSTEMPATH\View\View.php(228): include('C:\\xampp\\htdocs\\webspp\\app\\Views\\admin\\layout\\wrapper.php')
 2 SYSTEMPATH\View\View.php(231): CodeIgniter\View\View->CodeIgniter\View\{closure}()
 3 SYSTEMPATH\Common.php(1178): CodeIgniter\View\View->render('admin/layout/wrapper', [], true)
 4 APPPATH\Controllers\Admin\Siswa.php(121): view('admin/layout/wrapper', [...])
 5 SYSTEMPATH\CodeIgniter.php(941): App\Controllers\Admin\Siswa->tambah()
 6 SYSTEMPATH\CodeIgniter.php(502): CodeIgniter\CodeIgniter->runController(Object(App\Controllers\Admin\Siswa))
 7 SYSTEMPATH\CodeIgniter.php(361): CodeIgniter\CodeIgniter->handleRequest(null, Object(Config\Cache), false)
 8 FCPATH\index.php(36): CodeIgniter\CodeIgniter->run()
 9 ROOTPATH\index.php(7): require_once('C:\\xampp\\htdocs\\webspp\\public\\index.php')
WARNING - 2025-06-16 06:13:17 --> [DEPRECATED] Creation of dynamic property CodeIgniter\View\View::$website is deprecated in APPPATH\Views\admin\layout\wrapper.php on line 5.
 1 SYSTEMPATH\View\View.php(228): include('C:\\xampp\\htdocs\\webspp\\app\\Views\\admin\\layout\\wrapper.php')
 2 SYSTEMPATH\View\View.php(231): CodeIgniter\View\View->CodeIgniter\View\{closure}()
 3 SYSTEMPATH\Common.php(1178): CodeIgniter\View\View->render('admin/layout/wrapper', [], true)
 4 APPPATH\Controllers\Admin\Siswa.php(121): view('admin/layout/wrapper', [...])
 5 SYSTEMPATH\CodeIgniter.php(941): App\Controllers\Admin\Siswa->tambah()
 6 SYSTEMPATH\CodeIgniter.php(502): CodeIgniter\CodeIgniter->runController(Object(App\Controllers\Admin\Siswa))
 7 SYSTEMPATH\CodeIgniter.php(361): CodeIgniter\CodeIgniter->handleRequest(null, Object(Config\Cache), false)
 8 FCPATH\index.php(36): CodeIgniter\CodeIgniter->run()
 9 ROOTPATH\index.php(7): require_once('C:\\xampp\\htdocs\\webspp\\public\\index.php')
WARNING - 2025-06-16 06:13:17 --> [DEPRECATED] Creation of dynamic property CodeIgniter\View\View::$session is deprecated in APPPATH\Views\admin\layout\wrapper.php on line 6.
 1 SYSTEMPATH\View\View.php(228): include('C:\\xampp\\htdocs\\webspp\\app\\Views\\admin\\layout\\wrapper.php')
 2 SYSTEMPATH\View\View.php(231): CodeIgniter\View\View->CodeIgniter\View\{closure}()
 3 SYSTEMPATH\Common.php(1178): CodeIgniter\View\View->render('admin/layout/wrapper', [], true)
 4 APPPATH\Controllers\Admin\Siswa.php(121): view('admin/layout/wrapper', [...])
 5 SYSTEMPATH\CodeIgniter.php(941): App\Controllers\Admin\Siswa->tambah()
 6 SYSTEMPATH\CodeIgniter.php(502): CodeIgniter\CodeIgniter->runController(Object(App\Controllers\Admin\Siswa))
 7 SYSTEMPATH\CodeIgniter.php(361): CodeIgniter\CodeIgniter->handleRequest(null, Object(Config\Cache), false)
 8 FCPATH\index.php(36): CodeIgniter\CodeIgniter->run()
 9 ROOTPATH\index.php(7): require_once('C:\\xampp\\htdocs\\webspp\\public\\index.php')
WARNING - 2025-06-16 06:13:17 --> [DEPRECATED] Creation of dynamic property App\Libraries\Simple_login::$session is deprecated in APPPATH\Libraries\Simple_login.php on line 130.
 1 APPPATH\Views\admin\layout\wrapper.php(8): App\Libraries\Simple_login->checklogin()
 2 SYSTEMPATH\View\View.php(228): include('C:\\xampp\\htdocs\\webspp\\app\\Views\\admin\\layout\\wrapper.php')
 3 SYSTEMPATH\View\View.php(231): CodeIgniter\View\View->CodeIgniter\View\{closure}()
 4 SYSTEMPATH\Common.php(1178): CodeIgniter\View\View->render('admin/layout/wrapper', [], true)
 5 APPPATH\Controllers\Admin\Siswa.php(121): view('admin/layout/wrapper', [...])
 6 SYSTEMPATH\CodeIgniter.php(941): App\Controllers\Admin\Siswa->tambah()
 7 SYSTEMPATH\CodeIgniter.php(502): CodeIgniter\CodeIgniter->runController(Object(App\Controllers\Admin\Siswa))
 8 SYSTEMPATH\CodeIgniter.php(361): CodeIgniter\CodeIgniter->handleRequest(null, Object(Config\Cache), false)
 9 FCPATH\index.php(36): CodeIgniter\CodeIgniter->run()
10 ROOTPATH\index.php(7): require_once('C:\\xampp\\htdocs\\webspp\\public\\index.php')
INFO - 2025-06-16 06:13:18 --> Session: Class initialized using 'CodeIgniter\Session\Handlers\FileHandler' driver.
WARNING - 2025-06-16 06:13:18 --> [DEPRECATED] Creation of dynamic property CodeIgniter\View\View::$simple_login is deprecated in APPPATH\Views\admin\layout\wrapper.php on line 4.
 1 SYSTEMPATH\View\View.php(228): include('C:\\xampp\\htdocs\\webspp\\app\\Views\\admin\\layout\\wrapper.php')
 2 SYSTEMPATH\View\View.php(231): CodeIgniter\View\View->CodeIgniter\View\{closure}()
 3 SYSTEMPATH\Common.php(1178): CodeIgniter\View\View->render('admin/layout/wrapper', [], true)
 4 APPPATH\Controllers\Admin\Siswa.php(121): view('admin/layout/wrapper', [...])
 5 SYSTEMPATH\CodeIgniter.php(941): App\Controllers\Admin\Siswa->tambah()
 6 SYSTEMPATH\CodeIgniter.php(502): CodeIgniter\CodeIgniter->runController(Object(App\Controllers\Admin\Siswa))
 7 SYSTEMPATH\CodeIgniter.php(361): CodeIgniter\CodeIgniter->handleRequest(null, Object(Config\Cache), false)
 8 FCPATH\index.php(36): CodeIgniter\CodeIgniter->run()
 9 ROOTPATH\index.php(7): require_once('C:\\xampp\\htdocs\\webspp\\public\\index.php')
WARNING - 2025-06-16 06:13:18 --> [DEPRECATED] Creation of dynamic property CodeIgniter\View\View::$website is deprecated in APPPATH\Views\admin\layout\wrapper.php on line 5.
 1 SYSTEMPATH\View\View.php(228): include('C:\\xampp\\htdocs\\webspp\\app\\Views\\admin\\layout\\wrapper.php')
 2 SYSTEMPATH\View\View.php(231): CodeIgniter\View\View->CodeIgniter\View\{closure}()
 3 SYSTEMPATH\Common.php(1178): CodeIgniter\View\View->render('admin/layout/wrapper', [], true)
 4 APPPATH\Controllers\Admin\Siswa.php(121): view('admin/layout/wrapper', [...])
 5 SYSTEMPATH\CodeIgniter.php(941): App\Controllers\Admin\Siswa->tambah()
 6 SYSTEMPATH\CodeIgniter.php(502): CodeIgniter\CodeIgniter->runController(Object(App\Controllers\Admin\Siswa))
 7 SYSTEMPATH\CodeIgniter.php(361): CodeIgniter\CodeIgniter->handleRequest(null, Object(Config\Cache), false)
 8 FCPATH\index.php(36): CodeIgniter\CodeIgniter->run()
 9 ROOTPATH\index.php(7): require_once('C:\\xampp\\htdocs\\webspp\\public\\index.php')
WARNING - 2025-06-16 06:13:18 --> [DEPRECATED] Creation of dynamic property CodeIgniter\View\View::$session is deprecated in APPPATH\Views\admin\layout\wrapper.php on line 6.
 1 SYSTEMPATH\View\View.php(228): include('C:\\xampp\\htdocs\\webspp\\app\\Views\\admin\\layout\\wrapper.php')
 2 SYSTEMPATH\View\View.php(231): CodeIgniter\View\View->CodeIgniter\View\{closure}()
 3 SYSTEMPATH\Common.php(1178): CodeIgniter\View\View->render('admin/layout/wrapper', [], true)
 4 APPPATH\Controllers\Admin\Siswa.php(121): view('admin/layout/wrapper', [...])
 5 SYSTEMPATH\CodeIgniter.php(941): App\Controllers\Admin\Siswa->tambah()
 6 SYSTEMPATH\CodeIgniter.php(502): CodeIgniter\CodeIgniter->runController(Object(App\Controllers\Admin\Siswa))
 7 SYSTEMPATH\CodeIgniter.php(361): CodeIgniter\CodeIgniter->handleRequest(null, Object(Config\Cache), false)
 8 FCPATH\index.php(36): CodeIgniter\CodeIgniter->run()
 9 ROOTPATH\index.php(7): require_once('C:\\xampp\\htdocs\\webspp\\public\\index.php')
WARNING - 2025-06-16 06:13:18 --> [DEPRECATED] Creation of dynamic property App\Libraries\Simple_login::$session is deprecated in APPPATH\Libraries\Simple_login.php on line 130.
 1 APPPATH\Views\admin\layout\wrapper.php(8): App\Libraries\Simple_login->checklogin()
 2 SYSTEMPATH\View\View.php(228): include('C:\\xampp\\htdocs\\webspp\\app\\Views\\admin\\layout\\wrapper.php')
 3 SYSTEMPATH\View\View.php(231): CodeIgniter\View\View->CodeIgniter\View\{closure}()
 4 SYSTEMPATH\Common.php(1178): CodeIgniter\View\View->render('admin/layout/wrapper', [], true)
 5 APPPATH\Controllers\Admin\Siswa.php(121): view('admin/layout/wrapper', [...])
 6 SYSTEMPATH\CodeIgniter.php(941): App\Controllers\Admin\Siswa->tambah()
 7 SYSTEMPATH\CodeIgniter.php(502): CodeIgniter\CodeIgniter->runController(Object(App\Controllers\Admin\Siswa))
 8 SYSTEMPATH\CodeIgniter.php(361): CodeIgniter\CodeIgniter->handleRequest(null, Object(Config\Cache), false)
 9 FCPATH\index.php(36): CodeIgniter\CodeIgniter->run()
10 ROOTPATH\index.php(7): require_once('C:\\xampp\\htdocs\\webspp\\public\\index.php')
INFO - 2025-06-16 06:14:30 --> Session: Class initialized using 'CodeIgniter\Session\Handlers\FileHandler' driver.
WARNING - 2025-06-16 06:14:30 --> [DEPRECATED] Creation of dynamic property CodeIgniter\View\View::$simple_login is deprecated in APPPATH\Views\admin\layout\wrapper.php on line 4.
 1 SYSTEMPATH\View\View.php(228): include('C:\\xampp\\htdocs\\webspp\\app\\Views\\admin\\layout\\wrapper.php')
 2 SYSTEMPATH\View\View.php(231): CodeIgniter\View\View->CodeIgniter\View\{closure}()
 3 SYSTEMPATH\Common.php(1178): CodeIgniter\View\View->render('admin/layout/wrapper', [], true)
 4 APPPATH\Controllers\Admin\Siswa.php(121): view('admin/layout/wrapper', [...])
 5 SYSTEMPATH\CodeIgniter.php(941): App\Controllers\Admin\Siswa->tambah()
 6 SYSTEMPATH\CodeIgniter.php(502): CodeIgniter\CodeIgniter->runController(Object(App\Controllers\Admin\Siswa))
 7 SYSTEMPATH\CodeIgniter.php(361): CodeIgniter\CodeIgniter->handleRequest(null, Object(Config\Cache), false)
 8 FCPATH\index.php(36): CodeIgniter\CodeIgniter->run()
 9 ROOTPATH\index.php(7): require_once('C:\\xampp\\htdocs\\webspp\\public\\index.php')
WARNING - 2025-06-16 06:14:30 --> [DEPRECATED] Creation of dynamic property CodeIgniter\View\View::$website is deprecated in APPPATH\Views\admin\layout\wrapper.php on line 5.
 1 SYSTEMPATH\View\View.php(228): include('C:\\xampp\\htdocs\\webspp\\app\\Views\\admin\\layout\\wrapper.php')
 2 SYSTEMPATH\View\View.php(231): CodeIgniter\View\View->CodeIgniter\View\{closure}()
 3 SYSTEMPATH\Common.php(1178): CodeIgniter\View\View->render('admin/layout/wrapper', [], true)
 4 APPPATH\Controllers\Admin\Siswa.php(121): view('admin/layout/wrapper', [...])
 5 SYSTEMPATH\CodeIgniter.php(941): App\Controllers\Admin\Siswa->tambah()
 6 SYSTEMPATH\CodeIgniter.php(502): CodeIgniter\CodeIgniter->runController(Object(App\Controllers\Admin\Siswa))
 7 SYSTEMPATH\CodeIgniter.php(361): CodeIgniter\CodeIgniter->handleRequest(null, Object(Config\Cache), false)
 8 FCPATH\index.php(36): CodeIgniter\CodeIgniter->run()
 9 ROOTPATH\index.php(7): require_once('C:\\xampp\\htdocs\\webspp\\public\\index.php')
WARNING - 2025-06-16 06:14:30 --> [DEPRECATED] Creation of dynamic property CodeIgniter\View\View::$session is deprecated in APPPATH\Views\admin\layout\wrapper.php on line 6.
 1 SYSTEMPATH\View\View.php(228): include('C:\\xampp\\htdocs\\webspp\\app\\Views\\admin\\layout\\wrapper.php')
 2 SYSTEMPATH\View\View.php(231): CodeIgniter\View\View->CodeIgniter\View\{closure}()
 3 SYSTEMPATH\Common.php(1178): CodeIgniter\View\View->render('admin/layout/wrapper', [], true)
 4 APPPATH\Controllers\Admin\Siswa.php(121): view('admin/layout/wrapper', [...])
 5 SYSTEMPATH\CodeIgniter.php(941): App\Controllers\Admin\Siswa->tambah()
 6 SYSTEMPATH\CodeIgniter.php(502): CodeIgniter\CodeIgniter->runController(Object(App\Controllers\Admin\Siswa))
 7 SYSTEMPATH\CodeIgniter.php(361): CodeIgniter\CodeIgniter->handleRequest(null, Object(Config\Cache), false)
 8 FCPATH\index.php(36): CodeIgniter\CodeIgniter->run()
 9 ROOTPATH\index.php(7): require_once('C:\\xampp\\htdocs\\webspp\\public\\index.php')
WARNING - 2025-06-16 06:14:30 --> [DEPRECATED] Creation of dynamic property App\Libraries\Simple_login::$session is deprecated in APPPATH\Libraries\Simple_login.php on line 130.
 1 APPPATH\Views\admin\layout\wrapper.php(8): App\Libraries\Simple_login->checklogin()
 2 SYSTEMPATH\View\View.php(228): include('C:\\xampp\\htdocs\\webspp\\app\\Views\\admin\\layout\\wrapper.php')
 3 SYSTEMPATH\View\View.php(231): CodeIgniter\View\View->CodeIgniter\View\{closure}()
 4 SYSTEMPATH\Common.php(1178): CodeIgniter\View\View->render('admin/layout/wrapper', [], true)
 5 APPPATH\Controllers\Admin\Siswa.php(121): view('admin/layout/wrapper', [...])
 6 SYSTEMPATH\CodeIgniter.php(941): App\Controllers\Admin\Siswa->tambah()
 7 SYSTEMPATH\CodeIgniter.php(502): CodeIgniter\CodeIgniter->runController(Object(App\Controllers\Admin\Siswa))
 8 SYSTEMPATH\CodeIgniter.php(361): CodeIgniter\CodeIgniter->handleRequest(null, Object(Config\Cache), false)
 9 FCPATH\index.php(36): CodeIgniter\CodeIgniter->run()
10 ROOTPATH\index.php(7): require_once('C:\\xampp\\htdocs\\webspp\\public\\index.php')
INFO - 2025-06-16 06:14:31 --> Session: Class initialized using 'CodeIgniter\Session\Handlers\FileHandler' driver.
WARNING - 2025-06-16 06:14:32 --> [DEPRECATED] Creation of dynamic property CodeIgniter\View\View::$simple_login is deprecated in APPPATH\Views\admin\layout\wrapper.php on line 4.
 1 SYSTEMPATH\View\View.php(228): include('C:\\xampp\\htdocs\\webspp\\app\\Views\\admin\\layout\\wrapper.php')
 2 SYSTEMPATH\View\View.php(231): CodeIgniter\View\View->CodeIgniter\View\{closure}()
 3 SYSTEMPATH\Common.php(1178): CodeIgniter\View\View->render('admin/layout/wrapper', [], true)
 4 APPPATH\Controllers\Admin\Siswa.php(121): view('admin/layout/wrapper', [...])
 5 SYSTEMPATH\CodeIgniter.php(941): App\Controllers\Admin\Siswa->tambah()
 6 SYSTEMPATH\CodeIgniter.php(502): CodeIgniter\CodeIgniter->runController(Object(App\Controllers\Admin\Siswa))
 7 SYSTEMPATH\CodeIgniter.php(361): CodeIgniter\CodeIgniter->handleRequest(null, Object(Config\Cache), false)
 8 FCPATH\index.php(36): CodeIgniter\CodeIgniter->run()
 9 ROOTPATH\index.php(7): require_once('C:\\xampp\\htdocs\\webspp\\public\\index.php')
WARNING - 2025-06-16 06:14:32 --> [DEPRECATED] Creation of dynamic property CodeIgniter\View\View::$website is deprecated in APPPATH\Views\admin\layout\wrapper.php on line 5.
 1 SYSTEMPATH\View\View.php(228): include('C:\\xampp\\htdocs\\webspp\\app\\Views\\admin\\layout\\wrapper.php')
 2 SYSTEMPATH\View\View.php(231): CodeIgniter\View\View->CodeIgniter\View\{closure}()
 3 SYSTEMPATH\Common.php(1178): CodeIgniter\View\View->render('admin/layout/wrapper', [], true)
 4 APPPATH\Controllers\Admin\Siswa.php(121): view('admin/layout/wrapper', [...])
 5 SYSTEMPATH\CodeIgniter.php(941): App\Controllers\Admin\Siswa->tambah()
 6 SYSTEMPATH\CodeIgniter.php(502): CodeIgniter\CodeIgniter->runController(Object(App\Controllers\Admin\Siswa))
 7 SYSTEMPATH\CodeIgniter.php(361): CodeIgniter\CodeIgniter->handleRequest(null, Object(Config\Cache), false)
 8 FCPATH\index.php(36): CodeIgniter\CodeIgniter->run()
 9 ROOTPATH\index.php(7): require_once('C:\\xampp\\htdocs\\webspp\\public\\index.php')
WARNING - 2025-06-16 06:14:32 --> [DEPRECATED] Creation of dynamic property CodeIgniter\View\View::$session is deprecated in APPPATH\Views\admin\layout\wrapper.php on line 6.
 1 SYSTEMPATH\View\View.php(228): include('C:\\xampp\\htdocs\\webspp\\app\\Views\\admin\\layout\\wrapper.php')
 2 SYSTEMPATH\View\View.php(231): CodeIgniter\View\View->CodeIgniter\View\{closure}()
 3 SYSTEMPATH\Common.php(1178): CodeIgniter\View\View->render('admin/layout/wrapper', [], true)
 4 APPPATH\Controllers\Admin\Siswa.php(121): view('admin/layout/wrapper', [...])
 5 SYSTEMPATH\CodeIgniter.php(941): App\Controllers\Admin\Siswa->tambah()
 6 SYSTEMPATH\CodeIgniter.php(502): CodeIgniter\CodeIgniter->runController(Object(App\Controllers\Admin\Siswa))
 7 SYSTEMPATH\CodeIgniter.php(361): CodeIgniter\CodeIgniter->handleRequest(null, Object(Config\Cache), false)
 8 FCPATH\index.php(36): CodeIgniter\CodeIgniter->run()
 9 ROOTPATH\index.php(7): require_once('C:\\xampp\\htdocs\\webspp\\public\\index.php')
WARNING - 2025-06-16 06:14:32 --> [DEPRECATED] Creation of dynamic property App\Libraries\Simple_login::$session is deprecated in APPPATH\Libraries\Simple_login.php on line 130.
 1 APPPATH\Views\admin\layout\wrapper.php(8): App\Libraries\Simple_login->checklogin()
 2 SYSTEMPATH\View\View.php(228): include('C:\\xampp\\htdocs\\webspp\\app\\Views\\admin\\layout\\wrapper.php')
 3 SYSTEMPATH\View\View.php(231): CodeIgniter\View\View->CodeIgniter\View\{closure}()
 4 SYSTEMPATH\Common.php(1178): CodeIgniter\View\View->render('admin/layout/wrapper', [], true)
 5 APPPATH\Controllers\Admin\Siswa.php(121): view('admin/layout/wrapper', [...])
 6 SYSTEMPATH\CodeIgniter.php(941): App\Controllers\Admin\Siswa->tambah()
 7 SYSTEMPATH\CodeIgniter.php(502): CodeIgniter\CodeIgniter->runController(Object(App\Controllers\Admin\Siswa))
 8 SYSTEMPATH\CodeIgniter.php(361): CodeIgniter\CodeIgniter->handleRequest(null, Object(Config\Cache), false)
 9 FCPATH\index.php(36): CodeIgniter\CodeIgniter->run()
10 ROOTPATH\index.php(7): require_once('C:\\xampp\\htdocs\\webspp\\public\\index.php')
INFO - 2025-06-16 06:15:02 --> Session: Class initialized using 'CodeIgniter\Session\Handlers\FileHandler' driver.
WARNING - 2025-06-16 06:15:02 --> [DEPRECATED] Creation of dynamic property CodeIgniter\View\View::$simple_login is deprecated in APPPATH\Views\admin\layout\wrapper.php on line 4.
 1 SYSTEMPATH\View\View.php(228): include('C:\\xampp\\htdocs\\webspp\\app\\Views\\admin\\layout\\wrapper.php')
 2 SYSTEMPATH\View\View.php(231): CodeIgniter\View\View->CodeIgniter\View\{closure}()
 3 SYSTEMPATH\Common.php(1178): CodeIgniter\View\View->render('admin/layout/wrapper', [], true)
 4 APPPATH\Controllers\Admin\Siswa.php(121): view('admin/layout/wrapper', [...])
 5 SYSTEMPATH\CodeIgniter.php(941): App\Controllers\Admin\Siswa->tambah()
 6 SYSTEMPATH\CodeIgniter.php(502): CodeIgniter\CodeIgniter->runController(Object(App\Controllers\Admin\Siswa))
 7 SYSTEMPATH\CodeIgniter.php(361): CodeIgniter\CodeIgniter->handleRequest(null, Object(Config\Cache), false)
 8 FCPATH\index.php(36): CodeIgniter\CodeIgniter->run()
 9 ROOTPATH\index.php(7): require_once('C:\\xampp\\htdocs\\webspp\\public\\index.php')
WARNING - 2025-06-16 06:15:02 --> [DEPRECATED] Creation of dynamic property CodeIgniter\View\View::$website is deprecated in APPPATH\Views\admin\layout\wrapper.php on line 5.
 1 SYSTEMPATH\View\View.php(228): include('C:\\xampp\\htdocs\\webspp\\app\\Views\\admin\\layout\\wrapper.php')
 2 SYSTEMPATH\View\View.php(231): CodeIgniter\View\View->CodeIgniter\View\{closure}()
 3 SYSTEMPATH\Common.php(1178): CodeIgniter\View\View->render('admin/layout/wrapper', [], true)
 4 APPPATH\Controllers\Admin\Siswa.php(121): view('admin/layout/wrapper', [...])
 5 SYSTEMPATH\CodeIgniter.php(941): App\Controllers\Admin\Siswa->tambah()
 6 SYSTEMPATH\CodeIgniter.php(502): CodeIgniter\CodeIgniter->runController(Object(App\Controllers\Admin\Siswa))
 7 SYSTEMPATH\CodeIgniter.php(361): CodeIgniter\CodeIgniter->handleRequest(null, Object(Config\Cache), false)
 8 FCPATH\index.php(36): CodeIgniter\CodeIgniter->run()
 9 ROOTPATH\index.php(7): require_once('C:\\xampp\\htdocs\\webspp\\public\\index.php')
WARNING - 2025-06-16 06:15:02 --> [DEPRECATED] Creation of dynamic property CodeIgniter\View\View::$session is deprecated in APPPATH\Views\admin\layout\wrapper.php on line 6.
 1 SYSTEMPATH\View\View.php(228): include('C:\\xampp\\htdocs\\webspp\\app\\Views\\admin\\layout\\wrapper.php')
 2 SYSTEMPATH\View\View.php(231): CodeIgniter\View\View->CodeIgniter\View\{closure}()
 3 SYSTEMPATH\Common.php(1178): CodeIgniter\View\View->render('admin/layout/wrapper', [], true)
 4 APPPATH\Controllers\Admin\Siswa.php(121): view('admin/layout/wrapper', [...])
 5 SYSTEMPATH\CodeIgniter.php(941): App\Controllers\Admin\Siswa->tambah()
 6 SYSTEMPATH\CodeIgniter.php(502): CodeIgniter\CodeIgniter->runController(Object(App\Controllers\Admin\Siswa))
 7 SYSTEMPATH\CodeIgniter.php(361): CodeIgniter\CodeIgniter->handleRequest(null, Object(Config\Cache), false)
 8 FCPATH\index.php(36): CodeIgniter\CodeIgniter->run()
 9 ROOTPATH\index.php(7): require_once('C:\\xampp\\htdocs\\webspp\\public\\index.php')
WARNING - 2025-06-16 06:15:02 --> [DEPRECATED] Creation of dynamic property App\Libraries\Simple_login::$session is deprecated in APPPATH\Libraries\Simple_login.php on line 130.
 1 APPPATH\Views\admin\layout\wrapper.php(8): App\Libraries\Simple_login->checklogin()
 2 SYSTEMPATH\View\View.php(228): include('C:\\xampp\\htdocs\\webspp\\app\\Views\\admin\\layout\\wrapper.php')
 3 SYSTEMPATH\View\View.php(231): CodeIgniter\View\View->CodeIgniter\View\{closure}()
 4 SYSTEMPATH\Common.php(1178): CodeIgniter\View\View->render('admin/layout/wrapper', [], true)
 5 APPPATH\Controllers\Admin\Siswa.php(121): view('admin/layout/wrapper', [...])
 6 SYSTEMPATH\CodeIgniter.php(941): App\Controllers\Admin\Siswa->tambah()
 7 SYSTEMPATH\CodeIgniter.php(502): CodeIgniter\CodeIgniter->runController(Object(App\Controllers\Admin\Siswa))
 8 SYSTEMPATH\CodeIgniter.php(361): CodeIgniter\CodeIgniter->handleRequest(null, Object(Config\Cache), false)
 9 FCPATH\index.php(36): CodeIgniter\CodeIgniter->run()
10 ROOTPATH\index.php(7): require_once('C:\\xampp\\htdocs\\webspp\\public\\index.php')
INFO - 2025-06-16 06:16:00 --> Session: Class initialized using 'CodeIgniter\Session\Handlers\FileHandler' driver.
WARNING - 2025-06-16 06:16:00 --> [DEPRECATED] Creation of dynamic property CodeIgniter\View\View::$simple_login is deprecated in APPPATH\Views\admin\layout\wrapper.php on line 4.
 1 SYSTEMPATH\View\View.php(228): include('C:\\xampp\\htdocs\\webspp\\app\\Views\\admin\\layout\\wrapper.php')
 2 SYSTEMPATH\View\View.php(231): CodeIgniter\View\View->CodeIgniter\View\{closure}()
 3 SYSTEMPATH\Common.php(1178): CodeIgniter\View\View->render('admin/layout/wrapper', [], true)
 4 APPPATH\Controllers\Admin\Siswa.php(121): view('admin/layout/wrapper', [...])
 5 SYSTEMPATH\CodeIgniter.php(941): App\Controllers\Admin\Siswa->tambah()
 6 SYSTEMPATH\CodeIgniter.php(502): CodeIgniter\CodeIgniter->runController(Object(App\Controllers\Admin\Siswa))
 7 SYSTEMPATH\CodeIgniter.php(361): CodeIgniter\CodeIgniter->handleRequest(null, Object(Config\Cache), false)
 8 FCPATH\index.php(36): CodeIgniter\CodeIgniter->run()
 9 ROOTPATH\index.php(7): require_once('C:\\xampp\\htdocs\\webspp\\public\\index.php')
WARNING - 2025-06-16 06:16:00 --> [DEPRECATED] Creation of dynamic property CodeIgniter\View\View::$website is deprecated in APPPATH\Views\admin\layout\wrapper.php on line 5.
 1 SYSTEMPATH\View\View.php(228): include('C:\\xampp\\htdocs\\webspp\\app\\Views\\admin\\layout\\wrapper.php')
 2 SYSTEMPATH\View\View.php(231): CodeIgniter\View\View->CodeIgniter\View\{closure}()
 3 SYSTEMPATH\Common.php(1178): CodeIgniter\View\View->render('admin/layout/wrapper', [], true)
 4 APPPATH\Controllers\Admin\Siswa.php(121): view('admin/layout/wrapper', [...])
 5 SYSTEMPATH\CodeIgniter.php(941): App\Controllers\Admin\Siswa->tambah()
 6 SYSTEMPATH\CodeIgniter.php(502): CodeIgniter\CodeIgniter->runController(Object(App\Controllers\Admin\Siswa))
 7 SYSTEMPATH\CodeIgniter.php(361): CodeIgniter\CodeIgniter->handleRequest(null, Object(Config\Cache), false)
 8 FCPATH\index.php(36): CodeIgniter\CodeIgniter->run()
 9 ROOTPATH\index.php(7): require_once('C:\\xampp\\htdocs\\webspp\\public\\index.php')
WARNING - 2025-06-16 06:16:00 --> [DEPRECATED] Creation of dynamic property CodeIgniter\View\View::$session is deprecated in APPPATH\Views\admin\layout\wrapper.php on line 6.
 1 SYSTEMPATH\View\View.php(228): include('C:\\xampp\\htdocs\\webspp\\app\\Views\\admin\\layout\\wrapper.php')
 2 SYSTEMPATH\View\View.php(231): CodeIgniter\View\View->CodeIgniter\View\{closure}()
 3 SYSTEMPATH\Common.php(1178): CodeIgniter\View\View->render('admin/layout/wrapper', [], true)
 4 APPPATH\Controllers\Admin\Siswa.php(121): view('admin/layout/wrapper', [...])
 5 SYSTEMPATH\CodeIgniter.php(941): App\Controllers\Admin\Siswa->tambah()
 6 SYSTEMPATH\CodeIgniter.php(502): CodeIgniter\CodeIgniter->runController(Object(App\Controllers\Admin\Siswa))
 7 SYSTEMPATH\CodeIgniter.php(361): CodeIgniter\CodeIgniter->handleRequest(null, Object(Config\Cache), false)
 8 FCPATH\index.php(36): CodeIgniter\CodeIgniter->run()
 9 ROOTPATH\index.php(7): require_once('C:\\xampp\\htdocs\\webspp\\public\\index.php')
WARNING - 2025-06-16 06:16:00 --> [DEPRECATED] Creation of dynamic property App\Libraries\Simple_login::$session is deprecated in APPPATH\Libraries\Simple_login.php on line 130.
 1 APPPATH\Views\admin\layout\wrapper.php(8): App\Libraries\Simple_login->checklogin()
 2 SYSTEMPATH\View\View.php(228): include('C:\\xampp\\htdocs\\webspp\\app\\Views\\admin\\layout\\wrapper.php')
 3 SYSTEMPATH\View\View.php(231): CodeIgniter\View\View->CodeIgniter\View\{closure}()
 4 SYSTEMPATH\Common.php(1178): CodeIgniter\View\View->render('admin/layout/wrapper', [], true)
 5 APPPATH\Controllers\Admin\Siswa.php(121): view('admin/layout/wrapper', [...])
 6 SYSTEMPATH\CodeIgniter.php(941): App\Controllers\Admin\Siswa->tambah()
 7 SYSTEMPATH\CodeIgniter.php(502): CodeIgniter\CodeIgniter->runController(Object(App\Controllers\Admin\Siswa))
 8 SYSTEMPATH\CodeIgniter.php(361): CodeIgniter\CodeIgniter->handleRequest(null, Object(Config\Cache), false)
 9 FCPATH\index.php(36): CodeIgniter\CodeIgniter->run()
10 ROOTPATH\index.php(7): require_once('C:\\xampp\\htdocs\\webspp\\public\\index.php')
INFO - 2025-06-16 06:16:40 --> Session: Class initialized using 'CodeIgniter\Session\Handlers\FileHandler' driver.
WARNING - 2025-06-16 06:16:40 --> [DEPRECATED] Creation of dynamic property CodeIgniter\View\View::$simple_login is deprecated in APPPATH\Views\admin\layout\wrapper.php on line 4.
 1 SYSTEMPATH\View\View.php(228): include('C:\\xampp\\htdocs\\webspp\\app\\Views\\admin\\layout\\wrapper.php')
 2 SYSTEMPATH\View\View.php(231): CodeIgniter\View\View->CodeIgniter\View\{closure}()
 3 SYSTEMPATH\Common.php(1178): CodeIgniter\View\View->render('admin/layout/wrapper', [], true)
 4 APPPATH\Controllers\Admin\Siswa.php(121): view('admin/layout/wrapper', [...])
 5 SYSTEMPATH\CodeIgniter.php(941): App\Controllers\Admin\Siswa->tambah()
 6 SYSTEMPATH\CodeIgniter.php(502): CodeIgniter\CodeIgniter->runController(Object(App\Controllers\Admin\Siswa))
 7 SYSTEMPATH\CodeIgniter.php(361): CodeIgniter\CodeIgniter->handleRequest(null, Object(Config\Cache), false)
 8 FCPATH\index.php(36): CodeIgniter\CodeIgniter->run()
 9 ROOTPATH\index.php(7): require_once('C:\\xampp\\htdocs\\webspp\\public\\index.php')
WARNING - 2025-06-16 06:16:40 --> [DEPRECATED] Creation of dynamic property CodeIgniter\View\View::$website is deprecated in APPPATH\Views\admin\layout\wrapper.php on line 5.
 1 SYSTEMPATH\View\View.php(228): include('C:\\xampp\\htdocs\\webspp\\app\\Views\\admin\\layout\\wrapper.php')
 2 SYSTEMPATH\View\View.php(231): CodeIgniter\View\View->CodeIgniter\View\{closure}()
 3 SYSTEMPATH\Common.php(1178): CodeIgniter\View\View->render('admin/layout/wrapper', [], true)
 4 APPPATH\Controllers\Admin\Siswa.php(121): view('admin/layout/wrapper', [...])
 5 SYSTEMPATH\CodeIgniter.php(941): App\Controllers\Admin\Siswa->tambah()
 6 SYSTEMPATH\CodeIgniter.php(502): CodeIgniter\CodeIgniter->runController(Object(App\Controllers\Admin\Siswa))
 7 SYSTEMPATH\CodeIgniter.php(361): CodeIgniter\CodeIgniter->handleRequest(null, Object(Config\Cache), false)
 8 FCPATH\index.php(36): CodeIgniter\CodeIgniter->run()
 9 ROOTPATH\index.php(7): require_once('C:\\xampp\\htdocs\\webspp\\public\\index.php')
WARNING - 2025-06-16 06:16:40 --> [DEPRECATED] Creation of dynamic property CodeIgniter\View\View::$session is deprecated in APPPATH\Views\admin\layout\wrapper.php on line 6.
 1 SYSTEMPATH\View\View.php(228): include('C:\\xampp\\htdocs\\webspp\\app\\Views\\admin\\layout\\wrapper.php')
 2 SYSTEMPATH\View\View.php(231): CodeIgniter\View\View->CodeIgniter\View\{closure}()
 3 SYSTEMPATH\Common.php(1178): CodeIgniter\View\View->render('admin/layout/wrapper', [], true)
 4 APPPATH\Controllers\Admin\Siswa.php(121): view('admin/layout/wrapper', [...])
 5 SYSTEMPATH\CodeIgniter.php(941): App\Controllers\Admin\Siswa->tambah()
 6 SYSTEMPATH\CodeIgniter.php(502): CodeIgniter\CodeIgniter->runController(Object(App\Controllers\Admin\Siswa))
 7 SYSTEMPATH\CodeIgniter.php(361): CodeIgniter\CodeIgniter->handleRequest(null, Object(Config\Cache), false)
 8 FCPATH\index.php(36): CodeIgniter\CodeIgniter->run()
 9 ROOTPATH\index.php(7): require_once('C:\\xampp\\htdocs\\webspp\\public\\index.php')
WARNING - 2025-06-16 06:16:40 --> [DEPRECATED] Creation of dynamic property App\Libraries\Simple_login::$session is deprecated in APPPATH\Libraries\Simple_login.php on line 130.
 1 APPPATH\Views\admin\layout\wrapper.php(8): App\Libraries\Simple_login->checklogin()
 2 SYSTEMPATH\View\View.php(228): include('C:\\xampp\\htdocs\\webspp\\app\\Views\\admin\\layout\\wrapper.php')
 3 SYSTEMPATH\View\View.php(231): CodeIgniter\View\View->CodeIgniter\View\{closure}()
 4 SYSTEMPATH\Common.php(1178): CodeIgniter\View\View->render('admin/layout/wrapper', [], true)
 5 APPPATH\Controllers\Admin\Siswa.php(121): view('admin/layout/wrapper', [...])
 6 SYSTEMPATH\CodeIgniter.php(941): App\Controllers\Admin\Siswa->tambah()
 7 SYSTEMPATH\CodeIgniter.php(502): CodeIgniter\CodeIgniter->runController(Object(App\Controllers\Admin\Siswa))
 8 SYSTEMPATH\CodeIgniter.php(361): CodeIgniter\CodeIgniter->handleRequest(null, Object(Config\Cache), false)
 9 FCPATH\index.php(36): CodeIgniter\CodeIgniter->run()
10 ROOTPATH\index.php(7): require_once('C:\\xampp\\htdocs\\webspp\\public\\index.php')
INFO - 2025-06-16 06:18:40 --> Session: Class initialized using 'CodeIgniter\Session\Handlers\FileHandler' driver.
INFO - 2025-06-16 06:18:40 --> Session: Class initialized using 'CodeIgniter\Session\Handlers\FileHandler' driver.
WARNING - 2025-06-16 06:18:40 --> [DEPRECATED] Creation of dynamic property CodeIgniter\View\View::$simple_login is deprecated in APPPATH\Views\admin\layout\wrapper.php on line 4.
 1 SYSTEMPATH\View\View.php(228): include('C:\\xampp\\htdocs\\webspp\\app\\Views\\admin\\layout\\wrapper.php')
 2 SYSTEMPATH\View\View.php(231): CodeIgniter\View\View->CodeIgniter\View\{closure}()
 3 SYSTEMPATH\Common.php(1178): CodeIgniter\View\View->render('admin/layout/wrapper', [], true)
 4 APPPATH\Controllers\Admin\Siswa.php(53): view('admin/layout/wrapper', [...])
 5 SYSTEMPATH\CodeIgniter.php(941): App\Controllers\Admin\Siswa->index()
 6 SYSTEMPATH\CodeIgniter.php(502): CodeIgniter\CodeIgniter->runController(Object(App\Controllers\Admin\Siswa))
 7 SYSTEMPATH\CodeIgniter.php(361): CodeIgniter\CodeIgniter->handleRequest(null, Object(Config\Cache), false)
 8 FCPATH\index.php(36): CodeIgniter\CodeIgniter->run()
 9 ROOTPATH\index.php(7): require_once('C:\\xampp\\htdocs\\webspp\\public\\index.php')
WARNING - 2025-06-16 06:18:40 --> [DEPRECATED] Creation of dynamic property CodeIgniter\View\View::$website is deprecated in APPPATH\Views\admin\layout\wrapper.php on line 5.
 1 SYSTEMPATH\View\View.php(228): include('C:\\xampp\\htdocs\\webspp\\app\\Views\\admin\\layout\\wrapper.php')
 2 SYSTEMPATH\View\View.php(231): CodeIgniter\View\View->CodeIgniter\View\{closure}()
 3 SYSTEMPATH\Common.php(1178): CodeIgniter\View\View->render('admin/layout/wrapper', [], true)
 4 APPPATH\Controllers\Admin\Siswa.php(53): view('admin/layout/wrapper', [...])
 5 SYSTEMPATH\CodeIgniter.php(941): App\Controllers\Admin\Siswa->index()
 6 SYSTEMPATH\CodeIgniter.php(502): CodeIgniter\CodeIgniter->runController(Object(App\Controllers\Admin\Siswa))
 7 SYSTEMPATH\CodeIgniter.php(361): CodeIgniter\CodeIgniter->handleRequest(null, Object(Config\Cache), false)
 8 FCPATH\index.php(36): CodeIgniter\CodeIgniter->run()
 9 ROOTPATH\index.php(7): require_once('C:\\xampp\\htdocs\\webspp\\public\\index.php')
WARNING - 2025-06-16 06:18:40 --> [DEPRECATED] Creation of dynamic property CodeIgniter\View\View::$session is deprecated in APPPATH\Views\admin\layout\wrapper.php on line 6.
 1 SYSTEMPATH\View\View.php(228): include('C:\\xampp\\htdocs\\webspp\\app\\Views\\admin\\layout\\wrapper.php')
 2 SYSTEMPATH\View\View.php(231): CodeIgniter\View\View->CodeIgniter\View\{closure}()
 3 SYSTEMPATH\Common.php(1178): CodeIgniter\View\View->render('admin/layout/wrapper', [], true)
 4 APPPATH\Controllers\Admin\Siswa.php(53): view('admin/layout/wrapper', [...])
 5 SYSTEMPATH\CodeIgniter.php(941): App\Controllers\Admin\Siswa->index()
 6 SYSTEMPATH\CodeIgniter.php(502): CodeIgniter\CodeIgniter->runController(Object(App\Controllers\Admin\Siswa))
 7 SYSTEMPATH\CodeIgniter.php(361): CodeIgniter\CodeIgniter->handleRequest(null, Object(Config\Cache), false)
 8 FCPATH\index.php(36): CodeIgniter\CodeIgniter->run()
 9 ROOTPATH\index.php(7): require_once('C:\\xampp\\htdocs\\webspp\\public\\index.php')
WARNING - 2025-06-16 06:18:40 --> [DEPRECATED] Creation of dynamic property App\Libraries\Simple_login::$session is deprecated in APPPATH\Libraries\Simple_login.php on line 130.
 1 APPPATH\Views\admin\layout\wrapper.php(8): App\Libraries\Simple_login->checklogin()
 2 SYSTEMPATH\View\View.php(228): include('C:\\xampp\\htdocs\\webspp\\app\\Views\\admin\\layout\\wrapper.php')
 3 SYSTEMPATH\View\View.php(231): CodeIgniter\View\View->CodeIgniter\View\{closure}()
 4 SYSTEMPATH\Common.php(1178): CodeIgniter\View\View->render('admin/layout/wrapper', [], true)
 5 APPPATH\Controllers\Admin\Siswa.php(53): view('admin/layout/wrapper', [...])
 6 SYSTEMPATH\CodeIgniter.php(941): App\Controllers\Admin\Siswa->index()
 7 SYSTEMPATH\CodeIgniter.php(502): CodeIgniter\CodeIgniter->runController(Object(App\Controllers\Admin\Siswa))
 8 SYSTEMPATH\CodeIgniter.php(361): CodeIgniter\CodeIgniter->handleRequest(null, Object(Config\Cache), false)
 9 FCPATH\index.php(36): CodeIgniter\CodeIgniter->run()
10 ROOTPATH\index.php(7): require_once('C:\\xampp\\htdocs\\webspp\\public\\index.php')
INFO - 2025-06-16 06:41:47 --> Session: Class initialized using 'CodeIgniter\Session\Handlers\FileHandler' driver.
WARNING - 2025-06-16 06:41:48 --> [DEPRECATED] Creation of dynamic property CodeIgniter\View\View::$website is deprecated in APPPATH\Views\layout\wrapper.php on line 3.
 1 SYSTEMPATH\View\View.php(228): include('C:\\xampp\\htdocs\\webspp\\app\\Views\\layout\\wrapper.php')
 2 SYSTEMPATH\View\View.php(231): CodeIgniter\View\View->CodeIgniter\View\{closure}()
 3 SYSTEMPATH\Common.php(1178): CodeIgniter\View\View->render('layout/wrapper', [], true)
 4 APPPATH\Controllers\Signin.php(51): view('layout/wrapper', [...])
 5 SYSTEMPATH\CodeIgniter.php(941): App\Controllers\Signin->index()
 6 SYSTEMPATH\CodeIgniter.php(502): CodeIgniter\CodeIgniter->runController(Object(App\Controllers\Signin))
 7 SYSTEMPATH\CodeIgniter.php(361): CodeIgniter\CodeIgniter->handleRequest(null, Object(Config\Cache), false)
 8 FCPATH\index.php(36): CodeIgniter\CodeIgniter->run()
 9 SYSTEMPATH\Commands\Server\rewrite.php(47): require_once('C:\\xampp\\htdocs\\webspp\\public\\index.php')
WARNING - 2025-06-16 06:41:48 --> [DEPRECATED] Creation of dynamic property CodeIgniter\View\View::$session is deprecated in APPPATH\Views\layout\wrapper.php on line 4.
 1 SYSTEMPATH\View\View.php(228): include('C:\\xampp\\htdocs\\webspp\\app\\Views\\layout\\wrapper.php')
 2 SYSTEMPATH\View\View.php(231): CodeIgniter\View\View->CodeIgniter\View\{closure}()
 3 SYSTEMPATH\Common.php(1178): CodeIgniter\View\View->render('layout/wrapper', [], true)
 4 APPPATH\Controllers\Signin.php(51): view('layout/wrapper', [...])
 5 SYSTEMPATH\CodeIgniter.php(941): App\Controllers\Signin->index()
 6 SYSTEMPATH\CodeIgniter.php(502): CodeIgniter\CodeIgniter->runController(Object(App\Controllers\Signin))
 7 SYSTEMPATH\CodeIgniter.php(361): CodeIgniter\CodeIgniter->handleRequest(null, Object(Config\Cache), false)
 8 FCPATH\index.php(36): CodeIgniter\CodeIgniter->run()
 9 SYSTEMPATH\Commands\Server\rewrite.php(47): require_once('C:\\xampp\\htdocs\\webspp\\public\\index.php')
INFO - 2025-06-16 06:41:55 --> Session: Class initialized using 'CodeIgniter\Session\Handlers\FileHandler' driver.
WARNING - 2025-06-16 06:41:55 --> [DEPRECATED] Creation of dynamic property CodeIgniter\View\View::$website is deprecated in APPPATH\Views\login\wrapper.php on line 3.
 1 SYSTEMPATH\View\View.php(228): include('C:\\xampp\\htdocs\\webspp\\app\\Views\\login\\wrapper.php')
 2 SYSTEMPATH\View\View.php(231): CodeIgniter\View\View->CodeIgniter\View\{closure}()
 3 SYSTEMPATH\Common.php(1178): CodeIgniter\View\View->render('login/wrapper', [], true)
 4 APPPATH\Controllers\Login.php(34): view('login/wrapper', [...])
 5 SYSTEMPATH\CodeIgniter.php(941): App\Controllers\Login->index()
 6 SYSTEMPATH\CodeIgniter.php(502): CodeIgniter\CodeIgniter->runController(Object(App\Controllers\Login))
 7 SYSTEMPATH\CodeIgniter.php(361): CodeIgniter\CodeIgniter->handleRequest(null, Object(Config\Cache), false)
 8 FCPATH\index.php(36): CodeIgniter\CodeIgniter->run()
 9 ROOTPATH\index.php(7): require_once('C:\\xampp\\htdocs\\webspp\\public\\index.php')
INFO - 2025-06-16 06:42:11 --> Session: Class initialized using 'CodeIgniter\Session\Handlers\FileHandler' driver.
WARNING - 2025-06-16 06:42:11 --> [DEPRECATED] Creation of dynamic property CodeIgniter\View\View::$website is deprecated in APPPATH\Views\login\wrapper.php on line 3.
 1 SYSTEMPATH\View\View.php(228): include('C:\\xampp\\htdocs\\webspp\\app\\Views\\login\\wrapper.php')
 2 SYSTEMPATH\View\View.php(231): CodeIgniter\View\View->CodeIgniter\View\{closure}()
 3 SYSTEMPATH\Common.php(1178): CodeIgniter\View\View->render('login/wrapper', [], true)
 4 APPPATH\Controllers\Login.php(34): view('login/wrapper', [...])
 5 SYSTEMPATH\CodeIgniter.php(941): App\Controllers\Login->index()
 6 SYSTEMPATH\CodeIgniter.php(502): CodeIgniter\CodeIgniter->runController(Object(App\Controllers\Login))
 7 SYSTEMPATH\CodeIgniter.php(361): CodeIgniter\CodeIgniter->handleRequest(null, Object(Config\Cache), false)
 8 FCPATH\index.php(36): CodeIgniter\CodeIgniter->run()
 9 ROOTPATH\index.php(7): require_once('C:\\xampp\\htdocs\\webspp\\public\\index.php')
INFO - 2025-06-16 06:42:24 --> Session: Class initialized using 'CodeIgniter\Session\Handlers\FileHandler' driver.
WARNING - 2025-06-16 06:42:24 --> [DEPRECATED] Creation of dynamic property App\Libraries\Simple_login::$session is deprecated in APPPATH\Libraries\Simple_login.php on line 15.
 1 APPPATH\Controllers\Login.php(22): App\Libraries\Simple_login->login('danang', '12345678', '')
 2 SYSTEMPATH\CodeIgniter.php(941): App\Controllers\Login->index()
 3 SYSTEMPATH\CodeIgniter.php(502): CodeIgniter\CodeIgniter->runController(Object(App\Controllers\Login))
 4 SYSTEMPATH\CodeIgniter.php(361): CodeIgniter\CodeIgniter->handleRequest(null, Object(Config\Cache), false)
 5 FCPATH\index.php(36): CodeIgniter\CodeIgniter->run()
 6 ROOTPATH\index.php(7): require_once('C:\\xampp\\htdocs\\webspp\\public\\index.php')
DEBUG - 2025-06-16 06:42:24 --> Akses level: keuangan
INFO - 2025-06-16 06:42:25 --> Session: Class initialized using 'CodeIgniter\Session\Handlers\FileHandler' driver.
WARNING - 2025-06-16 06:42:25 --> [DEPRECATED] Creation of dynamic property CodeIgniter\View\View::$simple_login is deprecated in APPPATH\Views\staff_keuangan\layout\wrapper.php on line 4.
 1 SYSTEMPATH\View\View.php(228): include('C:\\xampp\\htdocs\\webspp\\app\\Views\\staff_keuangan\\layout\\wrapper.php')
 2 SYSTEMPATH\View\View.php(231): CodeIgniter\View\View->CodeIgniter\View\{closure}()
 3 SYSTEMPATH\Common.php(1178): CodeIgniter\View\View->render('staff_keuangan/layout/wrapper', [], true)
 4 APPPATH\Controllers\Staff_keuangan\Dasbor.php(14): view('staff_keuangan/layout/wrapper', [...])
 5 SYSTEMPATH\CodeIgniter.php(941): App\Controllers\Staff_keuangan\Dasbor->index()
 6 SYSTEMPATH\CodeIgniter.php(502): CodeIgniter\CodeIgniter->runController(Object(App\Controllers\Staff_keuangan\Dasbor))
 7 SYSTEMPATH\CodeIgniter.php(361): CodeIgniter\CodeIgniter->handleRequest(null, Object(Config\Cache), false)
 8 FCPATH\index.php(36): CodeIgniter\CodeIgniter->run()
 9 ROOTPATH\index.php(7): require_once('C:\\xampp\\htdocs\\webspp\\public\\index.php')
WARNING - 2025-06-16 06:42:25 --> [DEPRECATED] Creation of dynamic property CodeIgniter\View\View::$website is deprecated in APPPATH\Views\staff_keuangan\layout\wrapper.php on line 5.
 1 SYSTEMPATH\View\View.php(228): include('C:\\xampp\\htdocs\\webspp\\app\\Views\\staff_keuangan\\layout\\wrapper.php')
 2 SYSTEMPATH\View\View.php(231): CodeIgniter\View\View->CodeIgniter\View\{closure}()
 3 SYSTEMPATH\Common.php(1178): CodeIgniter\View\View->render('staff_keuangan/layout/wrapper', [], true)
 4 APPPATH\Controllers\Staff_keuangan\Dasbor.php(14): view('staff_keuangan/layout/wrapper', [...])
 5 SYSTEMPATH\CodeIgniter.php(941): App\Controllers\Staff_keuangan\Dasbor->index()
 6 SYSTEMPATH\CodeIgniter.php(502): CodeIgniter\CodeIgniter->runController(Object(App\Controllers\Staff_keuangan\Dasbor))
 7 SYSTEMPATH\CodeIgniter.php(361): CodeIgniter\CodeIgniter->handleRequest(null, Object(Config\Cache), false)
 8 FCPATH\index.php(36): CodeIgniter\CodeIgniter->run()
 9 ROOTPATH\index.php(7): require_once('C:\\xampp\\htdocs\\webspp\\public\\index.php')
WARNING - 2025-06-16 06:42:25 --> [DEPRECATED] Creation of dynamic property CodeIgniter\View\View::$session is deprecated in APPPATH\Views\staff_keuangan\layout\wrapper.php on line 6.
 1 SYSTEMPATH\View\View.php(228): include('C:\\xampp\\htdocs\\webspp\\app\\Views\\staff_keuangan\\layout\\wrapper.php')
 2 SYSTEMPATH\View\View.php(231): CodeIgniter\View\View->CodeIgniter\View\{closure}()
 3 SYSTEMPATH\Common.php(1178): CodeIgniter\View\View->render('staff_keuangan/layout/wrapper', [], true)
 4 APPPATH\Controllers\Staff_keuangan\Dasbor.php(14): view('staff_keuangan/layout/wrapper', [...])
 5 SYSTEMPATH\CodeIgniter.php(941): App\Controllers\Staff_keuangan\Dasbor->index()
 6 SYSTEMPATH\CodeIgniter.php(502): CodeIgniter\CodeIgniter->runController(Object(App\Controllers\Staff_keuangan\Dasbor))
 7 SYSTEMPATH\CodeIgniter.php(361): CodeIgniter\CodeIgniter->handleRequest(null, Object(Config\Cache), false)
 8 FCPATH\index.php(36): CodeIgniter\CodeIgniter->run()
 9 ROOTPATH\index.php(7): require_once('C:\\xampp\\htdocs\\webspp\\public\\index.php')
WARNING - 2025-06-16 06:42:25 --> [DEPRECATED] Creation of dynamic property App\Libraries\Simple_login::$session is deprecated in APPPATH\Libraries\Simple_login.php on line 130.
 1 APPPATH\Views\staff_keuangan\layout\wrapper.php(8): App\Libraries\Simple_login->checklogin()
 2 SYSTEMPATH\View\View.php(228): include('C:\\xampp\\htdocs\\webspp\\app\\Views\\staff_keuangan\\layout\\wrapper.php')
 3 SYSTEMPATH\View\View.php(231): CodeIgniter\View\View->CodeIgniter\View\{closure}()
 4 SYSTEMPATH\Common.php(1178): CodeIgniter\View\View->render('staff_keuangan/layout/wrapper', [], true)
 5 APPPATH\Controllers\Staff_keuangan\Dasbor.php(14): view('staff_keuangan/layout/wrapper', [...])
 6 SYSTEMPATH\CodeIgniter.php(941): App\Controllers\Staff_keuangan\Dasbor->index()
 7 SYSTEMPATH\CodeIgniter.php(502): CodeIgniter\CodeIgniter->runController(Object(App\Controllers\Staff_keuangan\Dasbor))
 8 SYSTEMPATH\CodeIgniter.php(361): CodeIgniter\CodeIgniter->handleRequest(null, Object(Config\Cache), false)
 9 FCPATH\index.php(36): CodeIgniter\CodeIgniter->run()
10 ROOTPATH\index.php(7): require_once('C:\\xampp\\htdocs\\webspp\\public\\index.php')
INFO - 2025-06-16 06:42:33 --> Session: Class initialized using 'CodeIgniter\Session\Handlers\FileHandler' driver.
WARNING - 2025-06-16 06:42:33 --> [DEPRECATED] Creation of dynamic property CodeIgniter\View\View::$simple_login is deprecated in APPPATH\Views\staff_keuangan\layout\wrapper.php on line 4.
 1 SYSTEMPATH\View\View.php(228): include('C:\\xampp\\htdocs\\webspp\\app\\Views\\staff_keuangan\\layout\\wrapper.php')
 2 SYSTEMPATH\View\View.php(231): CodeIgniter\View\View->CodeIgniter\View\{closure}()
 3 SYSTEMPATH\Common.php(1178): CodeIgniter\View\View->render('staff_keuangan/layout/wrapper', [], true)
 4 APPPATH\Controllers\Staff_keuangan\Input_tagihan.php(79): view('staff_keuangan/layout/wrapper', [...])
 5 SYSTEMPATH\CodeIgniter.php(941): App\Controllers\Staff_keuangan\Input_tagihan->index()
 6 SYSTEMPATH\CodeIgniter.php(502): CodeIgniter\CodeIgniter->runController(Object(App\Controllers\Staff_keuangan\Input_tagihan))
 7 SYSTEMPATH\CodeIgniter.php(361): CodeIgniter\CodeIgniter->handleRequest(null, Object(Config\Cache), false)
 8 FCPATH\index.php(36): CodeIgniter\CodeIgniter->run()
 9 ROOTPATH\index.php(7): require_once('C:\\xampp\\htdocs\\webspp\\public\\index.php')
WARNING - 2025-06-16 06:42:33 --> [DEPRECATED] Creation of dynamic property CodeIgniter\View\View::$website is deprecated in APPPATH\Views\staff_keuangan\layout\wrapper.php on line 5.
 1 SYSTEMPATH\View\View.php(228): include('C:\\xampp\\htdocs\\webspp\\app\\Views\\staff_keuangan\\layout\\wrapper.php')
 2 SYSTEMPATH\View\View.php(231): CodeIgniter\View\View->CodeIgniter\View\{closure}()
 3 SYSTEMPATH\Common.php(1178): CodeIgniter\View\View->render('staff_keuangan/layout/wrapper', [], true)
 4 APPPATH\Controllers\Staff_keuangan\Input_tagihan.php(79): view('staff_keuangan/layout/wrapper', [...])
 5 SYSTEMPATH\CodeIgniter.php(941): App\Controllers\Staff_keuangan\Input_tagihan->index()
 6 SYSTEMPATH\CodeIgniter.php(502): CodeIgniter\CodeIgniter->runController(Object(App\Controllers\Staff_keuangan\Input_tagihan))
 7 SYSTEMPATH\CodeIgniter.php(361): CodeIgniter\CodeIgniter->handleRequest(null, Object(Config\Cache), false)
 8 FCPATH\index.php(36): CodeIgniter\CodeIgniter->run()
 9 ROOTPATH\index.php(7): require_once('C:\\xampp\\htdocs\\webspp\\public\\index.php')
WARNING - 2025-06-16 06:42:33 --> [DEPRECATED] Creation of dynamic property CodeIgniter\View\View::$session is deprecated in APPPATH\Views\staff_keuangan\layout\wrapper.php on line 6.
 1 SYSTEMPATH\View\View.php(228): include('C:\\xampp\\htdocs\\webspp\\app\\Views\\staff_keuangan\\layout\\wrapper.php')
 2 SYSTEMPATH\View\View.php(231): CodeIgniter\View\View->CodeIgniter\View\{closure}()
 3 SYSTEMPATH\Common.php(1178): CodeIgniter\View\View->render('staff_keuangan/layout/wrapper', [], true)
 4 APPPATH\Controllers\Staff_keuangan\Input_tagihan.php(79): view('staff_keuangan/layout/wrapper', [...])
 5 SYSTEMPATH\CodeIgniter.php(941): App\Controllers\Staff_keuangan\Input_tagihan->index()
 6 SYSTEMPATH\CodeIgniter.php(502): CodeIgniter\CodeIgniter->runController(Object(App\Controllers\Staff_keuangan\Input_tagihan))
 7 SYSTEMPATH\CodeIgniter.php(361): CodeIgniter\CodeIgniter->handleRequest(null, Object(Config\Cache), false)
 8 FCPATH\index.php(36): CodeIgniter\CodeIgniter->run()
 9 ROOTPATH\index.php(7): require_once('C:\\xampp\\htdocs\\webspp\\public\\index.php')
WARNING - 2025-06-16 06:42:33 --> [DEPRECATED] Creation of dynamic property App\Libraries\Simple_login::$session is deprecated in APPPATH\Libraries\Simple_login.php on line 130.
 1 APPPATH\Views\staff_keuangan\layout\wrapper.php(8): App\Libraries\Simple_login->checklogin()
 2 SYSTEMPATH\View\View.php(228): include('C:\\xampp\\htdocs\\webspp\\app\\Views\\staff_keuangan\\layout\\wrapper.php')
 3 SYSTEMPATH\View\View.php(231): CodeIgniter\View\View->CodeIgniter\View\{closure}()
 4 SYSTEMPATH\Common.php(1178): CodeIgniter\View\View->render('staff_keuangan/layout/wrapper', [], true)
 5 APPPATH\Controllers\Staff_keuangan\Input_tagihan.php(79): view('staff_keuangan/layout/wrapper', [...])
 6 SYSTEMPATH\CodeIgniter.php(941): App\Controllers\Staff_keuangan\Input_tagihan->index()
 7 SYSTEMPATH\CodeIgniter.php(502): CodeIgniter\CodeIgniter->runController(Object(App\Controllers\Staff_keuangan\Input_tagihan))
 8 SYSTEMPATH\CodeIgniter.php(361): CodeIgniter\CodeIgniter->handleRequest(null, Object(Config\Cache), false)
 9 FCPATH\index.php(36): CodeIgniter\CodeIgniter->run()
10 ROOTPATH\index.php(7): require_once('C:\\xampp\\htdocs\\webspp\\public\\index.php')
INFO - 2025-06-16 06:42:46 --> Session: Class initialized using 'CodeIgniter\Session\Handlers\FileHandler' driver.
INFO - 2025-06-16 06:42:46 --> Session: Class initialized using 'CodeIgniter\Session\Handlers\FileHandler' driver.
WARNING - 2025-06-16 06:42:46 --> [DEPRECATED] Creation of dynamic property CodeIgniter\View\View::$website is deprecated in APPPATH\Views\login\wrapper.php on line 3.
 1 SYSTEMPATH\View\View.php(228): include('C:\\xampp\\htdocs\\webspp\\app\\Views\\login\\wrapper.php')
 2 SYSTEMPATH\View\View.php(231): CodeIgniter\View\View->CodeIgniter\View\{closure}()
 3 SYSTEMPATH\Common.php(1178): CodeIgniter\View\View->render('login/wrapper', [], true)
 4 APPPATH\Controllers\Login.php(34): view('login/wrapper', [...])
 5 SYSTEMPATH\CodeIgniter.php(941): App\Controllers\Login->index()
 6 SYSTEMPATH\CodeIgniter.php(502): CodeIgniter\CodeIgniter->runController(Object(App\Controllers\Login))
 7 SYSTEMPATH\CodeIgniter.php(361): CodeIgniter\CodeIgniter->handleRequest(null, Object(Config\Cache), false)
 8 FCPATH\index.php(36): CodeIgniter\CodeIgniter->run()
 9 ROOTPATH\index.php(7): require_once('C:\\xampp\\htdocs\\webspp\\public\\index.php')
INFO - 2025-06-16 06:42:57 --> Session: Class initialized using 'CodeIgniter\Session\Handlers\FileHandler' driver.
WARNING - 2025-06-16 06:42:57 --> [DEPRECATED] Creation of dynamic property App\Libraries\Simple_login::$session is deprecated in APPPATH\Libraries\Simple_login.php on line 15.
 1 APPPATH\Controllers\Login.php(22): App\Libraries\Simple_login->login('nabilah', 'nabilah', '')
 2 SYSTEMPATH\CodeIgniter.php(941): App\Controllers\Login->index()
 3 SYSTEMPATH\CodeIgniter.php(502): CodeIgniter\CodeIgniter->runController(Object(App\Controllers\Login))
 4 SYSTEMPATH\CodeIgniter.php(361): CodeIgniter\CodeIgniter->handleRequest(null, Object(Config\Cache), false)
 5 FCPATH\index.php(36): CodeIgniter\CodeIgniter->run()
 6 ROOTPATH\index.php(7): require_once('C:\\xampp\\htdocs\\webspp\\public\\index.php')
DEBUG - 2025-06-16 06:42:57 --> Akses level: admin
INFO - 2025-06-16 06:42:57 --> Session: Class initialized using 'CodeIgniter\Session\Handlers\FileHandler' driver.
WARNING - 2025-06-16 06:42:57 --> [DEPRECATED] Creation of dynamic property CodeIgniter\View\View::$simple_login is deprecated in APPPATH\Views\admin\layout\wrapper.php on line 4.
 1 SYSTEMPATH\View\View.php(228): include('C:\\xampp\\htdocs\\webspp\\app\\Views\\admin\\layout\\wrapper.php')
 2 SYSTEMPATH\View\View.php(231): CodeIgniter\View\View->CodeIgniter\View\{closure}()
 3 SYSTEMPATH\Common.php(1178): CodeIgniter\View\View->render('admin/layout/wrapper', [], true)
 4 APPPATH\Controllers\Admin\Dasbor.php(14): view('admin/layout/wrapper', [...])
 5 SYSTEMPATH\CodeIgniter.php(941): App\Controllers\Admin\Dasbor->index()
 6 SYSTEMPATH\CodeIgniter.php(502): CodeIgniter\CodeIgniter->runController(Object(App\Controllers\Admin\Dasbor))
 7 SYSTEMPATH\CodeIgniter.php(361): CodeIgniter\CodeIgniter->handleRequest(null, Object(Config\Cache), false)
 8 FCPATH\index.php(36): CodeIgniter\CodeIgniter->run()
 9 ROOTPATH\index.php(7): require_once('C:\\xampp\\htdocs\\webspp\\public\\index.php')
WARNING - 2025-06-16 06:42:57 --> [DEPRECATED] Creation of dynamic property CodeIgniter\View\View::$website is deprecated in APPPATH\Views\admin\layout\wrapper.php on line 5.
 1 SYSTEMPATH\View\View.php(228): include('C:\\xampp\\htdocs\\webspp\\app\\Views\\admin\\layout\\wrapper.php')
 2 SYSTEMPATH\View\View.php(231): CodeIgniter\View\View->CodeIgniter\View\{closure}()
 3 SYSTEMPATH\Common.php(1178): CodeIgniter\View\View->render('admin/layout/wrapper', [], true)
 4 APPPATH\Controllers\Admin\Dasbor.php(14): view('admin/layout/wrapper', [...])
 5 SYSTEMPATH\CodeIgniter.php(941): App\Controllers\Admin\Dasbor->index()
 6 SYSTEMPATH\CodeIgniter.php(502): CodeIgniter\CodeIgniter->runController(Object(App\Controllers\Admin\Dasbor))
 7 SYSTEMPATH\CodeIgniter.php(361): CodeIgniter\CodeIgniter->handleRequest(null, Object(Config\Cache), false)
 8 FCPATH\index.php(36): CodeIgniter\CodeIgniter->run()
 9 ROOTPATH\index.php(7): require_once('C:\\xampp\\htdocs\\webspp\\public\\index.php')
WARNING - 2025-06-16 06:42:57 --> [DEPRECATED] Creation of dynamic property CodeIgniter\View\View::$session is deprecated in APPPATH\Views\admin\layout\wrapper.php on line 6.
 1 SYSTEMPATH\View\View.php(228): include('C:\\xampp\\htdocs\\webspp\\app\\Views\\admin\\layout\\wrapper.php')
 2 SYSTEMPATH\View\View.php(231): CodeIgniter\View\View->CodeIgniter\View\{closure}()
 3 SYSTEMPATH\Common.php(1178): CodeIgniter\View\View->render('admin/layout/wrapper', [], true)
 4 APPPATH\Controllers\Admin\Dasbor.php(14): view('admin/layout/wrapper', [...])
 5 SYSTEMPATH\CodeIgniter.php(941): App\Controllers\Admin\Dasbor->index()
 6 SYSTEMPATH\CodeIgniter.php(502): CodeIgniter\CodeIgniter->runController(Object(App\Controllers\Admin\Dasbor))
 7 SYSTEMPATH\CodeIgniter.php(361): CodeIgniter\CodeIgniter->handleRequest(null, Object(Config\Cache), false)
 8 FCPATH\index.php(36): CodeIgniter\CodeIgniter->run()
 9 ROOTPATH\index.php(7): require_once('C:\\xampp\\htdocs\\webspp\\public\\index.php')
WARNING - 2025-06-16 06:42:57 --> [DEPRECATED] Creation of dynamic property App\Libraries\Simple_login::$session is deprecated in APPPATH\Libraries\Simple_login.php on line 130.
 1 APPPATH\Views\admin\layout\wrapper.php(8): App\Libraries\Simple_login->checklogin()
 2 SYSTEMPATH\View\View.php(228): include('C:\\xampp\\htdocs\\webspp\\app\\Views\\admin\\layout\\wrapper.php')
 3 SYSTEMPATH\View\View.php(231): CodeIgniter\View\View->CodeIgniter\View\{closure}()
 4 SYSTEMPATH\Common.php(1178): CodeIgniter\View\View->render('admin/layout/wrapper', [], true)
 5 APPPATH\Controllers\Admin\Dasbor.php(14): view('admin/layout/wrapper', [...])
 6 SYSTEMPATH\CodeIgniter.php(941): App\Controllers\Admin\Dasbor->index()
 7 SYSTEMPATH\CodeIgniter.php(502): CodeIgniter\CodeIgniter->runController(Object(App\Controllers\Admin\Dasbor))
 8 SYSTEMPATH\CodeIgniter.php(361): CodeIgniter\CodeIgniter->handleRequest(null, Object(Config\Cache), false)
 9 FCPATH\index.php(36): CodeIgniter\CodeIgniter->run()
10 ROOTPATH\index.php(7): require_once('C:\\xampp\\htdocs\\webspp\\public\\index.php')
INFO - 2025-06-16 06:43:14 --> Session: Class initialized using 'CodeIgniter\Session\Handlers\FileHandler' driver.
WARNING - 2025-06-16 06:43:14 --> [DEPRECATED] Creation of dynamic property CodeIgniter\View\View::$simple_login is deprecated in APPPATH\Views\admin\layout\wrapper.php on line 4.
 1 SYSTEMPATH\View\View.php(228): include('C:\\xampp\\htdocs\\webspp\\app\\Views\\admin\\layout\\wrapper.php')
 2 SYSTEMPATH\View\View.php(231): CodeIgniter\View\View->CodeIgniter\View\{closure}()
 3 SYSTEMPATH\Common.php(1178): CodeIgniter\View\View->render('admin/layout/wrapper', [], true)
 4 APPPATH\Controllers\Admin\Siswa.php(53): view('admin/layout/wrapper', [...])
 5 SYSTEMPATH\CodeIgniter.php(941): App\Controllers\Admin\Siswa->index()
 6 SYSTEMPATH\CodeIgniter.php(502): CodeIgniter\CodeIgniter->runController(Object(App\Controllers\Admin\Siswa))
 7 SYSTEMPATH\CodeIgniter.php(361): CodeIgniter\CodeIgniter->handleRequest(null, Object(Config\Cache), false)
 8 FCPATH\index.php(36): CodeIgniter\CodeIgniter->run()
 9 ROOTPATH\index.php(7): require_once('C:\\xampp\\htdocs\\webspp\\public\\index.php')
WARNING - 2025-06-16 06:43:14 --> [DEPRECATED] Creation of dynamic property CodeIgniter\View\View::$website is deprecated in APPPATH\Views\admin\layout\wrapper.php on line 5.
 1 SYSTEMPATH\View\View.php(228): include('C:\\xampp\\htdocs\\webspp\\app\\Views\\admin\\layout\\wrapper.php')
 2 SYSTEMPATH\View\View.php(231): CodeIgniter\View\View->CodeIgniter\View\{closure}()
 3 SYSTEMPATH\Common.php(1178): CodeIgniter\View\View->render('admin/layout/wrapper', [], true)
 4 APPPATH\Controllers\Admin\Siswa.php(53): view('admin/layout/wrapper', [...])
 5 SYSTEMPATH\CodeIgniter.php(941): App\Controllers\Admin\Siswa->index()
 6 SYSTEMPATH\CodeIgniter.php(502): CodeIgniter\CodeIgniter->runController(Object(App\Controllers\Admin\Siswa))
 7 SYSTEMPATH\CodeIgniter.php(361): CodeIgniter\CodeIgniter->handleRequest(null, Object(Config\Cache), false)
 8 FCPATH\index.php(36): CodeIgniter\CodeIgniter->run()
 9 ROOTPATH\index.php(7): require_once('C:\\xampp\\htdocs\\webspp\\public\\index.php')
WARNING - 2025-06-16 06:43:14 --> [DEPRECATED] Creation of dynamic property CodeIgniter\View\View::$session is deprecated in APPPATH\Views\admin\layout\wrapper.php on line 6.
 1 SYSTEMPATH\View\View.php(228): include('C:\\xampp\\htdocs\\webspp\\app\\Views\\admin\\layout\\wrapper.php')
 2 SYSTEMPATH\View\View.php(231): CodeIgniter\View\View->CodeIgniter\View\{closure}()
 3 SYSTEMPATH\Common.php(1178): CodeIgniter\View\View->render('admin/layout/wrapper', [], true)
 4 APPPATH\Controllers\Admin\Siswa.php(53): view('admin/layout/wrapper', [...])
 5 SYSTEMPATH\CodeIgniter.php(941): App\Controllers\Admin\Siswa->index()
 6 SYSTEMPATH\CodeIgniter.php(502): CodeIgniter\CodeIgniter->runController(Object(App\Controllers\Admin\Siswa))
 7 SYSTEMPATH\CodeIgniter.php(361): CodeIgniter\CodeIgniter->handleRequest(null, Object(Config\Cache), false)
 8 FCPATH\index.php(36): CodeIgniter\CodeIgniter->run()
 9 ROOTPATH\index.php(7): require_once('C:\\xampp\\htdocs\\webspp\\public\\index.php')
WARNING - 2025-06-16 06:43:14 --> [DEPRECATED] Creation of dynamic property App\Libraries\Simple_login::$session is deprecated in APPPATH\Libraries\Simple_login.php on line 130.
 1 APPPATH\Views\admin\layout\wrapper.php(8): App\Libraries\Simple_login->checklogin()
 2 SYSTEMPATH\View\View.php(228): include('C:\\xampp\\htdocs\\webspp\\app\\Views\\admin\\layout\\wrapper.php')
 3 SYSTEMPATH\View\View.php(231): CodeIgniter\View\View->CodeIgniter\View\{closure}()
 4 SYSTEMPATH\Common.php(1178): CodeIgniter\View\View->render('admin/layout/wrapper', [], true)
 5 APPPATH\Controllers\Admin\Siswa.php(53): view('admin/layout/wrapper', [...])
 6 SYSTEMPATH\CodeIgniter.php(941): App\Controllers\Admin\Siswa->index()
 7 SYSTEMPATH\CodeIgniter.php(502): CodeIgniter\CodeIgniter->runController(Object(App\Controllers\Admin\Siswa))
 8 SYSTEMPATH\CodeIgniter.php(361): CodeIgniter\CodeIgniter->handleRequest(null, Object(Config\Cache), false)
 9 FCPATH\index.php(36): CodeIgniter\CodeIgniter->run()
10 ROOTPATH\index.php(7): require_once('C:\\xampp\\htdocs\\webspp\\public\\index.php')
INFO - 2025-06-16 06:43:19 --> Session: Class initialized using 'CodeIgniter\Session\Handlers\FileHandler' driver.
WARNING - 2025-06-16 06:43:19 --> [DEPRECATED] Creation of dynamic property CodeIgniter\View\View::$simple_login is deprecated in APPPATH\Views\admin\layout\wrapper.php on line 4.
 1 SYSTEMPATH\View\View.php(228): include('C:\\xampp\\htdocs\\webspp\\app\\Views\\admin\\layout\\wrapper.php')
 2 SYSTEMPATH\View\View.php(231): CodeIgniter\View\View->CodeIgniter\View\{closure}()
 3 SYSTEMPATH\Common.php(1178): CodeIgniter\View\View->render('admin/layout/wrapper', [], true)
 4 APPPATH\Controllers\Admin\Siswa.php(107): view('admin/layout/wrapper', [...])
 5 SYSTEMPATH\CodeIgniter.php(941): App\Controllers\Admin\Siswa->tambah()
 6 SYSTEMPATH\CodeIgniter.php(502): CodeIgniter\CodeIgniter->runController(Object(App\Controllers\Admin\Siswa))
 7 SYSTEMPATH\CodeIgniter.php(361): CodeIgniter\CodeIgniter->handleRequest(null, Object(Config\Cache), false)
 8 FCPATH\index.php(36): CodeIgniter\CodeIgniter->run()
 9 ROOTPATH\index.php(7): require_once('C:\\xampp\\htdocs\\webspp\\public\\index.php')
WARNING - 2025-06-16 06:43:19 --> [DEPRECATED] Creation of dynamic property CodeIgniter\View\View::$website is deprecated in APPPATH\Views\admin\layout\wrapper.php on line 5.
 1 SYSTEMPATH\View\View.php(228): include('C:\\xampp\\htdocs\\webspp\\app\\Views\\admin\\layout\\wrapper.php')
 2 SYSTEMPATH\View\View.php(231): CodeIgniter\View\View->CodeIgniter\View\{closure}()
 3 SYSTEMPATH\Common.php(1178): CodeIgniter\View\View->render('admin/layout/wrapper', [], true)
 4 APPPATH\Controllers\Admin\Siswa.php(107): view('admin/layout/wrapper', [...])
 5 SYSTEMPATH\CodeIgniter.php(941): App\Controllers\Admin\Siswa->tambah()
 6 SYSTEMPATH\CodeIgniter.php(502): CodeIgniter\CodeIgniter->runController(Object(App\Controllers\Admin\Siswa))
 7 SYSTEMPATH\CodeIgniter.php(361): CodeIgniter\CodeIgniter->handleRequest(null, Object(Config\Cache), false)
 8 FCPATH\index.php(36): CodeIgniter\CodeIgniter->run()
 9 ROOTPATH\index.php(7): require_once('C:\\xampp\\htdocs\\webspp\\public\\index.php')
WARNING - 2025-06-16 06:43:19 --> [DEPRECATED] Creation of dynamic property CodeIgniter\View\View::$session is deprecated in APPPATH\Views\admin\layout\wrapper.php on line 6.
 1 SYSTEMPATH\View\View.php(228): include('C:\\xampp\\htdocs\\webspp\\app\\Views\\admin\\layout\\wrapper.php')
 2 SYSTEMPATH\View\View.php(231): CodeIgniter\View\View->CodeIgniter\View\{closure}()
 3 SYSTEMPATH\Common.php(1178): CodeIgniter\View\View->render('admin/layout/wrapper', [], true)
 4 APPPATH\Controllers\Admin\Siswa.php(107): view('admin/layout/wrapper', [...])
 5 SYSTEMPATH\CodeIgniter.php(941): App\Controllers\Admin\Siswa->tambah()
 6 SYSTEMPATH\CodeIgniter.php(502): CodeIgniter\CodeIgniter->runController(Object(App\Controllers\Admin\Siswa))
 7 SYSTEMPATH\CodeIgniter.php(361): CodeIgniter\CodeIgniter->handleRequest(null, Object(Config\Cache), false)
 8 FCPATH\index.php(36): CodeIgniter\CodeIgniter->run()
 9 ROOTPATH\index.php(7): require_once('C:\\xampp\\htdocs\\webspp\\public\\index.php')
WARNING - 2025-06-16 06:43:19 --> [DEPRECATED] Creation of dynamic property App\Libraries\Simple_login::$session is deprecated in APPPATH\Libraries\Simple_login.php on line 130.
 1 APPPATH\Views\admin\layout\wrapper.php(8): App\Libraries\Simple_login->checklogin()
 2 SYSTEMPATH\View\View.php(228): include('C:\\xampp\\htdocs\\webspp\\app\\Views\\admin\\layout\\wrapper.php')
 3 SYSTEMPATH\View\View.php(231): CodeIgniter\View\View->CodeIgniter\View\{closure}()
 4 SYSTEMPATH\Common.php(1178): CodeIgniter\View\View->render('admin/layout/wrapper', [], true)
 5 APPPATH\Controllers\Admin\Siswa.php(107): view('admin/layout/wrapper', [...])
 6 SYSTEMPATH\CodeIgniter.php(941): App\Controllers\Admin\Siswa->tambah()
 7 SYSTEMPATH\CodeIgniter.php(502): CodeIgniter\CodeIgniter->runController(Object(App\Controllers\Admin\Siswa))
 8 SYSTEMPATH\CodeIgniter.php(361): CodeIgniter\CodeIgniter->handleRequest(null, Object(Config\Cache), false)
 9 FCPATH\index.php(36): CodeIgniter\CodeIgniter->run()
10 ROOTPATH\index.php(7): require_once('C:\\xampp\\htdocs\\webspp\\public\\index.php')
INFO - 2025-06-16 06:44:06 --> Session: Class initialized using 'CodeIgniter\Session\Handlers\FileHandler' driver.
INFO - 2025-06-16 06:44:06 --> Session: Class initialized using 'CodeIgniter\Session\Handlers\FileHandler' driver.
WARNING - 2025-06-16 06:44:07 --> [DEPRECATED] Creation of dynamic property CodeIgniter\View\View::$simple_login is deprecated in APPPATH\Views\admin\layout\wrapper.php on line 4.
 1 SYSTEMPATH\View\View.php(228): include('C:\\xampp\\htdocs\\webspp\\app\\Views\\admin\\layout\\wrapper.php')
 2 SYSTEMPATH\View\View.php(231): CodeIgniter\View\View->CodeIgniter\View\{closure}()
 3 SYSTEMPATH\Common.php(1178): CodeIgniter\View\View->render('admin/layout/wrapper', [], true)
 4 APPPATH\Controllers\Admin\Siswa.php(53): view('admin/layout/wrapper', [...])
 5 SYSTEMPATH\CodeIgniter.php(941): App\Controllers\Admin\Siswa->index()
 6 SYSTEMPATH\CodeIgniter.php(502): CodeIgniter\CodeIgniter->runController(Object(App\Controllers\Admin\Siswa))
 7 SYSTEMPATH\CodeIgniter.php(361): CodeIgniter\CodeIgniter->handleRequest(null, Object(Config\Cache), false)
 8 FCPATH\index.php(36): CodeIgniter\CodeIgniter->run()
 9 ROOTPATH\index.php(7): require_once('C:\\xampp\\htdocs\\webspp\\public\\index.php')
WARNING - 2025-06-16 06:44:07 --> [DEPRECATED] Creation of dynamic property CodeIgniter\View\View::$website is deprecated in APPPATH\Views\admin\layout\wrapper.php on line 5.
 1 SYSTEMPATH\View\View.php(228): include('C:\\xampp\\htdocs\\webspp\\app\\Views\\admin\\layout\\wrapper.php')
 2 SYSTEMPATH\View\View.php(231): CodeIgniter\View\View->CodeIgniter\View\{closure}()
 3 SYSTEMPATH\Common.php(1178): CodeIgniter\View\View->render('admin/layout/wrapper', [], true)
 4 APPPATH\Controllers\Admin\Siswa.php(53): view('admin/layout/wrapper', [...])
 5 SYSTEMPATH\CodeIgniter.php(941): App\Controllers\Admin\Siswa->index()
 6 SYSTEMPATH\CodeIgniter.php(502): CodeIgniter\CodeIgniter->runController(Object(App\Controllers\Admin\Siswa))
 7 SYSTEMPATH\CodeIgniter.php(361): CodeIgniter\CodeIgniter->handleRequest(null, Object(Config\Cache), false)
 8 FCPATH\index.php(36): CodeIgniter\CodeIgniter->run()
 9 ROOTPATH\index.php(7): require_once('C:\\xampp\\htdocs\\webspp\\public\\index.php')
WARNING - 2025-06-16 06:44:07 --> [DEPRECATED] Creation of dynamic property CodeIgniter\View\View::$session is deprecated in APPPATH\Views\admin\layout\wrapper.php on line 6.
 1 SYSTEMPATH\View\View.php(228): include('C:\\xampp\\htdocs\\webspp\\app\\Views\\admin\\layout\\wrapper.php')
 2 SYSTEMPATH\View\View.php(231): CodeIgniter\View\View->CodeIgniter\View\{closure}()
 3 SYSTEMPATH\Common.php(1178): CodeIgniter\View\View->render('admin/layout/wrapper', [], true)
 4 APPPATH\Controllers\Admin\Siswa.php(53): view('admin/layout/wrapper', [...])
 5 SYSTEMPATH\CodeIgniter.php(941): App\Controllers\Admin\Siswa->index()
 6 SYSTEMPATH\CodeIgniter.php(502): CodeIgniter\CodeIgniter->runController(Object(App\Controllers\Admin\Siswa))
 7 SYSTEMPATH\CodeIgniter.php(361): CodeIgniter\CodeIgniter->handleRequest(null, Object(Config\Cache), false)
 8 FCPATH\index.php(36): CodeIgniter\CodeIgniter->run()
 9 ROOTPATH\index.php(7): require_once('C:\\xampp\\htdocs\\webspp\\public\\index.php')
WARNING - 2025-06-16 06:44:07 --> [DEPRECATED] Creation of dynamic property App\Libraries\Simple_login::$session is deprecated in APPPATH\Libraries\Simple_login.php on line 130.
 1 APPPATH\Views\admin\layout\wrapper.php(8): App\Libraries\Simple_login->checklogin()
 2 SYSTEMPATH\View\View.php(228): include('C:\\xampp\\htdocs\\webspp\\app\\Views\\admin\\layout\\wrapper.php')
 3 SYSTEMPATH\View\View.php(231): CodeIgniter\View\View->CodeIgniter\View\{closure}()
 4 SYSTEMPATH\Common.php(1178): CodeIgniter\View\View->render('admin/layout/wrapper', [], true)
 5 APPPATH\Controllers\Admin\Siswa.php(53): view('admin/layout/wrapper', [...])
 6 SYSTEMPATH\CodeIgniter.php(941): App\Controllers\Admin\Siswa->index()
 7 SYSTEMPATH\CodeIgniter.php(502): CodeIgniter\CodeIgniter->runController(Object(App\Controllers\Admin\Siswa))
 8 SYSTEMPATH\CodeIgniter.php(361): CodeIgniter\CodeIgniter->handleRequest(null, Object(Config\Cache), false)
 9 FCPATH\index.php(36): CodeIgniter\CodeIgniter->run()
10 ROOTPATH\index.php(7): require_once('C:\\xampp\\htdocs\\webspp\\public\\index.php')
INFO - 2025-06-16 06:44:14 --> Session: Class initialized using 'CodeIgniter\Session\Handlers\FileHandler' driver.
INFO - 2025-06-16 06:44:14 --> Session: Class initialized using 'CodeIgniter\Session\Handlers\FileHandler' driver.
WARNING - 2025-06-16 06:44:14 --> [DEPRECATED] Creation of dynamic property CodeIgniter\View\View::$website is deprecated in APPPATH\Views\login\wrapper.php on line 3.
 1 SYSTEMPATH\View\View.php(228): include('C:\\xampp\\htdocs\\webspp\\app\\Views\\login\\wrapper.php')
 2 SYSTEMPATH\View\View.php(231): CodeIgniter\View\View->CodeIgniter\View\{closure}()
 3 SYSTEMPATH\Common.php(1178): CodeIgniter\View\View->render('login/wrapper', [], true)
 4 APPPATH\Controllers\Login.php(34): view('login/wrapper', [...])
 5 SYSTEMPATH\CodeIgniter.php(941): App\Controllers\Login->index()
 6 SYSTEMPATH\CodeIgniter.php(502): CodeIgniter\CodeIgniter->runController(Object(App\Controllers\Login))
 7 SYSTEMPATH\CodeIgniter.php(361): CodeIgniter\CodeIgniter->handleRequest(null, Object(Config\Cache), false)
 8 FCPATH\index.php(36): CodeIgniter\CodeIgniter->run()
 9 ROOTPATH\index.php(7): require_once('C:\\xampp\\htdocs\\webspp\\public\\index.php')
INFO - 2025-06-16 06:44:17 --> Session: Class initialized using 'CodeIgniter\Session\Handlers\FileHandler' driver.
WARNING - 2025-06-16 06:44:17 --> [DEPRECATED] Creation of dynamic property CodeIgniter\View\View::$website is deprecated in APPPATH\Views\layout\wrapper.php on line 3.
 1 SYSTEMPATH\View\View.php(228): include('C:\\xampp\\htdocs\\webspp\\app\\Views\\layout\\wrapper.php')
 2 SYSTEMPATH\View\View.php(231): CodeIgniter\View\View->CodeIgniter\View\{closure}()
 3 SYSTEMPATH\Common.php(1178): CodeIgniter\View\View->render('layout/wrapper', [], true)
 4 APPPATH\Controllers\Signin.php(51): view('layout/wrapper', [...])
 5 SYSTEMPATH\CodeIgniter.php(941): App\Controllers\Signin->index()
 6 SYSTEMPATH\CodeIgniter.php(502): CodeIgniter\CodeIgniter->runController(Object(App\Controllers\Signin))
 7 SYSTEMPATH\CodeIgniter.php(361): CodeIgniter\CodeIgniter->handleRequest(null, Object(Config\Cache), false)
 8 FCPATH\index.php(36): CodeIgniter\CodeIgniter->run()
 9 ROOTPATH\index.php(7): require_once('C:\\xampp\\htdocs\\webspp\\public\\index.php')
WARNING - 2025-06-16 06:44:17 --> [DEPRECATED] Creation of dynamic property CodeIgniter\View\View::$session is deprecated in APPPATH\Views\layout\wrapper.php on line 4.
 1 SYSTEMPATH\View\View.php(228): include('C:\\xampp\\htdocs\\webspp\\app\\Views\\layout\\wrapper.php')
 2 SYSTEMPATH\View\View.php(231): CodeIgniter\View\View->CodeIgniter\View\{closure}()
 3 SYSTEMPATH\Common.php(1178): CodeIgniter\View\View->render('layout/wrapper', [], true)
 4 APPPATH\Controllers\Signin.php(51): view('layout/wrapper', [...])
 5 SYSTEMPATH\CodeIgniter.php(941): App\Controllers\Signin->index()
 6 SYSTEMPATH\CodeIgniter.php(502): CodeIgniter\CodeIgniter->runController(Object(App\Controllers\Signin))
 7 SYSTEMPATH\CodeIgniter.php(361): CodeIgniter\CodeIgniter->handleRequest(null, Object(Config\Cache), false)
 8 FCPATH\index.php(36): CodeIgniter\CodeIgniter->run()
 9 ROOTPATH\index.php(7): require_once('C:\\xampp\\htdocs\\webspp\\public\\index.php')
INFO - 2025-06-16 06:44:19 --> Session: Class initialized using 'CodeIgniter\Session\Handlers\FileHandler' driver.
WARNING - 2025-06-16 06:44:19 --> [DEPRECATED] Creation of dynamic property CodeIgniter\View\View::$website is deprecated in APPPATH\Views\login\wrapper.php on line 3.
 1 SYSTEMPATH\View\View.php(228): include('C:\\xampp\\htdocs\\webspp\\app\\Views\\login\\wrapper.php')
 2 SYSTEMPATH\View\View.php(231): CodeIgniter\View\View->CodeIgniter\View\{closure}()
 3 SYSTEMPATH\Common.php(1178): CodeIgniter\View\View->render('login/wrapper', [], true)
 4 APPPATH\Controllers\Login.php(34): view('login/wrapper', [...])
 5 SYSTEMPATH\CodeIgniter.php(941): App\Controllers\Login->index()
 6 SYSTEMPATH\CodeIgniter.php(502): CodeIgniter\CodeIgniter->runController(Object(App\Controllers\Login))
 7 SYSTEMPATH\CodeIgniter.php(361): CodeIgniter\CodeIgniter->handleRequest(null, Object(Config\Cache), false)
 8 FCPATH\index.php(36): CodeIgniter\CodeIgniter->run()
 9 ROOTPATH\index.php(7): require_once('C:\\xampp\\htdocs\\webspp\\public\\index.php')
INFO - 2025-06-16 06:44:31 --> Session: Class initialized using 'CodeIgniter\Session\Handlers\FileHandler' driver.
WARNING - 2025-06-16 06:44:31 --> [DEPRECATED] Creation of dynamic property App\Libraries\Simple_login::$session is deprecated in APPPATH\Libraries\Simple_login.php on line 15.
 1 APPPATH\Controllers\Login.php(22): App\Libraries\Simple_login->login('danang', '12345678', '')
 2 SYSTEMPATH\CodeIgniter.php(941): App\Controllers\Login->index()
 3 SYSTEMPATH\CodeIgniter.php(502): CodeIgniter\CodeIgniter->runController(Object(App\Controllers\Login))
 4 SYSTEMPATH\CodeIgniter.php(361): CodeIgniter\CodeIgniter->handleRequest(null, Object(Config\Cache), false)
 5 FCPATH\index.php(36): CodeIgniter\CodeIgniter->run()
 6 ROOTPATH\index.php(7): require_once('C:\\xampp\\htdocs\\webspp\\public\\index.php')
DEBUG - 2025-06-16 06:44:31 --> Akses level: keuangan
INFO - 2025-06-16 06:44:31 --> Session: Class initialized using 'CodeIgniter\Session\Handlers\FileHandler' driver.
WARNING - 2025-06-16 06:44:31 --> [DEPRECATED] Creation of dynamic property CodeIgniter\View\View::$simple_login is deprecated in APPPATH\Views\staff_keuangan\layout\wrapper.php on line 4.
 1 SYSTEMPATH\View\View.php(228): include('C:\\xampp\\htdocs\\webspp\\app\\Views\\staff_keuangan\\layout\\wrapper.php')
 2 SYSTEMPATH\View\View.php(231): CodeIgniter\View\View->CodeIgniter\View\{closure}()
 3 SYSTEMPATH\Common.php(1178): CodeIgniter\View\View->render('staff_keuangan/layout/wrapper', [], true)
 4 APPPATH\Controllers\Staff_keuangan\Dasbor.php(14): view('staff_keuangan/layout/wrapper', [...])
 5 SYSTEMPATH\CodeIgniter.php(941): App\Controllers\Staff_keuangan\Dasbor->index()
 6 SYSTEMPATH\CodeIgniter.php(502): CodeIgniter\CodeIgniter->runController(Object(App\Controllers\Staff_keuangan\Dasbor))
 7 SYSTEMPATH\CodeIgniter.php(361): CodeIgniter\CodeIgniter->handleRequest(null, Object(Config\Cache), false)
 8 FCPATH\index.php(36): CodeIgniter\CodeIgniter->run()
 9 ROOTPATH\index.php(7): require_once('C:\\xampp\\htdocs\\webspp\\public\\index.php')
WARNING - 2025-06-16 06:44:31 --> [DEPRECATED] Creation of dynamic property CodeIgniter\View\View::$website is deprecated in APPPATH\Views\staff_keuangan\layout\wrapper.php on line 5.
 1 SYSTEMPATH\View\View.php(228): include('C:\\xampp\\htdocs\\webspp\\app\\Views\\staff_keuangan\\layout\\wrapper.php')
 2 SYSTEMPATH\View\View.php(231): CodeIgniter\View\View->CodeIgniter\View\{closure}()
 3 SYSTEMPATH\Common.php(1178): CodeIgniter\View\View->render('staff_keuangan/layout/wrapper', [], true)
 4 APPPATH\Controllers\Staff_keuangan\Dasbor.php(14): view('staff_keuangan/layout/wrapper', [...])
 5 SYSTEMPATH\CodeIgniter.php(941): App\Controllers\Staff_keuangan\Dasbor->index()
 6 SYSTEMPATH\CodeIgniter.php(502): CodeIgniter\CodeIgniter->runController(Object(App\Controllers\Staff_keuangan\Dasbor))
 7 SYSTEMPATH\CodeIgniter.php(361): CodeIgniter\CodeIgniter->handleRequest(null, Object(Config\Cache), false)
 8 FCPATH\index.php(36): CodeIgniter\CodeIgniter->run()
 9 ROOTPATH\index.php(7): require_once('C:\\xampp\\htdocs\\webspp\\public\\index.php')
WARNING - 2025-06-16 06:44:31 --> [DEPRECATED] Creation of dynamic property CodeIgniter\View\View::$session is deprecated in APPPATH\Views\staff_keuangan\layout\wrapper.php on line 6.
 1 SYSTEMPATH\View\View.php(228): include('C:\\xampp\\htdocs\\webspp\\app\\Views\\staff_keuangan\\layout\\wrapper.php')
 2 SYSTEMPATH\View\View.php(231): CodeIgniter\View\View->CodeIgniter\View\{closure}()
 3 SYSTEMPATH\Common.php(1178): CodeIgniter\View\View->render('staff_keuangan/layout/wrapper', [], true)
 4 APPPATH\Controllers\Staff_keuangan\Dasbor.php(14): view('staff_keuangan/layout/wrapper', [...])
 5 SYSTEMPATH\CodeIgniter.php(941): App\Controllers\Staff_keuangan\Dasbor->index()
 6 SYSTEMPATH\CodeIgniter.php(502): CodeIgniter\CodeIgniter->runController(Object(App\Controllers\Staff_keuangan\Dasbor))
 7 SYSTEMPATH\CodeIgniter.php(361): CodeIgniter\CodeIgniter->handleRequest(null, Object(Config\Cache), false)
 8 FCPATH\index.php(36): CodeIgniter\CodeIgniter->run()
 9 ROOTPATH\index.php(7): require_once('C:\\xampp\\htdocs\\webspp\\public\\index.php')
WARNING - 2025-06-16 06:44:31 --> [DEPRECATED] Creation of dynamic property App\Libraries\Simple_login::$session is deprecated in APPPATH\Libraries\Simple_login.php on line 130.
 1 APPPATH\Views\staff_keuangan\layout\wrapper.php(8): App\Libraries\Simple_login->checklogin()
 2 SYSTEMPATH\View\View.php(228): include('C:\\xampp\\htdocs\\webspp\\app\\Views\\staff_keuangan\\layout\\wrapper.php')
 3 SYSTEMPATH\View\View.php(231): CodeIgniter\View\View->CodeIgniter\View\{closure}()
 4 SYSTEMPATH\Common.php(1178): CodeIgniter\View\View->render('staff_keuangan/layout/wrapper', [], true)
 5 APPPATH\Controllers\Staff_keuangan\Dasbor.php(14): view('staff_keuangan/layout/wrapper', [...])
 6 SYSTEMPATH\CodeIgniter.php(941): App\Controllers\Staff_keuangan\Dasbor->index()
 7 SYSTEMPATH\CodeIgniter.php(502): CodeIgniter\CodeIgniter->runController(Object(App\Controllers\Staff_keuangan\Dasbor))
 8 SYSTEMPATH\CodeIgniter.php(361): CodeIgniter\CodeIgniter->handleRequest(null, Object(Config\Cache), false)
 9 FCPATH\index.php(36): CodeIgniter\CodeIgniter->run()
10 ROOTPATH\index.php(7): require_once('C:\\xampp\\htdocs\\webspp\\public\\index.php')
INFO - 2025-06-16 06:44:36 --> Session: Class initialized using 'CodeIgniter\Session\Handlers\FileHandler' driver.
WARNING - 2025-06-16 06:44:37 --> [DEPRECATED] Creation of dynamic property CodeIgniter\View\View::$simple_login is deprecated in APPPATH\Views\staff_keuangan\layout\wrapper.php on line 4.
 1 SYSTEMPATH\View\View.php(228): include('C:\\xampp\\htdocs\\webspp\\app\\Views\\staff_keuangan\\layout\\wrapper.php')
 2 SYSTEMPATH\View\View.php(231): CodeIgniter\View\View->CodeIgniter\View\{closure}()
 3 SYSTEMPATH\Common.php(1178): CodeIgniter\View\View->render('staff_keuangan/layout/wrapper', [], true)
 4 APPPATH\Controllers\Staff_keuangan\Input_tagihan.php(79): view('staff_keuangan/layout/wrapper', [...])
 5 SYSTEMPATH\CodeIgniter.php(941): App\Controllers\Staff_keuangan\Input_tagihan->index()
 6 SYSTEMPATH\CodeIgniter.php(502): CodeIgniter\CodeIgniter->runController(Object(App\Controllers\Staff_keuangan\Input_tagihan))
 7 SYSTEMPATH\CodeIgniter.php(361): CodeIgniter\CodeIgniter->handleRequest(null, Object(Config\Cache), false)
 8 FCPATH\index.php(36): CodeIgniter\CodeIgniter->run()
 9 ROOTPATH\index.php(7): require_once('C:\\xampp\\htdocs\\webspp\\public\\index.php')
WARNING - 2025-06-16 06:44:37 --> [DEPRECATED] Creation of dynamic property CodeIgniter\View\View::$website is deprecated in APPPATH\Views\staff_keuangan\layout\wrapper.php on line 5.
 1 SYSTEMPATH\View\View.php(228): include('C:\\xampp\\htdocs\\webspp\\app\\Views\\staff_keuangan\\layout\\wrapper.php')
 2 SYSTEMPATH\View\View.php(231): CodeIgniter\View\View->CodeIgniter\View\{closure}()
 3 SYSTEMPATH\Common.php(1178): CodeIgniter\View\View->render('staff_keuangan/layout/wrapper', [], true)
 4 APPPATH\Controllers\Staff_keuangan\Input_tagihan.php(79): view('staff_keuangan/layout/wrapper', [...])
 5 SYSTEMPATH\CodeIgniter.php(941): App\Controllers\Staff_keuangan\Input_tagihan->index()
 6 SYSTEMPATH\CodeIgniter.php(502): CodeIgniter\CodeIgniter->runController(Object(App\Controllers\Staff_keuangan\Input_tagihan))
 7 SYSTEMPATH\CodeIgniter.php(361): CodeIgniter\CodeIgniter->handleRequest(null, Object(Config\Cache), false)
 8 FCPATH\index.php(36): CodeIgniter\CodeIgniter->run()
 9 ROOTPATH\index.php(7): require_once('C:\\xampp\\htdocs\\webspp\\public\\index.php')
WARNING - 2025-06-16 06:44:37 --> [DEPRECATED] Creation of dynamic property CodeIgniter\View\View::$session is deprecated in APPPATH\Views\staff_keuangan\layout\wrapper.php on line 6.
 1 SYSTEMPATH\View\View.php(228): include('C:\\xampp\\htdocs\\webspp\\app\\Views\\staff_keuangan\\layout\\wrapper.php')
 2 SYSTEMPATH\View\View.php(231): CodeIgniter\View\View->CodeIgniter\View\{closure}()
 3 SYSTEMPATH\Common.php(1178): CodeIgniter\View\View->render('staff_keuangan/layout/wrapper', [], true)
 4 APPPATH\Controllers\Staff_keuangan\Input_tagihan.php(79): view('staff_keuangan/layout/wrapper', [...])
 5 SYSTEMPATH\CodeIgniter.php(941): App\Controllers\Staff_keuangan\Input_tagihan->index()
 6 SYSTEMPATH\CodeIgniter.php(502): CodeIgniter\CodeIgniter->runController(Object(App\Controllers\Staff_keuangan\Input_tagihan))
 7 SYSTEMPATH\CodeIgniter.php(361): CodeIgniter\CodeIgniter->handleRequest(null, Object(Config\Cache), false)
 8 FCPATH\index.php(36): CodeIgniter\CodeIgniter->run()
 9 ROOTPATH\index.php(7): require_once('C:\\xampp\\htdocs\\webspp\\public\\index.php')
WARNING - 2025-06-16 06:44:37 --> [DEPRECATED] Creation of dynamic property App\Libraries\Simple_login::$session is deprecated in APPPATH\Libraries\Simple_login.php on line 130.
 1 APPPATH\Views\staff_keuangan\layout\wrapper.php(8): App\Libraries\Simple_login->checklogin()
 2 SYSTEMPATH\View\View.php(228): include('C:\\xampp\\htdocs\\webspp\\app\\Views\\staff_keuangan\\layout\\wrapper.php')
 3 SYSTEMPATH\View\View.php(231): CodeIgniter\View\View->CodeIgniter\View\{closure}()
 4 SYSTEMPATH\Common.php(1178): CodeIgniter\View\View->render('staff_keuangan/layout/wrapper', [], true)
 5 APPPATH\Controllers\Staff_keuangan\Input_tagihan.php(79): view('staff_keuangan/layout/wrapper', [...])
 6 SYSTEMPATH\CodeIgniter.php(941): App\Controllers\Staff_keuangan\Input_tagihan->index()
 7 SYSTEMPATH\CodeIgniter.php(502): CodeIgniter\CodeIgniter->runController(Object(App\Controllers\Staff_keuangan\Input_tagihan))
 8 SYSTEMPATH\CodeIgniter.php(361): CodeIgniter\CodeIgniter->handleRequest(null, Object(Config\Cache), false)
 9 FCPATH\index.php(36): CodeIgniter\CodeIgniter->run()
10 ROOTPATH\index.php(7): require_once('C:\\xampp\\htdocs\\webspp\\public\\index.php')
INFO - 2025-06-16 06:44:53 --> Session: Class initialized using 'CodeIgniter\Session\Handlers\FileHandler' driver.
DEBUG - 2025-06-16 06:44:53 --> Memulai proses tambah tagihan
DEBUG - 2025-06-16 06:44:53 --> ID staff yang login: 34
DEBUG - 2025-06-16 06:44:53 --> Data yang diterima:
DEBUG - 2025-06-16 06:44:53 --> Tagihan input berhasil disimpan dengan ID: 42
DEBUG - 2025-06-16 06:44:53 --> Jumlah siswa ditemukan: 1
DEBUG - 2025-06-16 06:44:53 --> Kategori siswa: biasa | Nama: Andi
DEBUG - 2025-06-16 06:44:53 --> Tagihan siswa berhasil digenerate ke semua siswa pada kelas dan tahun tersebut
INFO - 2025-06-16 06:44:53 --> Session: Class initialized using 'CodeIgniter\Session\Handlers\FileHandler' driver.
WARNING - 2025-06-16 06:44:53 --> [DEPRECATED] Creation of dynamic property CodeIgniter\View\View::$simple_login is deprecated in APPPATH\Views\staff_keuangan\layout\wrapper.php on line 4.
 1 SYSTEMPATH\View\View.php(228): include('C:\\xampp\\htdocs\\webspp\\app\\Views\\staff_keuangan\\layout\\wrapper.php')
 2 SYSTEMPATH\View\View.php(231): CodeIgniter\View\View->CodeIgniter\View\{closure}()
 3 SYSTEMPATH\Common.php(1178): CodeIgniter\View\View->render('staff_keuangan/layout/wrapper', [], true)
 4 APPPATH\Controllers\Staff_keuangan\Input_tagihan.php(79): view('staff_keuangan/layout/wrapper', [...])
 5 SYSTEMPATH\CodeIgniter.php(941): App\Controllers\Staff_keuangan\Input_tagihan->index()
 6 SYSTEMPATH\CodeIgniter.php(502): CodeIgniter\CodeIgniter->runController(Object(App\Controllers\Staff_keuangan\Input_tagihan))
 7 SYSTEMPATH\CodeIgniter.php(361): CodeIgniter\CodeIgniter->handleRequest(null, Object(Config\Cache), false)
 8 FCPATH\index.php(36): CodeIgniter\CodeIgniter->run()
 9 ROOTPATH\index.php(7): require_once('C:\\xampp\\htdocs\\webspp\\public\\index.php')
WARNING - 2025-06-16 06:44:53 --> [DEPRECATED] Creation of dynamic property CodeIgniter\View\View::$website is deprecated in APPPATH\Views\staff_keuangan\layout\wrapper.php on line 5.
 1 SYSTEMPATH\View\View.php(228): include('C:\\xampp\\htdocs\\webspp\\app\\Views\\staff_keuangan\\layout\\wrapper.php')
 2 SYSTEMPATH\View\View.php(231): CodeIgniter\View\View->CodeIgniter\View\{closure}()
 3 SYSTEMPATH\Common.php(1178): CodeIgniter\View\View->render('staff_keuangan/layout/wrapper', [], true)
 4 APPPATH\Controllers\Staff_keuangan\Input_tagihan.php(79): view('staff_keuangan/layout/wrapper', [...])
 5 SYSTEMPATH\CodeIgniter.php(941): App\Controllers\Staff_keuangan\Input_tagihan->index()
 6 SYSTEMPATH\CodeIgniter.php(502): CodeIgniter\CodeIgniter->runController(Object(App\Controllers\Staff_keuangan\Input_tagihan))
 7 SYSTEMPATH\CodeIgniter.php(361): CodeIgniter\CodeIgniter->handleRequest(null, Object(Config\Cache), false)
 8 FCPATH\index.php(36): CodeIgniter\CodeIgniter->run()
 9 ROOTPATH\index.php(7): require_once('C:\\xampp\\htdocs\\webspp\\public\\index.php')
WARNING - 2025-06-16 06:44:53 --> [DEPRECATED] Creation of dynamic property CodeIgniter\View\View::$session is deprecated in APPPATH\Views\staff_keuangan\layout\wrapper.php on line 6.
 1 SYSTEMPATH\View\View.php(228): include('C:\\xampp\\htdocs\\webspp\\app\\Views\\staff_keuangan\\layout\\wrapper.php')
 2 SYSTEMPATH\View\View.php(231): CodeIgniter\View\View->CodeIgniter\View\{closure}()
 3 SYSTEMPATH\Common.php(1178): CodeIgniter\View\View->render('staff_keuangan/layout/wrapper', [], true)
 4 APPPATH\Controllers\Staff_keuangan\Input_tagihan.php(79): view('staff_keuangan/layout/wrapper', [...])
 5 SYSTEMPATH\CodeIgniter.php(941): App\Controllers\Staff_keuangan\Input_tagihan->index()
 6 SYSTEMPATH\CodeIgniter.php(502): CodeIgniter\CodeIgniter->runController(Object(App\Controllers\Staff_keuangan\Input_tagihan))
 7 SYSTEMPATH\CodeIgniter.php(361): CodeIgniter\CodeIgniter->handleRequest(null, Object(Config\Cache), false)
 8 FCPATH\index.php(36): CodeIgniter\CodeIgniter->run()
 9 ROOTPATH\index.php(7): require_once('C:\\xampp\\htdocs\\webspp\\public\\index.php')
WARNING - 2025-06-16 06:44:53 --> [DEPRECATED] Creation of dynamic property App\Libraries\Simple_login::$session is deprecated in APPPATH\Libraries\Simple_login.php on line 130.
 1 APPPATH\Views\staff_keuangan\layout\wrapper.php(8): App\Libraries\Simple_login->checklogin()
 2 SYSTEMPATH\View\View.php(228): include('C:\\xampp\\htdocs\\webspp\\app\\Views\\staff_keuangan\\layout\\wrapper.php')
 3 SYSTEMPATH\View\View.php(231): CodeIgniter\View\View->CodeIgniter\View\{closure}()
 4 SYSTEMPATH\Common.php(1178): CodeIgniter\View\View->render('staff_keuangan/layout/wrapper', [], true)
 5 APPPATH\Controllers\Staff_keuangan\Input_tagihan.php(79): view('staff_keuangan/layout/wrapper', [...])
 6 SYSTEMPATH\CodeIgniter.php(941): App\Controllers\Staff_keuangan\Input_tagihan->index()
 7 SYSTEMPATH\CodeIgniter.php(502): CodeIgniter\CodeIgniter->runController(Object(App\Controllers\Staff_keuangan\Input_tagihan))
 8 SYSTEMPATH\CodeIgniter.php(361): CodeIgniter\CodeIgniter->handleRequest(null, Object(Config\Cache), false)
 9 FCPATH\index.php(36): CodeIgniter\CodeIgniter->run()
10 ROOTPATH\index.php(7): require_once('C:\\xampp\\htdocs\\webspp\\public\\index.php')
INFO - 2025-06-16 06:45:01 --> Session: Class initialized using 'CodeIgniter\Session\Handlers\FileHandler' driver.
WARNING - 2025-06-16 06:45:01 --> [DEPRECATED] Creation of dynamic property CodeIgniter\View\View::$simple_login is deprecated in APPPATH\Views\staff_keuangan\layout\wrapper.php on line 4.
 1 SYSTEMPATH\View\View.php(228): include('C:\\xampp\\htdocs\\webspp\\app\\Views\\staff_keuangan\\layout\\wrapper.php')
 2 SYSTEMPATH\View\View.php(231): CodeIgniter\View\View->CodeIgniter\View\{closure}()
 3 SYSTEMPATH\Common.php(1178): CodeIgniter\View\View->render('staff_keuangan/layout/wrapper', [], true)
 4 APPPATH\Controllers\Staff_keuangan\Data_tagihan_siswa.php(90): view('staff_keuangan/layout/wrapper', [...])
 5 SYSTEMPATH\CodeIgniter.php(941): App\Controllers\Staff_keuangan\Data_tagihan_siswa->index()
 6 SYSTEMPATH\CodeIgniter.php(502): CodeIgniter\CodeIgniter->runController(Object(App\Controllers\Staff_keuangan\Data_tagihan_siswa))
 7 SYSTEMPATH\CodeIgniter.php(361): CodeIgniter\CodeIgniter->handleRequest(null, Object(Config\Cache), false)
 8 FCPATH\index.php(36): CodeIgniter\CodeIgniter->run()
 9 ROOTPATH\index.php(7): require_once('C:\\xampp\\htdocs\\webspp\\public\\index.php')
WARNING - 2025-06-16 06:45:01 --> [DEPRECATED] Creation of dynamic property CodeIgniter\View\View::$website is deprecated in APPPATH\Views\staff_keuangan\layout\wrapper.php on line 5.
 1 SYSTEMPATH\View\View.php(228): include('C:\\xampp\\htdocs\\webspp\\app\\Views\\staff_keuangan\\layout\\wrapper.php')
 2 SYSTEMPATH\View\View.php(231): CodeIgniter\View\View->CodeIgniter\View\{closure}()
 3 SYSTEMPATH\Common.php(1178): CodeIgniter\View\View->render('staff_keuangan/layout/wrapper', [], true)
 4 APPPATH\Controllers\Staff_keuangan\Data_tagihan_siswa.php(90): view('staff_keuangan/layout/wrapper', [...])
 5 SYSTEMPATH\CodeIgniter.php(941): App\Controllers\Staff_keuangan\Data_tagihan_siswa->index()
 6 SYSTEMPATH\CodeIgniter.php(502): CodeIgniter\CodeIgniter->runController(Object(App\Controllers\Staff_keuangan\Data_tagihan_siswa))
 7 SYSTEMPATH\CodeIgniter.php(361): CodeIgniter\CodeIgniter->handleRequest(null, Object(Config\Cache), false)
 8 FCPATH\index.php(36): CodeIgniter\CodeIgniter->run()
 9 ROOTPATH\index.php(7): require_once('C:\\xampp\\htdocs\\webspp\\public\\index.php')
WARNING - 2025-06-16 06:45:01 --> [DEPRECATED] Creation of dynamic property CodeIgniter\View\View::$session is deprecated in APPPATH\Views\staff_keuangan\layout\wrapper.php on line 6.
 1 SYSTEMPATH\View\View.php(228): include('C:\\xampp\\htdocs\\webspp\\app\\Views\\staff_keuangan\\layout\\wrapper.php')
 2 SYSTEMPATH\View\View.php(231): CodeIgniter\View\View->CodeIgniter\View\{closure}()
 3 SYSTEMPATH\Common.php(1178): CodeIgniter\View\View->render('staff_keuangan/layout/wrapper', [], true)
 4 APPPATH\Controllers\Staff_keuangan\Data_tagihan_siswa.php(90): view('staff_keuangan/layout/wrapper', [...])
 5 SYSTEMPATH\CodeIgniter.php(941): App\Controllers\Staff_keuangan\Data_tagihan_siswa->index()
 6 SYSTEMPATH\CodeIgniter.php(502): CodeIgniter\CodeIgniter->runController(Object(App\Controllers\Staff_keuangan\Data_tagihan_siswa))
 7 SYSTEMPATH\CodeIgniter.php(361): CodeIgniter\CodeIgniter->handleRequest(null, Object(Config\Cache), false)
 8 FCPATH\index.php(36): CodeIgniter\CodeIgniter->run()
 9 ROOTPATH\index.php(7): require_once('C:\\xampp\\htdocs\\webspp\\public\\index.php')
WARNING - 2025-06-16 06:45:01 --> [DEPRECATED] Creation of dynamic property App\Libraries\Simple_login::$session is deprecated in APPPATH\Libraries\Simple_login.php on line 130.
 1 APPPATH\Views\staff_keuangan\layout\wrapper.php(8): App\Libraries\Simple_login->checklogin()
 2 SYSTEMPATH\View\View.php(228): include('C:\\xampp\\htdocs\\webspp\\app\\Views\\staff_keuangan\\layout\\wrapper.php')
 3 SYSTEMPATH\View\View.php(231): CodeIgniter\View\View->CodeIgniter\View\{closure}()
 4 SYSTEMPATH\Common.php(1178): CodeIgniter\View\View->render('staff_keuangan/layout/wrapper', [], true)
 5 APPPATH\Controllers\Staff_keuangan\Data_tagihan_siswa.php(90): view('staff_keuangan/layout/wrapper', [...])
 6 SYSTEMPATH\CodeIgniter.php(941): App\Controllers\Staff_keuangan\Data_tagihan_siswa->index()
 7 SYSTEMPATH\CodeIgniter.php(502): CodeIgniter\CodeIgniter->runController(Object(App\Controllers\Staff_keuangan\Data_tagihan_siswa))
 8 SYSTEMPATH\CodeIgniter.php(361): CodeIgniter\CodeIgniter->handleRequest(null, Object(Config\Cache), false)
 9 FCPATH\index.php(36): CodeIgniter\CodeIgniter->run()
10 ROOTPATH\index.php(7): require_once('C:\\xampp\\htdocs\\webspp\\public\\index.php')
INFO - 2025-06-16 06:45:55 --> Session: Class initialized using 'CodeIgniter\Session\Handlers\FileHandler' driver.
WARNING - 2025-06-16 06:45:55 --> [DEPRECATED] Creation of dynamic property CodeIgniter\View\View::$simple_login is deprecated in APPPATH\Views\staff_keuangan\layout\wrapper.php on line 4.
 1 SYSTEMPATH\View\View.php(228): include('C:\\xampp\\htdocs\\webspp\\app\\Views\\staff_keuangan\\layout\\wrapper.php')
 2 SYSTEMPATH\View\View.php(231): CodeIgniter\View\View->CodeIgniter\View\{closure}()
 3 SYSTEMPATH\Common.php(1178): CodeIgniter\View\View->render('staff_keuangan/layout/wrapper', [], true)
 4 APPPATH\Controllers\Staff_keuangan\Data_tagihan_siswa.php(90): view('staff_keuangan/layout/wrapper', [...])
 5 SYSTEMPATH\CodeIgniter.php(941): App\Controllers\Staff_keuangan\Data_tagihan_siswa->index()
 6 SYSTEMPATH\CodeIgniter.php(502): CodeIgniter\CodeIgniter->runController(Object(App\Controllers\Staff_keuangan\Data_tagihan_siswa))
 7 SYSTEMPATH\CodeIgniter.php(361): CodeIgniter\CodeIgniter->handleRequest(null, Object(Config\Cache), false)
 8 FCPATH\index.php(36): CodeIgniter\CodeIgniter->run()
 9 ROOTPATH\index.php(7): require_once('C:\\xampp\\htdocs\\webspp\\public\\index.php')
WARNING - 2025-06-16 06:45:55 --> [DEPRECATED] Creation of dynamic property CodeIgniter\View\View::$website is deprecated in APPPATH\Views\staff_keuangan\layout\wrapper.php on line 5.
 1 SYSTEMPATH\View\View.php(228): include('C:\\xampp\\htdocs\\webspp\\app\\Views\\staff_keuangan\\layout\\wrapper.php')
 2 SYSTEMPATH\View\View.php(231): CodeIgniter\View\View->CodeIgniter\View\{closure}()
 3 SYSTEMPATH\Common.php(1178): CodeIgniter\View\View->render('staff_keuangan/layout/wrapper', [], true)
 4 APPPATH\Controllers\Staff_keuangan\Data_tagihan_siswa.php(90): view('staff_keuangan/layout/wrapper', [...])
 5 SYSTEMPATH\CodeIgniter.php(941): App\Controllers\Staff_keuangan\Data_tagihan_siswa->index()
 6 SYSTEMPATH\CodeIgniter.php(502): CodeIgniter\CodeIgniter->runController(Object(App\Controllers\Staff_keuangan\Data_tagihan_siswa))
 7 SYSTEMPATH\CodeIgniter.php(361): CodeIgniter\CodeIgniter->handleRequest(null, Object(Config\Cache), false)
 8 FCPATH\index.php(36): CodeIgniter\CodeIgniter->run()
 9 ROOTPATH\index.php(7): require_once('C:\\xampp\\htdocs\\webspp\\public\\index.php')
WARNING - 2025-06-16 06:45:55 --> [DEPRECATED] Creation of dynamic property CodeIgniter\View\View::$session is deprecated in APPPATH\Views\staff_keuangan\layout\wrapper.php on line 6.
 1 SYSTEMPATH\View\View.php(228): include('C:\\xampp\\htdocs\\webspp\\app\\Views\\staff_keuangan\\layout\\wrapper.php')
 2 SYSTEMPATH\View\View.php(231): CodeIgniter\View\View->CodeIgniter\View\{closure}()
 3 SYSTEMPATH\Common.php(1178): CodeIgniter\View\View->render('staff_keuangan/layout/wrapper', [], true)
 4 APPPATH\Controllers\Staff_keuangan\Data_tagihan_siswa.php(90): view('staff_keuangan/layout/wrapper', [...])
 5 SYSTEMPATH\CodeIgniter.php(941): App\Controllers\Staff_keuangan\Data_tagihan_siswa->index()
 6 SYSTEMPATH\CodeIgniter.php(502): CodeIgniter\CodeIgniter->runController(Object(App\Controllers\Staff_keuangan\Data_tagihan_siswa))
 7 SYSTEMPATH\CodeIgniter.php(361): CodeIgniter\CodeIgniter->handleRequest(null, Object(Config\Cache), false)
 8 FCPATH\index.php(36): CodeIgniter\CodeIgniter->run()
 9 ROOTPATH\index.php(7): require_once('C:\\xampp\\htdocs\\webspp\\public\\index.php')
WARNING - 2025-06-16 06:45:55 --> [DEPRECATED] Creation of dynamic property App\Libraries\Simple_login::$session is deprecated in APPPATH\Libraries\Simple_login.php on line 130.
 1 APPPATH\Views\staff_keuangan\layout\wrapper.php(8): App\Libraries\Simple_login->checklogin()
 2 SYSTEMPATH\View\View.php(228): include('C:\\xampp\\htdocs\\webspp\\app\\Views\\staff_keuangan\\layout\\wrapper.php')
 3 SYSTEMPATH\View\View.php(231): CodeIgniter\View\View->CodeIgniter\View\{closure}()
 4 SYSTEMPATH\Common.php(1178): CodeIgniter\View\View->render('staff_keuangan/layout/wrapper', [], true)
 5 APPPATH\Controllers\Staff_keuangan\Data_tagihan_siswa.php(90): view('staff_keuangan/layout/wrapper', [...])
 6 SYSTEMPATH\CodeIgniter.php(941): App\Controllers\Staff_keuangan\Data_tagihan_siswa->index()
 7 SYSTEMPATH\CodeIgniter.php(502): CodeIgniter\CodeIgniter->runController(Object(App\Controllers\Staff_keuangan\Data_tagihan_siswa))
 8 SYSTEMPATH\CodeIgniter.php(361): CodeIgniter\CodeIgniter->handleRequest(null, Object(Config\Cache), false)
 9 FCPATH\index.php(36): CodeIgniter\CodeIgniter->run()
10 ROOTPATH\index.php(7): require_once('C:\\xampp\\htdocs\\webspp\\public\\index.php')
INFO - 2025-06-16 06:48:32 --> Session: Class initialized using 'CodeIgniter\Session\Handlers\FileHandler' driver.
CRITICAL - 2025-06-16 06:48:32 --> Error: Call to undefined function form_open()
in APPPATH\Controllers\Staff_keuangan\Data_tagihan_siswa.php on line 23.
 1 SYSTEMPATH\Router\AutoRouter.php(162): include_once()
 2 SYSTEMPATH\Router\Router.php(515): CodeIgniter\Router\AutoRouter->getRoute('staff_keuangan/data_tagihan_siswa', 'get')
 3 SYSTEMPATH\Router\Router.php(211): CodeIgniter\Router\Router->autoRoute('staff_keuangan/data_tagihan_siswa')
 4 SYSTEMPATH\CodeIgniter.php(823): CodeIgniter\Router\Router->handle('staff_keuangan/data_tagihan_siswa')
 5 SYSTEMPATH\CodeIgniter.php(450): CodeIgniter\CodeIgniter->tryToRouteIt(Object(CodeIgniter\Router\RouteCollection))
 6 SYSTEMPATH\CodeIgniter.php(361): CodeIgniter\CodeIgniter->handleRequest(null, Object(Config\Cache), false)
 7 FCPATH\index.php(36): CodeIgniter\CodeIgniter->run()
 8 ROOTPATH\index.php(7): require_once('C:\\xampp\\htdocs\\webspp\\public\\index.php')
INFO - 2025-06-16 06:49:11 --> Session: Class initialized using 'CodeIgniter\Session\Handlers\FileHandler' driver.
WARNING - 2025-06-16 06:49:11 --> [DEPRECATED] Creation of dynamic property CodeIgniter\View\View::$simple_login is deprecated in APPPATH\Views\staff_keuangan\layout\wrapper.php on line 4.
 1 SYSTEMPATH\View\View.php(228): include('C:\\xampp\\htdocs\\webspp\\app\\Views\\staff_keuangan\\layout\\wrapper.php')
 2 SYSTEMPATH\View\View.php(231): CodeIgniter\View\View->CodeIgniter\View\{closure}()
 3 SYSTEMPATH\Common.php(1178): CodeIgniter\View\View->render('staff_keuangan/layout/wrapper', [], true)
 4 APPPATH\Controllers\Staff_keuangan\Data_tagihan_siswa.php(90): view('staff_keuangan/layout/wrapper', [...])
 5 SYSTEMPATH\CodeIgniter.php(941): App\Controllers\Staff_keuangan\Data_tagihan_siswa->index()
 6 SYSTEMPATH\CodeIgniter.php(502): CodeIgniter\CodeIgniter->runController(Object(App\Controllers\Staff_keuangan\Data_tagihan_siswa))
 7 SYSTEMPATH\CodeIgniter.php(361): CodeIgniter\CodeIgniter->handleRequest(null, Object(Config\Cache), false)
 8 FCPATH\index.php(36): CodeIgniter\CodeIgniter->run()
 9 ROOTPATH\index.php(7): require_once('C:\\xampp\\htdocs\\webspp\\public\\index.php')
WARNING - 2025-06-16 06:49:11 --> [DEPRECATED] Creation of dynamic property CodeIgniter\View\View::$website is deprecated in APPPATH\Views\staff_keuangan\layout\wrapper.php on line 5.
 1 SYSTEMPATH\View\View.php(228): include('C:\\xampp\\htdocs\\webspp\\app\\Views\\staff_keuangan\\layout\\wrapper.php')
 2 SYSTEMPATH\View\View.php(231): CodeIgniter\View\View->CodeIgniter\View\{closure}()
 3 SYSTEMPATH\Common.php(1178): CodeIgniter\View\View->render('staff_keuangan/layout/wrapper', [], true)
 4 APPPATH\Controllers\Staff_keuangan\Data_tagihan_siswa.php(90): view('staff_keuangan/layout/wrapper', [...])
 5 SYSTEMPATH\CodeIgniter.php(941): App\Controllers\Staff_keuangan\Data_tagihan_siswa->index()
 6 SYSTEMPATH\CodeIgniter.php(502): CodeIgniter\CodeIgniter->runController(Object(App\Controllers\Staff_keuangan\Data_tagihan_siswa))
 7 SYSTEMPATH\CodeIgniter.php(361): CodeIgniter\CodeIgniter->handleRequest(null, Object(Config\Cache), false)
 8 FCPATH\index.php(36): CodeIgniter\CodeIgniter->run()
 9 ROOTPATH\index.php(7): require_once('C:\\xampp\\htdocs\\webspp\\public\\index.php')
WARNING - 2025-06-16 06:49:11 --> [DEPRECATED] Creation of dynamic property CodeIgniter\View\View::$session is deprecated in APPPATH\Views\staff_keuangan\layout\wrapper.php on line 6.
 1 SYSTEMPATH\View\View.php(228): include('C:\\xampp\\htdocs\\webspp\\app\\Views\\staff_keuangan\\layout\\wrapper.php')
 2 SYSTEMPATH\View\View.php(231): CodeIgniter\View\View->CodeIgniter\View\{closure}()
 3 SYSTEMPATH\Common.php(1178): CodeIgniter\View\View->render('staff_keuangan/layout/wrapper', [], true)
 4 APPPATH\Controllers\Staff_keuangan\Data_tagihan_siswa.php(90): view('staff_keuangan/layout/wrapper', [...])
 5 SYSTEMPATH\CodeIgniter.php(941): App\Controllers\Staff_keuangan\Data_tagihan_siswa->index()
 6 SYSTEMPATH\CodeIgniter.php(502): CodeIgniter\CodeIgniter->runController(Object(App\Controllers\Staff_keuangan\Data_tagihan_siswa))
 7 SYSTEMPATH\CodeIgniter.php(361): CodeIgniter\CodeIgniter->handleRequest(null, Object(Config\Cache), false)
 8 FCPATH\index.php(36): CodeIgniter\CodeIgniter->run()
 9 ROOTPATH\index.php(7): require_once('C:\\xampp\\htdocs\\webspp\\public\\index.php')
WARNING - 2025-06-16 06:49:11 --> [DEPRECATED] Creation of dynamic property App\Libraries\Simple_login::$session is deprecated in APPPATH\Libraries\Simple_login.php on line 130.
 1 APPPATH\Views\staff_keuangan\layout\wrapper.php(8): App\Libraries\Simple_login->checklogin()
 2 SYSTEMPATH\View\View.php(228): include('C:\\xampp\\htdocs\\webspp\\app\\Views\\staff_keuangan\\layout\\wrapper.php')
 3 SYSTEMPATH\View\View.php(231): CodeIgniter\View\View->CodeIgniter\View\{closure}()
 4 SYSTEMPATH\Common.php(1178): CodeIgniter\View\View->render('staff_keuangan/layout/wrapper', [], true)
 5 APPPATH\Controllers\Staff_keuangan\Data_tagihan_siswa.php(90): view('staff_keuangan/layout/wrapper', [...])
 6 SYSTEMPATH\CodeIgniter.php(941): App\Controllers\Staff_keuangan\Data_tagihan_siswa->index()
 7 SYSTEMPATH\CodeIgniter.php(502): CodeIgniter\CodeIgniter->runController(Object(App\Controllers\Staff_keuangan\Data_tagihan_siswa))
 8 SYSTEMPATH\CodeIgniter.php(361): CodeIgniter\CodeIgniter->handleRequest(null, Object(Config\Cache), false)
 9 FCPATH\index.php(36): CodeIgniter\CodeIgniter->run()
10 ROOTPATH\index.php(7): require_once('C:\\xampp\\htdocs\\webspp\\public\\index.php')
INFO - 2025-06-16 06:49:54 --> Session: Class initialized using 'CodeIgniter\Session\Handlers\FileHandler' driver.
WARNING - 2025-06-16 06:49:54 --> [DEPRECATED] Creation of dynamic property CodeIgniter\View\View::$simple_login is deprecated in APPPATH\Views\staff_keuangan\layout\wrapper.php on line 4.
 1 SYSTEMPATH\View\View.php(228): include('C:\\xampp\\htdocs\\webspp\\app\\Views\\staff_keuangan\\layout\\wrapper.php')
 2 SYSTEMPATH\View\View.php(231): CodeIgniter\View\View->CodeIgniter\View\{closure}()
 3 SYSTEMPATH\Common.php(1178): CodeIgniter\View\View->render('staff_keuangan/layout/wrapper', [], true)
 4 APPPATH\Controllers\Staff_keuangan\Data_tagihan_siswa.php(90): view('staff_keuangan/layout/wrapper', [...])
 5 SYSTEMPATH\CodeIgniter.php(941): App\Controllers\Staff_keuangan\Data_tagihan_siswa->index()
 6 SYSTEMPATH\CodeIgniter.php(502): CodeIgniter\CodeIgniter->runController(Object(App\Controllers\Staff_keuangan\Data_tagihan_siswa))
 7 SYSTEMPATH\CodeIgniter.php(361): CodeIgniter\CodeIgniter->handleRequest(null, Object(Config\Cache), false)
 8 FCPATH\index.php(36): CodeIgniter\CodeIgniter->run()
 9 ROOTPATH\index.php(7): require_once('C:\\xampp\\htdocs\\webspp\\public\\index.php')
WARNING - 2025-06-16 06:49:54 --> [DEPRECATED] Creation of dynamic property CodeIgniter\View\View::$website is deprecated in APPPATH\Views\staff_keuangan\layout\wrapper.php on line 5.
 1 SYSTEMPATH\View\View.php(228): include('C:\\xampp\\htdocs\\webspp\\app\\Views\\staff_keuangan\\layout\\wrapper.php')
 2 SYSTEMPATH\View\View.php(231): CodeIgniter\View\View->CodeIgniter\View\{closure}()
 3 SYSTEMPATH\Common.php(1178): CodeIgniter\View\View->render('staff_keuangan/layout/wrapper', [], true)
 4 APPPATH\Controllers\Staff_keuangan\Data_tagihan_siswa.php(90): view('staff_keuangan/layout/wrapper', [...])
 5 SYSTEMPATH\CodeIgniter.php(941): App\Controllers\Staff_keuangan\Data_tagihan_siswa->index()
 6 SYSTEMPATH\CodeIgniter.php(502): CodeIgniter\CodeIgniter->runController(Object(App\Controllers\Staff_keuangan\Data_tagihan_siswa))
 7 SYSTEMPATH\CodeIgniter.php(361): CodeIgniter\CodeIgniter->handleRequest(null, Object(Config\Cache), false)
 8 FCPATH\index.php(36): CodeIgniter\CodeIgniter->run()
 9 ROOTPATH\index.php(7): require_once('C:\\xampp\\htdocs\\webspp\\public\\index.php')
WARNING - 2025-06-16 06:49:54 --> [DEPRECATED] Creation of dynamic property CodeIgniter\View\View::$session is deprecated in APPPATH\Views\staff_keuangan\layout\wrapper.php on line 6.
 1 SYSTEMPATH\View\View.php(228): include('C:\\xampp\\htdocs\\webspp\\app\\Views\\staff_keuangan\\layout\\wrapper.php')
 2 SYSTEMPATH\View\View.php(231): CodeIgniter\View\View->CodeIgniter\View\{closure}()
 3 SYSTEMPATH\Common.php(1178): CodeIgniter\View\View->render('staff_keuangan/layout/wrapper', [], true)
 4 APPPATH\Controllers\Staff_keuangan\Data_tagihan_siswa.php(90): view('staff_keuangan/layout/wrapper', [...])
 5 SYSTEMPATH\CodeIgniter.php(941): App\Controllers\Staff_keuangan\Data_tagihan_siswa->index()
 6 SYSTEMPATH\CodeIgniter.php(502): CodeIgniter\CodeIgniter->runController(Object(App\Controllers\Staff_keuangan\Data_tagihan_siswa))
 7 SYSTEMPATH\CodeIgniter.php(361): CodeIgniter\CodeIgniter->handleRequest(null, Object(Config\Cache), false)
 8 FCPATH\index.php(36): CodeIgniter\CodeIgniter->run()
 9 ROOTPATH\index.php(7): require_once('C:\\xampp\\htdocs\\webspp\\public\\index.php')
WARNING - 2025-06-16 06:49:54 --> [DEPRECATED] Creation of dynamic property App\Libraries\Simple_login::$session is deprecated in APPPATH\Libraries\Simple_login.php on line 130.
 1 APPPATH\Views\staff_keuangan\layout\wrapper.php(8): App\Libraries\Simple_login->checklogin()
 2 SYSTEMPATH\View\View.php(228): include('C:\\xampp\\htdocs\\webspp\\app\\Views\\staff_keuangan\\layout\\wrapper.php')
 3 SYSTEMPATH\View\View.php(231): CodeIgniter\View\View->CodeIgniter\View\{closure}()
 4 SYSTEMPATH\Common.php(1178): CodeIgniter\View\View->render('staff_keuangan/layout/wrapper', [], true)
 5 APPPATH\Controllers\Staff_keuangan\Data_tagihan_siswa.php(90): view('staff_keuangan/layout/wrapper', [...])
 6 SYSTEMPATH\CodeIgniter.php(941): App\Controllers\Staff_keuangan\Data_tagihan_siswa->index()
 7 SYSTEMPATH\CodeIgniter.php(502): CodeIgniter\CodeIgniter->runController(Object(App\Controllers\Staff_keuangan\Data_tagihan_siswa))
 8 SYSTEMPATH\CodeIgniter.php(361): CodeIgniter\CodeIgniter->handleRequest(null, Object(Config\Cache), false)
 9 FCPATH\index.php(36): CodeIgniter\CodeIgniter->run()
10 ROOTPATH\index.php(7): require_once('C:\\xampp\\htdocs\\webspp\\public\\index.php')
INFO - 2025-06-16 06:50:37 --> Session: Class initialized using 'CodeIgniter\Session\Handlers\FileHandler' driver.
INFO - 2025-06-16 06:51:49 --> Session: Class initialized using 'CodeIgniter\Session\Handlers\FileHandler' driver.
WARNING - 2025-06-16 06:51:49 --> [DEPRECATED] Creation of dynamic property CodeIgniter\View\View::$simple_login is deprecated in APPPATH\Views\staff_keuangan\layout\wrapper.php on line 4.
 1 SYSTEMPATH\View\View.php(228): include('C:\\xampp\\htdocs\\webspp\\app\\Views\\staff_keuangan\\layout\\wrapper.php')
 2 SYSTEMPATH\View\View.php(231): CodeIgniter\View\View->CodeIgniter\View\{closure}()
 3 SYSTEMPATH\Common.php(1178): CodeIgniter\View\View->render('staff_keuangan/layout/wrapper', [], true)
 4 APPPATH\Controllers\Staff_keuangan\Data_tagihan_siswa.php(90): view('staff_keuangan/layout/wrapper', [...])
 5 SYSTEMPATH\CodeIgniter.php(941): App\Controllers\Staff_keuangan\Data_tagihan_siswa->index()
 6 SYSTEMPATH\CodeIgniter.php(502): CodeIgniter\CodeIgniter->runController(Object(App\Controllers\Staff_keuangan\Data_tagihan_siswa))
 7 SYSTEMPATH\CodeIgniter.php(361): CodeIgniter\CodeIgniter->handleRequest(null, Object(Config\Cache), false)
 8 FCPATH\index.php(36): CodeIgniter\CodeIgniter->run()
 9 ROOTPATH\index.php(7): require_once('C:\\xampp\\htdocs\\webspp\\public\\index.php')
WARNING - 2025-06-16 06:51:49 --> [DEPRECATED] Creation of dynamic property CodeIgniter\View\View::$website is deprecated in APPPATH\Views\staff_keuangan\layout\wrapper.php on line 5.
 1 SYSTEMPATH\View\View.php(228): include('C:\\xampp\\htdocs\\webspp\\app\\Views\\staff_keuangan\\layout\\wrapper.php')
 2 SYSTEMPATH\View\View.php(231): CodeIgniter\View\View->CodeIgniter\View\{closure}()
 3 SYSTEMPATH\Common.php(1178): CodeIgniter\View\View->render('staff_keuangan/layout/wrapper', [], true)
 4 APPPATH\Controllers\Staff_keuangan\Data_tagihan_siswa.php(90): view('staff_keuangan/layout/wrapper', [...])
 5 SYSTEMPATH\CodeIgniter.php(941): App\Controllers\Staff_keuangan\Data_tagihan_siswa->index()
 6 SYSTEMPATH\CodeIgniter.php(502): CodeIgniter\CodeIgniter->runController(Object(App\Controllers\Staff_keuangan\Data_tagihan_siswa))
 7 SYSTEMPATH\CodeIgniter.php(361): CodeIgniter\CodeIgniter->handleRequest(null, Object(Config\Cache), false)
 8 FCPATH\index.php(36): CodeIgniter\CodeIgniter->run()
 9 ROOTPATH\index.php(7): require_once('C:\\xampp\\htdocs\\webspp\\public\\index.php')
WARNING - 2025-06-16 06:51:49 --> [DEPRECATED] Creation of dynamic property CodeIgniter\View\View::$session is deprecated in APPPATH\Views\staff_keuangan\layout\wrapper.php on line 6.
 1 SYSTEMPATH\View\View.php(228): include('C:\\xampp\\htdocs\\webspp\\app\\Views\\staff_keuangan\\layout\\wrapper.php')
 2 SYSTEMPATH\View\View.php(231): CodeIgniter\View\View->CodeIgniter\View\{closure}()
 3 SYSTEMPATH\Common.php(1178): CodeIgniter\View\View->render('staff_keuangan/layout/wrapper', [], true)
 4 APPPATH\Controllers\Staff_keuangan\Data_tagihan_siswa.php(90): view('staff_keuangan/layout/wrapper', [...])
 5 SYSTEMPATH\CodeIgniter.php(941): App\Controllers\Staff_keuangan\Data_tagihan_siswa->index()
 6 SYSTEMPATH\CodeIgniter.php(502): CodeIgniter\CodeIgniter->runController(Object(App\Controllers\Staff_keuangan\Data_tagihan_siswa))
 7 SYSTEMPATH\CodeIgniter.php(361): CodeIgniter\CodeIgniter->handleRequest(null, Object(Config\Cache), false)
 8 FCPATH\index.php(36): CodeIgniter\CodeIgniter->run()
 9 ROOTPATH\index.php(7): require_once('C:\\xampp\\htdocs\\webspp\\public\\index.php')
WARNING - 2025-06-16 06:51:49 --> [DEPRECATED] Creation of dynamic property App\Libraries\Simple_login::$session is deprecated in APPPATH\Libraries\Simple_login.php on line 130.
 1 APPPATH\Views\staff_keuangan\layout\wrapper.php(8): App\Libraries\Simple_login->checklogin()
 2 SYSTEMPATH\View\View.php(228): include('C:\\xampp\\htdocs\\webspp\\app\\Views\\staff_keuangan\\layout\\wrapper.php')
 3 SYSTEMPATH\View\View.php(231): CodeIgniter\View\View->CodeIgniter\View\{closure}()
 4 SYSTEMPATH\Common.php(1178): CodeIgniter\View\View->render('staff_keuangan/layout/wrapper', [], true)
 5 APPPATH\Controllers\Staff_keuangan\Data_tagihan_siswa.php(90): view('staff_keuangan/layout/wrapper', [...])
 6 SYSTEMPATH\CodeIgniter.php(941): App\Controllers\Staff_keuangan\Data_tagihan_siswa->index()
 7 SYSTEMPATH\CodeIgniter.php(502): CodeIgniter\CodeIgniter->runController(Object(App\Controllers\Staff_keuangan\Data_tagihan_siswa))
 8 SYSTEMPATH\CodeIgniter.php(361): CodeIgniter\CodeIgniter->handleRequest(null, Object(Config\Cache), false)
 9 FCPATH\index.php(36): CodeIgniter\CodeIgniter->run()
10 ROOTPATH\index.php(7): require_once('C:\\xampp\\htdocs\\webspp\\public\\index.php')
INFO - 2025-06-16 06:51:51 --> Session: Class initialized using 'CodeIgniter\Session\Handlers\FileHandler' driver.
WARNING - 2025-06-16 06:51:51 --> [DEPRECATED] Creation of dynamic property CodeIgniter\View\View::$simple_login is deprecated in APPPATH\Views\staff_keuangan\layout\wrapper.php on line 4.
 1 SYSTEMPATH\View\View.php(228): include('C:\\xampp\\htdocs\\webspp\\app\\Views\\staff_keuangan\\layout\\wrapper.php')
 2 SYSTEMPATH\View\View.php(231): CodeIgniter\View\View->CodeIgniter\View\{closure}()
 3 SYSTEMPATH\Common.php(1178): CodeIgniter\View\View->render('staff_keuangan/layout/wrapper', [], true)
 4 APPPATH\Controllers\Staff_keuangan\Data_tagihan_siswa.php(90): view('staff_keuangan/layout/wrapper', [...])
 5 SYSTEMPATH\CodeIgniter.php(941): App\Controllers\Staff_keuangan\Data_tagihan_siswa->index()
 6 SYSTEMPATH\CodeIgniter.php(502): CodeIgniter\CodeIgniter->runController(Object(App\Controllers\Staff_keuangan\Data_tagihan_siswa))
 7 SYSTEMPATH\CodeIgniter.php(361): CodeIgniter\CodeIgniter->handleRequest(null, Object(Config\Cache), false)
 8 FCPATH\index.php(36): CodeIgniter\CodeIgniter->run()
 9 ROOTPATH\index.php(7): require_once('C:\\xampp\\htdocs\\webspp\\public\\index.php')
WARNING - 2025-06-16 06:51:51 --> [DEPRECATED] Creation of dynamic property CodeIgniter\View\View::$website is deprecated in APPPATH\Views\staff_keuangan\layout\wrapper.php on line 5.
 1 SYSTEMPATH\View\View.php(228): include('C:\\xampp\\htdocs\\webspp\\app\\Views\\staff_keuangan\\layout\\wrapper.php')
 2 SYSTEMPATH\View\View.php(231): CodeIgniter\View\View->CodeIgniter\View\{closure}()
 3 SYSTEMPATH\Common.php(1178): CodeIgniter\View\View->render('staff_keuangan/layout/wrapper', [], true)
 4 APPPATH\Controllers\Staff_keuangan\Data_tagihan_siswa.php(90): view('staff_keuangan/layout/wrapper', [...])
 5 SYSTEMPATH\CodeIgniter.php(941): App\Controllers\Staff_keuangan\Data_tagihan_siswa->index()
 6 SYSTEMPATH\CodeIgniter.php(502): CodeIgniter\CodeIgniter->runController(Object(App\Controllers\Staff_keuangan\Data_tagihan_siswa))
 7 SYSTEMPATH\CodeIgniter.php(361): CodeIgniter\CodeIgniter->handleRequest(null, Object(Config\Cache), false)
 8 FCPATH\index.php(36): CodeIgniter\CodeIgniter->run()
 9 ROOTPATH\index.php(7): require_once('C:\\xampp\\htdocs\\webspp\\public\\index.php')
WARNING - 2025-06-16 06:51:51 --> [DEPRECATED] Creation of dynamic property CodeIgniter\View\View::$session is deprecated in APPPATH\Views\staff_keuangan\layout\wrapper.php on line 6.
 1 SYSTEMPATH\View\View.php(228): include('C:\\xampp\\htdocs\\webspp\\app\\Views\\staff_keuangan\\layout\\wrapper.php')
 2 SYSTEMPATH\View\View.php(231): CodeIgniter\View\View->CodeIgniter\View\{closure}()
 3 SYSTEMPATH\Common.php(1178): CodeIgniter\View\View->render('staff_keuangan/layout/wrapper', [], true)
 4 APPPATH\Controllers\Staff_keuangan\Data_tagihan_siswa.php(90): view('staff_keuangan/layout/wrapper', [...])
 5 SYSTEMPATH\CodeIgniter.php(941): App\Controllers\Staff_keuangan\Data_tagihan_siswa->index()
 6 SYSTEMPATH\CodeIgniter.php(502): CodeIgniter\CodeIgniter->runController(Object(App\Controllers\Staff_keuangan\Data_tagihan_siswa))
 7 SYSTEMPATH\CodeIgniter.php(361): CodeIgniter\CodeIgniter->handleRequest(null, Object(Config\Cache), false)
 8 FCPATH\index.php(36): CodeIgniter\CodeIgniter->run()
 9 ROOTPATH\index.php(7): require_once('C:\\xampp\\htdocs\\webspp\\public\\index.php')
WARNING - 2025-06-16 06:51:51 --> [DEPRECATED] Creation of dynamic property App\Libraries\Simple_login::$session is deprecated in APPPATH\Libraries\Simple_login.php on line 130.
 1 APPPATH\Views\staff_keuangan\layout\wrapper.php(8): App\Libraries\Simple_login->checklogin()
 2 SYSTEMPATH\View\View.php(228): include('C:\\xampp\\htdocs\\webspp\\app\\Views\\staff_keuangan\\layout\\wrapper.php')
 3 SYSTEMPATH\View\View.php(231): CodeIgniter\View\View->CodeIgniter\View\{closure}()
 4 SYSTEMPATH\Common.php(1178): CodeIgniter\View\View->render('staff_keuangan/layout/wrapper', [], true)
 5 APPPATH\Controllers\Staff_keuangan\Data_tagihan_siswa.php(90): view('staff_keuangan/layout/wrapper', [...])
 6 SYSTEMPATH\CodeIgniter.php(941): App\Controllers\Staff_keuangan\Data_tagihan_siswa->index()
 7 SYSTEMPATH\CodeIgniter.php(502): CodeIgniter\CodeIgniter->runController(Object(App\Controllers\Staff_keuangan\Data_tagihan_siswa))
 8 SYSTEMPATH\CodeIgniter.php(361): CodeIgniter\CodeIgniter->handleRequest(null, Object(Config\Cache), false)
 9 FCPATH\index.php(36): CodeIgniter\CodeIgniter->run()
10 ROOTPATH\index.php(7): require_once('C:\\xampp\\htdocs\\webspp\\public\\index.php')
INFO - 2025-06-16 06:53:01 --> Session: Class initialized using 'CodeIgniter\Session\Handlers\FileHandler' driver.
INFO - 2025-06-16 06:53:29 --> Session: Class initialized using 'CodeIgniter\Session\Handlers\FileHandler' driver.
WARNING - 2025-06-16 06:53:29 --> [DEPRECATED] Creation of dynamic property CodeIgniter\View\View::$simple_login is deprecated in APPPATH\Views\staff_keuangan\layout\wrapper.php on line 4.
 1 SYSTEMPATH\View\View.php(228): include('C:\\xampp\\htdocs\\webspp\\app\\Views\\staff_keuangan\\layout\\wrapper.php')
 2 SYSTEMPATH\View\View.php(231): CodeIgniter\View\View->CodeIgniter\View\{closure}()
 3 SYSTEMPATH\Common.php(1178): CodeIgniter\View\View->render('staff_keuangan/layout/wrapper', [], true)
 4 APPPATH\Controllers\Staff_keuangan\Data_tagihan_siswa.php(90): view('staff_keuangan/layout/wrapper', [...])
 5 SYSTEMPATH\CodeIgniter.php(941): App\Controllers\Staff_keuangan\Data_tagihan_siswa->index()
 6 SYSTEMPATH\CodeIgniter.php(502): CodeIgniter\CodeIgniter->runController(Object(App\Controllers\Staff_keuangan\Data_tagihan_siswa))
 7 SYSTEMPATH\CodeIgniter.php(361): CodeIgniter\CodeIgniter->handleRequest(null, Object(Config\Cache), false)
 8 FCPATH\index.php(36): CodeIgniter\CodeIgniter->run()
 9 ROOTPATH\index.php(7): require_once('C:\\xampp\\htdocs\\webspp\\public\\index.php')
WARNING - 2025-06-16 06:53:29 --> [DEPRECATED] Creation of dynamic property CodeIgniter\View\View::$website is deprecated in APPPATH\Views\staff_keuangan\layout\wrapper.php on line 5.
 1 SYSTEMPATH\View\View.php(228): include('C:\\xampp\\htdocs\\webspp\\app\\Views\\staff_keuangan\\layout\\wrapper.php')
 2 SYSTEMPATH\View\View.php(231): CodeIgniter\View\View->CodeIgniter\View\{closure}()
 3 SYSTEMPATH\Common.php(1178): CodeIgniter\View\View->render('staff_keuangan/layout/wrapper', [], true)
 4 APPPATH\Controllers\Staff_keuangan\Data_tagihan_siswa.php(90): view('staff_keuangan/layout/wrapper', [...])
 5 SYSTEMPATH\CodeIgniter.php(941): App\Controllers\Staff_keuangan\Data_tagihan_siswa->index()
 6 SYSTEMPATH\CodeIgniter.php(502): CodeIgniter\CodeIgniter->runController(Object(App\Controllers\Staff_keuangan\Data_tagihan_siswa))
 7 SYSTEMPATH\CodeIgniter.php(361): CodeIgniter\CodeIgniter->handleRequest(null, Object(Config\Cache), false)
 8 FCPATH\index.php(36): CodeIgniter\CodeIgniter->run()
 9 ROOTPATH\index.php(7): require_once('C:\\xampp\\htdocs\\webspp\\public\\index.php')
WARNING - 2025-06-16 06:53:29 --> [DEPRECATED] Creation of dynamic property CodeIgniter\View\View::$session is deprecated in APPPATH\Views\staff_keuangan\layout\wrapper.php on line 6.
 1 SYSTEMPATH\View\View.php(228): include('C:\\xampp\\htdocs\\webspp\\app\\Views\\staff_keuangan\\layout\\wrapper.php')
 2 SYSTEMPATH\View\View.php(231): CodeIgniter\View\View->CodeIgniter\View\{closure}()
 3 SYSTEMPATH\Common.php(1178): CodeIgniter\View\View->render('staff_keuangan/layout/wrapper', [], true)
 4 APPPATH\Controllers\Staff_keuangan\Data_tagihan_siswa.php(90): view('staff_keuangan/layout/wrapper', [...])
 5 SYSTEMPATH\CodeIgniter.php(941): App\Controllers\Staff_keuangan\Data_tagihan_siswa->index()
 6 SYSTEMPATH\CodeIgniter.php(502): CodeIgniter\CodeIgniter->runController(Object(App\Controllers\Staff_keuangan\Data_tagihan_siswa))
 7 SYSTEMPATH\CodeIgniter.php(361): CodeIgniter\CodeIgniter->handleRequest(null, Object(Config\Cache), false)
 8 FCPATH\index.php(36): CodeIgniter\CodeIgniter->run()
 9 ROOTPATH\index.php(7): require_once('C:\\xampp\\htdocs\\webspp\\public\\index.php')
WARNING - 2025-06-16 06:53:29 --> [DEPRECATED] Creation of dynamic property App\Libraries\Simple_login::$session is deprecated in APPPATH\Libraries\Simple_login.php on line 130.
 1 APPPATH\Views\staff_keuangan\layout\wrapper.php(8): App\Libraries\Simple_login->checklogin()
 2 SYSTEMPATH\View\View.php(228): include('C:\\xampp\\htdocs\\webspp\\app\\Views\\staff_keuangan\\layout\\wrapper.php')
 3 SYSTEMPATH\View\View.php(231): CodeIgniter\View\View->CodeIgniter\View\{closure}()
 4 SYSTEMPATH\Common.php(1178): CodeIgniter\View\View->render('staff_keuangan/layout/wrapper', [], true)
 5 APPPATH\Controllers\Staff_keuangan\Data_tagihan_siswa.php(90): view('staff_keuangan/layout/wrapper', [...])
 6 SYSTEMPATH\CodeIgniter.php(941): App\Controllers\Staff_keuangan\Data_tagihan_siswa->index()
 7 SYSTEMPATH\CodeIgniter.php(502): CodeIgniter\CodeIgniter->runController(Object(App\Controllers\Staff_keuangan\Data_tagihan_siswa))
 8 SYSTEMPATH\CodeIgniter.php(361): CodeIgniter\CodeIgniter->handleRequest(null, Object(Config\Cache), false)
 9 FCPATH\index.php(36): CodeIgniter\CodeIgniter->run()
10 ROOTPATH\index.php(7): require_once('C:\\xampp\\htdocs\\webspp\\public\\index.php')
INFO - 2025-06-16 06:53:33 --> Session: Class initialized using 'CodeIgniter\Session\Handlers\FileHandler' driver.
INFO - 2025-06-16 06:53:33 --> Session: Class initialized using 'CodeIgniter\Session\Handlers\FileHandler' driver.
WARNING - 2025-06-16 06:53:33 --> [DEPRECATED] Creation of dynamic property CodeIgniter\View\View::$simple_login is deprecated in APPPATH\Views\staff_keuangan\layout\wrapper.php on line 4.
 1 SYSTEMPATH\View\View.php(228): include('C:\\xampp\\htdocs\\webspp\\app\\Views\\staff_keuangan\\layout\\wrapper.php')
 2 SYSTEMPATH\View\View.php(231): CodeIgniter\View\View->CodeIgniter\View\{closure}()
 3 SYSTEMPATH\Common.php(1178): CodeIgniter\View\View->render('staff_keuangan/layout/wrapper', [], true)
 4 APPPATH\Controllers\Staff_keuangan\Data_tagihan_siswa.php(90): view('staff_keuangan/layout/wrapper', [...])
 5 SYSTEMPATH\CodeIgniter.php(941): App\Controllers\Staff_keuangan\Data_tagihan_siswa->index()
 6 SYSTEMPATH\CodeIgniter.php(502): CodeIgniter\CodeIgniter->runController(Object(App\Controllers\Staff_keuangan\Data_tagihan_siswa))
 7 SYSTEMPATH\CodeIgniter.php(361): CodeIgniter\CodeIgniter->handleRequest(null, Object(Config\Cache), false)
 8 FCPATH\index.php(36): CodeIgniter\CodeIgniter->run()
 9 ROOTPATH\index.php(7): require_once('C:\\xampp\\htdocs\\webspp\\public\\index.php')
WARNING - 2025-06-16 06:53:33 --> [DEPRECATED] Creation of dynamic property CodeIgniter\View\View::$website is deprecated in APPPATH\Views\staff_keuangan\layout\wrapper.php on line 5.
 1 SYSTEMPATH\View\View.php(228): include('C:\\xampp\\htdocs\\webspp\\app\\Views\\staff_keuangan\\layout\\wrapper.php')
 2 SYSTEMPATH\View\View.php(231): CodeIgniter\View\View->CodeIgniter\View\{closure}()
 3 SYSTEMPATH\Common.php(1178): CodeIgniter\View\View->render('staff_keuangan/layout/wrapper', [], true)
 4 APPPATH\Controllers\Staff_keuangan\Data_tagihan_siswa.php(90): view('staff_keuangan/layout/wrapper', [...])
 5 SYSTEMPATH\CodeIgniter.php(941): App\Controllers\Staff_keuangan\Data_tagihan_siswa->index()
 6 SYSTEMPATH\CodeIgniter.php(502): CodeIgniter\CodeIgniter->runController(Object(App\Controllers\Staff_keuangan\Data_tagihan_siswa))
 7 SYSTEMPATH\CodeIgniter.php(361): CodeIgniter\CodeIgniter->handleRequest(null, Object(Config\Cache), false)
 8 FCPATH\index.php(36): CodeIgniter\CodeIgniter->run()
 9 ROOTPATH\index.php(7): require_once('C:\\xampp\\htdocs\\webspp\\public\\index.php')
WARNING - 2025-06-16 06:53:33 --> [DEPRECATED] Creation of dynamic property CodeIgniter\View\View::$session is deprecated in APPPATH\Views\staff_keuangan\layout\wrapper.php on line 6.
 1 SYSTEMPATH\View\View.php(228): include('C:\\xampp\\htdocs\\webspp\\app\\Views\\staff_keuangan\\layout\\wrapper.php')
 2 SYSTEMPATH\View\View.php(231): CodeIgniter\View\View->CodeIgniter\View\{closure}()
 3 SYSTEMPATH\Common.php(1178): CodeIgniter\View\View->render('staff_keuangan/layout/wrapper', [], true)
 4 APPPATH\Controllers\Staff_keuangan\Data_tagihan_siswa.php(90): view('staff_keuangan/layout/wrapper', [...])
 5 SYSTEMPATH\CodeIgniter.php(941): App\Controllers\Staff_keuangan\Data_tagihan_siswa->index()
 6 SYSTEMPATH\CodeIgniter.php(502): CodeIgniter\CodeIgniter->runController(Object(App\Controllers\Staff_keuangan\Data_tagihan_siswa))
 7 SYSTEMPATH\CodeIgniter.php(361): CodeIgniter\CodeIgniter->handleRequest(null, Object(Config\Cache), false)
 8 FCPATH\index.php(36): CodeIgniter\CodeIgniter->run()
 9 ROOTPATH\index.php(7): require_once('C:\\xampp\\htdocs\\webspp\\public\\index.php')
WARNING - 2025-06-16 06:53:33 --> [DEPRECATED] Creation of dynamic property App\Libraries\Simple_login::$session is deprecated in APPPATH\Libraries\Simple_login.php on line 130.
 1 APPPATH\Views\staff_keuangan\layout\wrapper.php(8): App\Libraries\Simple_login->checklogin()
 2 SYSTEMPATH\View\View.php(228): include('C:\\xampp\\htdocs\\webspp\\app\\Views\\staff_keuangan\\layout\\wrapper.php')
 3 SYSTEMPATH\View\View.php(231): CodeIgniter\View\View->CodeIgniter\View\{closure}()
 4 SYSTEMPATH\Common.php(1178): CodeIgniter\View\View->render('staff_keuangan/layout/wrapper', [], true)
 5 APPPATH\Controllers\Staff_keuangan\Data_tagihan_siswa.php(90): view('staff_keuangan/layout/wrapper', [...])
 6 SYSTEMPATH\CodeIgniter.php(941): App\Controllers\Staff_keuangan\Data_tagihan_siswa->index()
 7 SYSTEMPATH\CodeIgniter.php(502): CodeIgniter\CodeIgniter->runController(Object(App\Controllers\Staff_keuangan\Data_tagihan_siswa))
 8 SYSTEMPATH\CodeIgniter.php(361): CodeIgniter\CodeIgniter->handleRequest(null, Object(Config\Cache), false)
 9 FCPATH\index.php(36): CodeIgniter\CodeIgniter->run()
10 ROOTPATH\index.php(7): require_once('C:\\xampp\\htdocs\\webspp\\public\\index.php')
INFO - 2025-06-16 06:53:44 --> Session: Class initialized using 'CodeIgniter\Session\Handlers\FileHandler' driver.
WARNING - 2025-06-16 06:53:44 --> [DEPRECATED] Creation of dynamic property CodeIgniter\View\View::$simple_login is deprecated in APPPATH\Views\staff_keuangan\layout\wrapper.php on line 4.
 1 SYSTEMPATH\View\View.php(228): include('C:\\xampp\\htdocs\\webspp\\app\\Views\\staff_keuangan\\layout\\wrapper.php')
 2 SYSTEMPATH\View\View.php(231): CodeIgniter\View\View->CodeIgniter\View\{closure}()
 3 SYSTEMPATH\Common.php(1178): CodeIgniter\View\View->render('staff_keuangan/layout/wrapper', [], true)
 4 APPPATH\Controllers\Staff_keuangan\Riwayat_tagihan.php(75): view('staff_keuangan/layout/wrapper', [...])
 5 SYSTEMPATH\CodeIgniter.php(941): App\Controllers\Staff_keuangan\Riwayat_tagihan->index()
 6 SYSTEMPATH\CodeIgniter.php(502): CodeIgniter\CodeIgniter->runController(Object(App\Controllers\Staff_keuangan\Riwayat_tagihan))
 7 SYSTEMPATH\CodeIgniter.php(361): CodeIgniter\CodeIgniter->handleRequest(null, Object(Config\Cache), false)
 8 FCPATH\index.php(36): CodeIgniter\CodeIgniter->run()
 9 ROOTPATH\index.php(7): require_once('C:\\xampp\\htdocs\\webspp\\public\\index.php')
WARNING - 2025-06-16 06:53:44 --> [DEPRECATED] Creation of dynamic property CodeIgniter\View\View::$website is deprecated in APPPATH\Views\staff_keuangan\layout\wrapper.php on line 5.
 1 SYSTEMPATH\View\View.php(228): include('C:\\xampp\\htdocs\\webspp\\app\\Views\\staff_keuangan\\layout\\wrapper.php')
 2 SYSTEMPATH\View\View.php(231): CodeIgniter\View\View->CodeIgniter\View\{closure}()
 3 SYSTEMPATH\Common.php(1178): CodeIgniter\View\View->render('staff_keuangan/layout/wrapper', [], true)
 4 APPPATH\Controllers\Staff_keuangan\Riwayat_tagihan.php(75): view('staff_keuangan/layout/wrapper', [...])
 5 SYSTEMPATH\CodeIgniter.php(941): App\Controllers\Staff_keuangan\Riwayat_tagihan->index()
 6 SYSTEMPATH\CodeIgniter.php(502): CodeIgniter\CodeIgniter->runController(Object(App\Controllers\Staff_keuangan\Riwayat_tagihan))
 7 SYSTEMPATH\CodeIgniter.php(361): CodeIgniter\CodeIgniter->handleRequest(null, Object(Config\Cache), false)
 8 FCPATH\index.php(36): CodeIgniter\CodeIgniter->run()
 9 ROOTPATH\index.php(7): require_once('C:\\xampp\\htdocs\\webspp\\public\\index.php')
WARNING - 2025-06-16 06:53:44 --> [DEPRECATED] Creation of dynamic property CodeIgniter\View\View::$session is deprecated in APPPATH\Views\staff_keuangan\layout\wrapper.php on line 6.
 1 SYSTEMPATH\View\View.php(228): include('C:\\xampp\\htdocs\\webspp\\app\\Views\\staff_keuangan\\layout\\wrapper.php')
 2 SYSTEMPATH\View\View.php(231): CodeIgniter\View\View->CodeIgniter\View\{closure}()
 3 SYSTEMPATH\Common.php(1178): CodeIgniter\View\View->render('staff_keuangan/layout/wrapper', [], true)
 4 APPPATH\Controllers\Staff_keuangan\Riwayat_tagihan.php(75): view('staff_keuangan/layout/wrapper', [...])
 5 SYSTEMPATH\CodeIgniter.php(941): App\Controllers\Staff_keuangan\Riwayat_tagihan->index()
 6 SYSTEMPATH\CodeIgniter.php(502): CodeIgniter\CodeIgniter->runController(Object(App\Controllers\Staff_keuangan\Riwayat_tagihan))
 7 SYSTEMPATH\CodeIgniter.php(361): CodeIgniter\CodeIgniter->handleRequest(null, Object(Config\Cache), false)
 8 FCPATH\index.php(36): CodeIgniter\CodeIgniter->run()
 9 ROOTPATH\index.php(7): require_once('C:\\xampp\\htdocs\\webspp\\public\\index.php')
WARNING - 2025-06-16 06:53:44 --> [DEPRECATED] Creation of dynamic property App\Libraries\Simple_login::$session is deprecated in APPPATH\Libraries\Simple_login.php on line 130.
 1 APPPATH\Views\staff_keuangan\layout\wrapper.php(8): App\Libraries\Simple_login->checklogin()
 2 SYSTEMPATH\View\View.php(228): include('C:\\xampp\\htdocs\\webspp\\app\\Views\\staff_keuangan\\layout\\wrapper.php')
 3 SYSTEMPATH\View\View.php(231): CodeIgniter\View\View->CodeIgniter\View\{closure}()
 4 SYSTEMPATH\Common.php(1178): CodeIgniter\View\View->render('staff_keuangan/layout/wrapper', [], true)
 5 APPPATH\Controllers\Staff_keuangan\Riwayat_tagihan.php(75): view('staff_keuangan/layout/wrapper', [...])
 6 SYSTEMPATH\CodeIgniter.php(941): App\Controllers\Staff_keuangan\Riwayat_tagihan->index()
 7 SYSTEMPATH\CodeIgniter.php(502): CodeIgniter\CodeIgniter->runController(Object(App\Controllers\Staff_keuangan\Riwayat_tagihan))
 8 SYSTEMPATH\CodeIgniter.php(361): CodeIgniter\CodeIgniter->handleRequest(null, Object(Config\Cache), false)
 9 FCPATH\index.php(36): CodeIgniter\CodeIgniter->run()
10 ROOTPATH\index.php(7): require_once('C:\\xampp\\htdocs\\webspp\\public\\index.php')
INFO - 2025-06-16 06:53:49 --> Session: Class initialized using 'CodeIgniter\Session\Handlers\FileHandler' driver.
INFO - 2025-06-16 06:53:56 --> Session: Class initialized using 'CodeIgniter\Session\Handlers\FileHandler' driver.
INFO - 2025-06-16 06:54:20 --> Session: Class initialized using 'CodeIgniter\Session\Handlers\FileHandler' driver.
INFO - 2025-06-16 06:54:28 --> Session: Class initialized using 'CodeIgniter\Session\Handlers\FileHandler' driver.
WARNING - 2025-06-16 06:54:28 --> [DEPRECATED] Creation of dynamic property CodeIgniter\View\View::$simple_login is deprecated in APPPATH\Views\staff_keuangan\layout\wrapper.php on line 4.
 1 SYSTEMPATH\View\View.php(228): include('C:\\xampp\\htdocs\\webspp\\app\\Views\\staff_keuangan\\layout\\wrapper.php')
 2 SYSTEMPATH\View\View.php(231): CodeIgniter\View\View->CodeIgniter\View\{closure}()
 3 SYSTEMPATH\Common.php(1178): CodeIgniter\View\View->render('staff_keuangan/layout/wrapper', [], true)
 4 APPPATH\Controllers\Staff_keuangan\Riwayat_tagihan.php(75): view('staff_keuangan/layout/wrapper', [...])
 5 SYSTEMPATH\CodeIgniter.php(941): App\Controllers\Staff_keuangan\Riwayat_tagihan->index()
 6 SYSTEMPATH\CodeIgniter.php(502): CodeIgniter\CodeIgniter->runController(Object(App\Controllers\Staff_keuangan\Riwayat_tagihan))
 7 SYSTEMPATH\CodeIgniter.php(361): CodeIgniter\CodeIgniter->handleRequest(null, Object(Config\Cache), false)
 8 FCPATH\index.php(36): CodeIgniter\CodeIgniter->run()
 9 ROOTPATH\index.php(7): require_once('C:\\xampp\\htdocs\\webspp\\public\\index.php')
WARNING - 2025-06-16 06:54:28 --> [DEPRECATED] Creation of dynamic property CodeIgniter\View\View::$website is deprecated in APPPATH\Views\staff_keuangan\layout\wrapper.php on line 5.
 1 SYSTEMPATH\View\View.php(228): include('C:\\xampp\\htdocs\\webspp\\app\\Views\\staff_keuangan\\layout\\wrapper.php')
 2 SYSTEMPATH\View\View.php(231): CodeIgniter\View\View->CodeIgniter\View\{closure}()
 3 SYSTEMPATH\Common.php(1178): CodeIgniter\View\View->render('staff_keuangan/layout/wrapper', [], true)
 4 APPPATH\Controllers\Staff_keuangan\Riwayat_tagihan.php(75): view('staff_keuangan/layout/wrapper', [...])
 5 SYSTEMPATH\CodeIgniter.php(941): App\Controllers\Staff_keuangan\Riwayat_tagihan->index()
 6 SYSTEMPATH\CodeIgniter.php(502): CodeIgniter\CodeIgniter->runController(Object(App\Controllers\Staff_keuangan\Riwayat_tagihan))
 7 SYSTEMPATH\CodeIgniter.php(361): CodeIgniter\CodeIgniter->handleRequest(null, Object(Config\Cache), false)
 8 FCPATH\index.php(36): CodeIgniter\CodeIgniter->run()
 9 ROOTPATH\index.php(7): require_once('C:\\xampp\\htdocs\\webspp\\public\\index.php')
WARNING - 2025-06-16 06:54:28 --> [DEPRECATED] Creation of dynamic property CodeIgniter\View\View::$session is deprecated in APPPATH\Views\staff_keuangan\layout\wrapper.php on line 6.
 1 SYSTEMPATH\View\View.php(228): include('C:\\xampp\\htdocs\\webspp\\app\\Views\\staff_keuangan\\layout\\wrapper.php')
 2 SYSTEMPATH\View\View.php(231): CodeIgniter\View\View->CodeIgniter\View\{closure}()
 3 SYSTEMPATH\Common.php(1178): CodeIgniter\View\View->render('staff_keuangan/layout/wrapper', [], true)
 4 APPPATH\Controllers\Staff_keuangan\Riwayat_tagihan.php(75): view('staff_keuangan/layout/wrapper', [...])
 5 SYSTEMPATH\CodeIgniter.php(941): App\Controllers\Staff_keuangan\Riwayat_tagihan->index()
 6 SYSTEMPATH\CodeIgniter.php(502): CodeIgniter\CodeIgniter->runController(Object(App\Controllers\Staff_keuangan\Riwayat_tagihan))
 7 SYSTEMPATH\CodeIgniter.php(361): CodeIgniter\CodeIgniter->handleRequest(null, Object(Config\Cache), false)
 8 FCPATH\index.php(36): CodeIgniter\CodeIgniter->run()
 9 ROOTPATH\index.php(7): require_once('C:\\xampp\\htdocs\\webspp\\public\\index.php')
WARNING - 2025-06-16 06:54:28 --> [DEPRECATED] Creation of dynamic property App\Libraries\Simple_login::$session is deprecated in APPPATH\Libraries\Simple_login.php on line 130.
 1 APPPATH\Views\staff_keuangan\layout\wrapper.php(8): App\Libraries\Simple_login->checklogin()
 2 SYSTEMPATH\View\View.php(228): include('C:\\xampp\\htdocs\\webspp\\app\\Views\\staff_keuangan\\layout\\wrapper.php')
 3 SYSTEMPATH\View\View.php(231): CodeIgniter\View\View->CodeIgniter\View\{closure}()
 4 SYSTEMPATH\Common.php(1178): CodeIgniter\View\View->render('staff_keuangan/layout/wrapper', [], true)
 5 APPPATH\Controllers\Staff_keuangan\Riwayat_tagihan.php(75): view('staff_keuangan/layout/wrapper', [...])
 6 SYSTEMPATH\CodeIgniter.php(941): App\Controllers\Staff_keuangan\Riwayat_tagihan->index()
 7 SYSTEMPATH\CodeIgniter.php(502): CodeIgniter\CodeIgniter->runController(Object(App\Controllers\Staff_keuangan\Riwayat_tagihan))
 8 SYSTEMPATH\CodeIgniter.php(361): CodeIgniter\CodeIgniter->handleRequest(null, Object(Config\Cache), false)
 9 FCPATH\index.php(36): CodeIgniter\CodeIgniter->run()
10 ROOTPATH\index.php(7): require_once('C:\\xampp\\htdocs\\webspp\\public\\index.php')
INFO - 2025-06-16 06:54:36 --> Session: Class initialized using 'CodeIgniter\Session\Handlers\FileHandler' driver.
WARNING - 2025-06-16 06:54:36 --> [DEPRECATED] Creation of dynamic property CodeIgniter\View\View::$simple_login is deprecated in APPPATH\Views\staff_keuangan\layout\wrapper.php on line 4.
 1 SYSTEMPATH\View\View.php(228): include('C:\\xampp\\htdocs\\webspp\\app\\Views\\staff_keuangan\\layout\\wrapper.php')
 2 SYSTEMPATH\View\View.php(231): CodeIgniter\View\View->CodeIgniter\View\{closure}()
 3 SYSTEMPATH\Common.php(1178): CodeIgniter\View\View->render('staff_keuangan/layout/wrapper', [], true)
 4 APPPATH\Controllers\Staff_keuangan\Data_tagihan_siswa.php(90): view('staff_keuangan/layout/wrapper', [...])
 5 SYSTEMPATH\CodeIgniter.php(941): App\Controllers\Staff_keuangan\Data_tagihan_siswa->index()
 6 SYSTEMPATH\CodeIgniter.php(502): CodeIgniter\CodeIgniter->runController(Object(App\Controllers\Staff_keuangan\Data_tagihan_siswa))
 7 SYSTEMPATH\CodeIgniter.php(361): CodeIgniter\CodeIgniter->handleRequest(null, Object(Config\Cache), false)
 8 FCPATH\index.php(36): CodeIgniter\CodeIgniter->run()
 9 ROOTPATH\index.php(7): require_once('C:\\xampp\\htdocs\\webspp\\public\\index.php')
WARNING - 2025-06-16 06:54:36 --> [DEPRECATED] Creation of dynamic property CodeIgniter\View\View::$website is deprecated in APPPATH\Views\staff_keuangan\layout\wrapper.php on line 5.
 1 SYSTEMPATH\View\View.php(228): include('C:\\xampp\\htdocs\\webspp\\app\\Views\\staff_keuangan\\layout\\wrapper.php')
 2 SYSTEMPATH\View\View.php(231): CodeIgniter\View\View->CodeIgniter\View\{closure}()
 3 SYSTEMPATH\Common.php(1178): CodeIgniter\View\View->render('staff_keuangan/layout/wrapper', [], true)
 4 APPPATH\Controllers\Staff_keuangan\Data_tagihan_siswa.php(90): view('staff_keuangan/layout/wrapper', [...])
 5 SYSTEMPATH\CodeIgniter.php(941): App\Controllers\Staff_keuangan\Data_tagihan_siswa->index()
 6 SYSTEMPATH\CodeIgniter.php(502): CodeIgniter\CodeIgniter->runController(Object(App\Controllers\Staff_keuangan\Data_tagihan_siswa))
 7 SYSTEMPATH\CodeIgniter.php(361): CodeIgniter\CodeIgniter->handleRequest(null, Object(Config\Cache), false)
 8 FCPATH\index.php(36): CodeIgniter\CodeIgniter->run()
 9 ROOTPATH\index.php(7): require_once('C:\\xampp\\htdocs\\webspp\\public\\index.php')
WARNING - 2025-06-16 06:54:36 --> [DEPRECATED] Creation of dynamic property CodeIgniter\View\View::$session is deprecated in APPPATH\Views\staff_keuangan\layout\wrapper.php on line 6.
 1 SYSTEMPATH\View\View.php(228): include('C:\\xampp\\htdocs\\webspp\\app\\Views\\staff_keuangan\\layout\\wrapper.php')
 2 SYSTEMPATH\View\View.php(231): CodeIgniter\View\View->CodeIgniter\View\{closure}()
 3 SYSTEMPATH\Common.php(1178): CodeIgniter\View\View->render('staff_keuangan/layout/wrapper', [], true)
 4 APPPATH\Controllers\Staff_keuangan\Data_tagihan_siswa.php(90): view('staff_keuangan/layout/wrapper', [...])
 5 SYSTEMPATH\CodeIgniter.php(941): App\Controllers\Staff_keuangan\Data_tagihan_siswa->index()
 6 SYSTEMPATH\CodeIgniter.php(502): CodeIgniter\CodeIgniter->runController(Object(App\Controllers\Staff_keuangan\Data_tagihan_siswa))
 7 SYSTEMPATH\CodeIgniter.php(361): CodeIgniter\CodeIgniter->handleRequest(null, Object(Config\Cache), false)
 8 FCPATH\index.php(36): CodeIgniter\CodeIgniter->run()
 9 ROOTPATH\index.php(7): require_once('C:\\xampp\\htdocs\\webspp\\public\\index.php')
WARNING - 2025-06-16 06:54:36 --> [DEPRECATED] Creation of dynamic property App\Libraries\Simple_login::$session is deprecated in APPPATH\Libraries\Simple_login.php on line 130.
 1 APPPATH\Views\staff_keuangan\layout\wrapper.php(8): App\Libraries\Simple_login->checklogin()
 2 SYSTEMPATH\View\View.php(228): include('C:\\xampp\\htdocs\\webspp\\app\\Views\\staff_keuangan\\layout\\wrapper.php')
 3 SYSTEMPATH\View\View.php(231): CodeIgniter\View\View->CodeIgniter\View\{closure}()
 4 SYSTEMPATH\Common.php(1178): CodeIgniter\View\View->render('staff_keuangan/layout/wrapper', [], true)
 5 APPPATH\Controllers\Staff_keuangan\Data_tagihan_siswa.php(90): view('staff_keuangan/layout/wrapper', [...])
 6 SYSTEMPATH\CodeIgniter.php(941): App\Controllers\Staff_keuangan\Data_tagihan_siswa->index()
 7 SYSTEMPATH\CodeIgniter.php(502): CodeIgniter\CodeIgniter->runController(Object(App\Controllers\Staff_keuangan\Data_tagihan_siswa))
 8 SYSTEMPATH\CodeIgniter.php(361): CodeIgniter\CodeIgniter->handleRequest(null, Object(Config\Cache), false)
 9 FCPATH\index.php(36): CodeIgniter\CodeIgniter->run()
10 ROOTPATH\index.php(7): require_once('C:\\xampp\\htdocs\\webspp\\public\\index.php')
INFO - 2025-06-16 06:54:46 --> Session: Class initialized using 'CodeIgniter\Session\Handlers\FileHandler' driver.
WARNING - 2025-06-16 06:54:46 --> [DEPRECATED] Creation of dynamic property CodeIgniter\View\View::$simple_login is deprecated in APPPATH\Views\staff_keuangan\layout\wrapper.php on line 4.
 1 SYSTEMPATH\View\View.php(228): include('C:\\xampp\\htdocs\\webspp\\app\\Views\\staff_keuangan\\layout\\wrapper.php')
 2 SYSTEMPATH\View\View.php(231): CodeIgniter\View\View->CodeIgniter\View\{closure}()
 3 SYSTEMPATH\Common.php(1178): CodeIgniter\View\View->render('staff_keuangan/layout/wrapper', [], true)
 4 APPPATH\Controllers\Staff_keuangan\Dasbor.php(14): view('staff_keuangan/layout/wrapper', [...])
 5 SYSTEMPATH\CodeIgniter.php(941): App\Controllers\Staff_keuangan\Dasbor->index()
 6 SYSTEMPATH\CodeIgniter.php(502): CodeIgniter\CodeIgniter->runController(Object(App\Controllers\Staff_keuangan\Dasbor))
 7 SYSTEMPATH\CodeIgniter.php(361): CodeIgniter\CodeIgniter->handleRequest(null, Object(Config\Cache), false)
 8 FCPATH\index.php(36): CodeIgniter\CodeIgniter->run()
 9 ROOTPATH\index.php(7): require_once('C:\\xampp\\htdocs\\webspp\\public\\index.php')
WARNING - 2025-06-16 06:54:46 --> [DEPRECATED] Creation of dynamic property CodeIgniter\View\View::$website is deprecated in APPPATH\Views\staff_keuangan\layout\wrapper.php on line 5.
 1 SYSTEMPATH\View\View.php(228): include('C:\\xampp\\htdocs\\webspp\\app\\Views\\staff_keuangan\\layout\\wrapper.php')
 2 SYSTEMPATH\View\View.php(231): CodeIgniter\View\View->CodeIgniter\View\{closure}()
 3 SYSTEMPATH\Common.php(1178): CodeIgniter\View\View->render('staff_keuangan/layout/wrapper', [], true)
 4 APPPATH\Controllers\Staff_keuangan\Dasbor.php(14): view('staff_keuangan/layout/wrapper', [...])
 5 SYSTEMPATH\CodeIgniter.php(941): App\Controllers\Staff_keuangan\Dasbor->index()
 6 SYSTEMPATH\CodeIgniter.php(502): CodeIgniter\CodeIgniter->runController(Object(App\Controllers\Staff_keuangan\Dasbor))
 7 SYSTEMPATH\CodeIgniter.php(361): CodeIgniter\CodeIgniter->handleRequest(null, Object(Config\Cache), false)
 8 FCPATH\index.php(36): CodeIgniter\CodeIgniter->run()
 9 ROOTPATH\index.php(7): require_once('C:\\xampp\\htdocs\\webspp\\public\\index.php')
WARNING - 2025-06-16 06:54:46 --> [DEPRECATED] Creation of dynamic property CodeIgniter\View\View::$session is deprecated in APPPATH\Views\staff_keuangan\layout\wrapper.php on line 6.
 1 SYSTEMPATH\View\View.php(228): include('C:\\xampp\\htdocs\\webspp\\app\\Views\\staff_keuangan\\layout\\wrapper.php')
 2 SYSTEMPATH\View\View.php(231): CodeIgniter\View\View->CodeIgniter\View\{closure}()
 3 SYSTEMPATH\Common.php(1178): CodeIgniter\View\View->render('staff_keuangan/layout/wrapper', [], true)
 4 APPPATH\Controllers\Staff_keuangan\Dasbor.php(14): view('staff_keuangan/layout/wrapper', [...])
 5 SYSTEMPATH\CodeIgniter.php(941): App\Controllers\Staff_keuangan\Dasbor->index()
 6 SYSTEMPATH\CodeIgniter.php(502): CodeIgniter\CodeIgniter->runController(Object(App\Controllers\Staff_keuangan\Dasbor))
 7 SYSTEMPATH\CodeIgniter.php(361): CodeIgniter\CodeIgniter->handleRequest(null, Object(Config\Cache), false)
 8 FCPATH\index.php(36): CodeIgniter\CodeIgniter->run()
 9 ROOTPATH\index.php(7): require_once('C:\\xampp\\htdocs\\webspp\\public\\index.php')
WARNING - 2025-06-16 06:54:46 --> [DEPRECATED] Creation of dynamic property App\Libraries\Simple_login::$session is deprecated in APPPATH\Libraries\Simple_login.php on line 130.
 1 APPPATH\Views\staff_keuangan\layout\wrapper.php(8): App\Libraries\Simple_login->checklogin()
 2 SYSTEMPATH\View\View.php(228): include('C:\\xampp\\htdocs\\webspp\\app\\Views\\staff_keuangan\\layout\\wrapper.php')
 3 SYSTEMPATH\View\View.php(231): CodeIgniter\View\View->CodeIgniter\View\{closure}()
 4 SYSTEMPATH\Common.php(1178): CodeIgniter\View\View->render('staff_keuangan/layout/wrapper', [], true)
 5 APPPATH\Controllers\Staff_keuangan\Dasbor.php(14): view('staff_keuangan/layout/wrapper', [...])
 6 SYSTEMPATH\CodeIgniter.php(941): App\Controllers\Staff_keuangan\Dasbor->index()
 7 SYSTEMPATH\CodeIgniter.php(502): CodeIgniter\CodeIgniter->runController(Object(App\Controllers\Staff_keuangan\Dasbor))
 8 SYSTEMPATH\CodeIgniter.php(361): CodeIgniter\CodeIgniter->handleRequest(null, Object(Config\Cache), false)
 9 FCPATH\index.php(36): CodeIgniter\CodeIgniter->run()
10 ROOTPATH\index.php(7): require_once('C:\\xampp\\htdocs\\webspp\\public\\index.php')
INFO - 2025-06-16 06:54:48 --> Session: Class initialized using 'CodeIgniter\Session\Handlers\FileHandler' driver.
WARNING - 2025-06-16 06:54:48 --> [DEPRECATED] Creation of dynamic property CodeIgniter\View\View::$simple_login is deprecated in APPPATH\Views\staff_keuangan\layout\wrapper.php on line 4.
 1 SYSTEMPATH\View\View.php(228): include('C:\\xampp\\htdocs\\webspp\\app\\Views\\staff_keuangan\\layout\\wrapper.php')
 2 SYSTEMPATH\View\View.php(231): CodeIgniter\View\View->CodeIgniter\View\{closure}()
 3 SYSTEMPATH\Common.php(1178): CodeIgniter\View\View->render('staff_keuangan/layout/wrapper', [], true)
 4 APPPATH\Controllers\Staff_keuangan\Input_tagihan.php(79): view('staff_keuangan/layout/wrapper', [...])
 5 SYSTEMPATH\CodeIgniter.php(941): App\Controllers\Staff_keuangan\Input_tagihan->index()
 6 SYSTEMPATH\CodeIgniter.php(502): CodeIgniter\CodeIgniter->runController(Object(App\Controllers\Staff_keuangan\Input_tagihan))
 7 SYSTEMPATH\CodeIgniter.php(361): CodeIgniter\CodeIgniter->handleRequest(null, Object(Config\Cache), false)
 8 FCPATH\index.php(36): CodeIgniter\CodeIgniter->run()
 9 ROOTPATH\index.php(7): require_once('C:\\xampp\\htdocs\\webspp\\public\\index.php')
WARNING - 2025-06-16 06:54:48 --> [DEPRECATED] Creation of dynamic property CodeIgniter\View\View::$website is deprecated in APPPATH\Views\staff_keuangan\layout\wrapper.php on line 5.
 1 SYSTEMPATH\View\View.php(228): include('C:\\xampp\\htdocs\\webspp\\app\\Views\\staff_keuangan\\layout\\wrapper.php')
 2 SYSTEMPATH\View\View.php(231): CodeIgniter\View\View->CodeIgniter\View\{closure}()
 3 SYSTEMPATH\Common.php(1178): CodeIgniter\View\View->render('staff_keuangan/layout/wrapper', [], true)
 4 APPPATH\Controllers\Staff_keuangan\Input_tagihan.php(79): view('staff_keuangan/layout/wrapper', [...])
 5 SYSTEMPATH\CodeIgniter.php(941): App\Controllers\Staff_keuangan\Input_tagihan->index()
 6 SYSTEMPATH\CodeIgniter.php(502): CodeIgniter\CodeIgniter->runController(Object(App\Controllers\Staff_keuangan\Input_tagihan))
 7 SYSTEMPATH\CodeIgniter.php(361): CodeIgniter\CodeIgniter->handleRequest(null, Object(Config\Cache), false)
 8 FCPATH\index.php(36): CodeIgniter\CodeIgniter->run()
 9 ROOTPATH\index.php(7): require_once('C:\\xampp\\htdocs\\webspp\\public\\index.php')
WARNING - 2025-06-16 06:54:48 --> [DEPRECATED] Creation of dynamic property CodeIgniter\View\View::$session is deprecated in APPPATH\Views\staff_keuangan\layout\wrapper.php on line 6.
 1 SYSTEMPATH\View\View.php(228): include('C:\\xampp\\htdocs\\webspp\\app\\Views\\staff_keuangan\\layout\\wrapper.php')
 2 SYSTEMPATH\View\View.php(231): CodeIgniter\View\View->CodeIgniter\View\{closure}()
 3 SYSTEMPATH\Common.php(1178): CodeIgniter\View\View->render('staff_keuangan/layout/wrapper', [], true)
 4 APPPATH\Controllers\Staff_keuangan\Input_tagihan.php(79): view('staff_keuangan/layout/wrapper', [...])
 5 SYSTEMPATH\CodeIgniter.php(941): App\Controllers\Staff_keuangan\Input_tagihan->index()
 6 SYSTEMPATH\CodeIgniter.php(502): CodeIgniter\CodeIgniter->runController(Object(App\Controllers\Staff_keuangan\Input_tagihan))
 7 SYSTEMPATH\CodeIgniter.php(361): CodeIgniter\CodeIgniter->handleRequest(null, Object(Config\Cache), false)
 8 FCPATH\index.php(36): CodeIgniter\CodeIgniter->run()
 9 ROOTPATH\index.php(7): require_once('C:\\xampp\\htdocs\\webspp\\public\\index.php')
WARNING - 2025-06-16 06:54:48 --> [DEPRECATED] Creation of dynamic property App\Libraries\Simple_login::$session is deprecated in APPPATH\Libraries\Simple_login.php on line 130.
 1 APPPATH\Views\staff_keuangan\layout\wrapper.php(8): App\Libraries\Simple_login->checklogin()
 2 SYSTEMPATH\View\View.php(228): include('C:\\xampp\\htdocs\\webspp\\app\\Views\\staff_keuangan\\layout\\wrapper.php')
 3 SYSTEMPATH\View\View.php(231): CodeIgniter\View\View->CodeIgniter\View\{closure}()
 4 SYSTEMPATH\Common.php(1178): CodeIgniter\View\View->render('staff_keuangan/layout/wrapper', [], true)
 5 APPPATH\Controllers\Staff_keuangan\Input_tagihan.php(79): view('staff_keuangan/layout/wrapper', [...])
 6 SYSTEMPATH\CodeIgniter.php(941): App\Controllers\Staff_keuangan\Input_tagihan->index()
 7 SYSTEMPATH\CodeIgniter.php(502): CodeIgniter\CodeIgniter->runController(Object(App\Controllers\Staff_keuangan\Input_tagihan))
 8 SYSTEMPATH\CodeIgniter.php(361): CodeIgniter\CodeIgniter->handleRequest(null, Object(Config\Cache), false)
 9 FCPATH\index.php(36): CodeIgniter\CodeIgniter->run()
10 ROOTPATH\index.php(7): require_once('C:\\xampp\\htdocs\\webspp\\public\\index.php')
INFO - 2025-06-16 06:55:51 --> Session: Class initialized using 'CodeIgniter\Session\Handlers\FileHandler' driver.
WARNING - 2025-06-16 06:55:51 --> [DEPRECATED] Creation of dynamic property CodeIgniter\View\View::$simple_login is deprecated in APPPATH\Views\staff_keuangan\layout\wrapper.php on line 4.
 1 SYSTEMPATH\View\View.php(228): include('C:\\xampp\\htdocs\\webspp\\app\\Views\\staff_keuangan\\layout\\wrapper.php')
 2 SYSTEMPATH\View\View.php(231): CodeIgniter\View\View->CodeIgniter\View\{closure}()
 3 SYSTEMPATH\Common.php(1178): CodeIgniter\View\View->render('staff_keuangan/layout/wrapper', [], true)
 4 APPPATH\Controllers\Staff_keuangan\Data_tagihan_siswa.php(90): view('staff_keuangan/layout/wrapper', [...])
 5 SYSTEMPATH\CodeIgniter.php(941): App\Controllers\Staff_keuangan\Data_tagihan_siswa->index()
 6 SYSTEMPATH\CodeIgniter.php(502): CodeIgniter\CodeIgniter->runController(Object(App\Controllers\Staff_keuangan\Data_tagihan_siswa))
 7 SYSTEMPATH\CodeIgniter.php(361): CodeIgniter\CodeIgniter->handleRequest(null, Object(Config\Cache), false)
 8 FCPATH\index.php(36): CodeIgniter\CodeIgniter->run()
 9 ROOTPATH\index.php(7): require_once('C:\\xampp\\htdocs\\webspp\\public\\index.php')
WARNING - 2025-06-16 06:55:51 --> [DEPRECATED] Creation of dynamic property CodeIgniter\View\View::$website is deprecated in APPPATH\Views\staff_keuangan\layout\wrapper.php on line 5.
 1 SYSTEMPATH\View\View.php(228): include('C:\\xampp\\htdocs\\webspp\\app\\Views\\staff_keuangan\\layout\\wrapper.php')
 2 SYSTEMPATH\View\View.php(231): CodeIgniter\View\View->CodeIgniter\View\{closure}()
 3 SYSTEMPATH\Common.php(1178): CodeIgniter\View\View->render('staff_keuangan/layout/wrapper', [], true)
 4 APPPATH\Controllers\Staff_keuangan\Data_tagihan_siswa.php(90): view('staff_keuangan/layout/wrapper', [...])
 5 SYSTEMPATH\CodeIgniter.php(941): App\Controllers\Staff_keuangan\Data_tagihan_siswa->index()
 6 SYSTEMPATH\CodeIgniter.php(502): CodeIgniter\CodeIgniter->runController(Object(App\Controllers\Staff_keuangan\Data_tagihan_siswa))
 7 SYSTEMPATH\CodeIgniter.php(361): CodeIgniter\CodeIgniter->handleRequest(null, Object(Config\Cache), false)
 8 FCPATH\index.php(36): CodeIgniter\CodeIgniter->run()
 9 ROOTPATH\index.php(7): require_once('C:\\xampp\\htdocs\\webspp\\public\\index.php')
WARNING - 2025-06-16 06:55:51 --> [DEPRECATED] Creation of dynamic property CodeIgniter\View\View::$session is deprecated in APPPATH\Views\staff_keuangan\layout\wrapper.php on line 6.
 1 SYSTEMPATH\View\View.php(228): include('C:\\xampp\\htdocs\\webspp\\app\\Views\\staff_keuangan\\layout\\wrapper.php')
 2 SYSTEMPATH\View\View.php(231): CodeIgniter\View\View->CodeIgniter\View\{closure}()
 3 SYSTEMPATH\Common.php(1178): CodeIgniter\View\View->render('staff_keuangan/layout/wrapper', [], true)
 4 APPPATH\Controllers\Staff_keuangan\Data_tagihan_siswa.php(90): view('staff_keuangan/layout/wrapper', [...])
 5 SYSTEMPATH\CodeIgniter.php(941): App\Controllers\Staff_keuangan\Data_tagihan_siswa->index()
 6 SYSTEMPATH\CodeIgniter.php(502): CodeIgniter\CodeIgniter->runController(Object(App\Controllers\Staff_keuangan\Data_tagihan_siswa))
 7 SYSTEMPATH\CodeIgniter.php(361): CodeIgniter\CodeIgniter->handleRequest(null, Object(Config\Cache), false)
 8 FCPATH\index.php(36): CodeIgniter\CodeIgniter->run()
 9 ROOTPATH\index.php(7): require_once('C:\\xampp\\htdocs\\webspp\\public\\index.php')
WARNING - 2025-06-16 06:55:51 --> [DEPRECATED] Creation of dynamic property App\Libraries\Simple_login::$session is deprecated in APPPATH\Libraries\Simple_login.php on line 130.
 1 APPPATH\Views\staff_keuangan\layout\wrapper.php(8): App\Libraries\Simple_login->checklogin()
 2 SYSTEMPATH\View\View.php(228): include('C:\\xampp\\htdocs\\webspp\\app\\Views\\staff_keuangan\\layout\\wrapper.php')
 3 SYSTEMPATH\View\View.php(231): CodeIgniter\View\View->CodeIgniter\View\{closure}()
 4 SYSTEMPATH\Common.php(1178): CodeIgniter\View\View->render('staff_keuangan/layout/wrapper', [], true)
 5 APPPATH\Controllers\Staff_keuangan\Data_tagihan_siswa.php(90): view('staff_keuangan/layout/wrapper', [...])
 6 SYSTEMPATH\CodeIgniter.php(941): App\Controllers\Staff_keuangan\Data_tagihan_siswa->index()
 7 SYSTEMPATH\CodeIgniter.php(502): CodeIgniter\CodeIgniter->runController(Object(App\Controllers\Staff_keuangan\Data_tagihan_siswa))
 8 SYSTEMPATH\CodeIgniter.php(361): CodeIgniter\CodeIgniter->handleRequest(null, Object(Config\Cache), false)
 9 FCPATH\index.php(36): CodeIgniter\CodeIgniter->run()
10 ROOTPATH\index.php(7): require_once('C:\\xampp\\htdocs\\webspp\\public\\index.php')
INFO - 2025-06-16 06:55:58 --> Session: Class initialized using 'CodeIgniter\Session\Handlers\FileHandler' driver.
WARNING - 2025-06-16 06:55:58 --> [DEPRECATED] Creation of dynamic property CodeIgniter\View\View::$simple_login is deprecated in APPPATH\Views\staff_keuangan\layout\wrapper.php on line 4.
 1 SYSTEMPATH\View\View.php(228): include('C:\\xampp\\htdocs\\webspp\\app\\Views\\staff_keuangan\\layout\\wrapper.php')
 2 SYSTEMPATH\View\View.php(231): CodeIgniter\View\View->CodeIgniter\View\{closure}()
 3 SYSTEMPATH\Common.php(1178): CodeIgniter\View\View->render('staff_keuangan/layout/wrapper', [], true)
 4 APPPATH\Controllers\Staff_keuangan\Input_tagihan.php(79): view('staff_keuangan/layout/wrapper', [...])
 5 SYSTEMPATH\CodeIgniter.php(941): App\Controllers\Staff_keuangan\Input_tagihan->index()
 6 SYSTEMPATH\CodeIgniter.php(502): CodeIgniter\CodeIgniter->runController(Object(App\Controllers\Staff_keuangan\Input_tagihan))
 7 SYSTEMPATH\CodeIgniter.php(361): CodeIgniter\CodeIgniter->handleRequest(null, Object(Config\Cache), false)
 8 FCPATH\index.php(36): CodeIgniter\CodeIgniter->run()
 9 ROOTPATH\index.php(7): require_once('C:\\xampp\\htdocs\\webspp\\public\\index.php')
WARNING - 2025-06-16 06:55:58 --> [DEPRECATED] Creation of dynamic property CodeIgniter\View\View::$website is deprecated in APPPATH\Views\staff_keuangan\layout\wrapper.php on line 5.
 1 SYSTEMPATH\View\View.php(228): include('C:\\xampp\\htdocs\\webspp\\app\\Views\\staff_keuangan\\layout\\wrapper.php')
 2 SYSTEMPATH\View\View.php(231): CodeIgniter\View\View->CodeIgniter\View\{closure}()
 3 SYSTEMPATH\Common.php(1178): CodeIgniter\View\View->render('staff_keuangan/layout/wrapper', [], true)
 4 APPPATH\Controllers\Staff_keuangan\Input_tagihan.php(79): view('staff_keuangan/layout/wrapper', [...])
 5 SYSTEMPATH\CodeIgniter.php(941): App\Controllers\Staff_keuangan\Input_tagihan->index()
 6 SYSTEMPATH\CodeIgniter.php(502): CodeIgniter\CodeIgniter->runController(Object(App\Controllers\Staff_keuangan\Input_tagihan))
 7 SYSTEMPATH\CodeIgniter.php(361): CodeIgniter\CodeIgniter->handleRequest(null, Object(Config\Cache), false)
 8 FCPATH\index.php(36): CodeIgniter\CodeIgniter->run()
 9 ROOTPATH\index.php(7): require_once('C:\\xampp\\htdocs\\webspp\\public\\index.php')
WARNING - 2025-06-16 06:55:58 --> [DEPRECATED] Creation of dynamic property CodeIgniter\View\View::$session is deprecated in APPPATH\Views\staff_keuangan\layout\wrapper.php on line 6.
 1 SYSTEMPATH\View\View.php(228): include('C:\\xampp\\htdocs\\webspp\\app\\Views\\staff_keuangan\\layout\\wrapper.php')
 2 SYSTEMPATH\View\View.php(231): CodeIgniter\View\View->CodeIgniter\View\{closure}()
 3 SYSTEMPATH\Common.php(1178): CodeIgniter\View\View->render('staff_keuangan/layout/wrapper', [], true)
 4 APPPATH\Controllers\Staff_keuangan\Input_tagihan.php(79): view('staff_keuangan/layout/wrapper', [...])
 5 SYSTEMPATH\CodeIgniter.php(941): App\Controllers\Staff_keuangan\Input_tagihan->index()
 6 SYSTEMPATH\CodeIgniter.php(502): CodeIgniter\CodeIgniter->runController(Object(App\Controllers\Staff_keuangan\Input_tagihan))
 7 SYSTEMPATH\CodeIgniter.php(361): CodeIgniter\CodeIgniter->handleRequest(null, Object(Config\Cache), false)
 8 FCPATH\index.php(36): CodeIgniter\CodeIgniter->run()
 9 ROOTPATH\index.php(7): require_once('C:\\xampp\\htdocs\\webspp\\public\\index.php')
WARNING - 2025-06-16 06:55:58 --> [DEPRECATED] Creation of dynamic property App\Libraries\Simple_login::$session is deprecated in APPPATH\Libraries\Simple_login.php on line 130.
 1 APPPATH\Views\staff_keuangan\layout\wrapper.php(8): App\Libraries\Simple_login->checklogin()
 2 SYSTEMPATH\View\View.php(228): include('C:\\xampp\\htdocs\\webspp\\app\\Views\\staff_keuangan\\layout\\wrapper.php')
 3 SYSTEMPATH\View\View.php(231): CodeIgniter\View\View->CodeIgniter\View\{closure}()
 4 SYSTEMPATH\Common.php(1178): CodeIgniter\View\View->render('staff_keuangan/layout/wrapper', [], true)
 5 APPPATH\Controllers\Staff_keuangan\Input_tagihan.php(79): view('staff_keuangan/layout/wrapper', [...])
 6 SYSTEMPATH\CodeIgniter.php(941): App\Controllers\Staff_keuangan\Input_tagihan->index()
 7 SYSTEMPATH\CodeIgniter.php(502): CodeIgniter\CodeIgniter->runController(Object(App\Controllers\Staff_keuangan\Input_tagihan))
 8 SYSTEMPATH\CodeIgniter.php(361): CodeIgniter\CodeIgniter->handleRequest(null, Object(Config\Cache), false)
 9 FCPATH\index.php(36): CodeIgniter\CodeIgniter->run()
10 ROOTPATH\index.php(7): require_once('C:\\xampp\\htdocs\\webspp\\public\\index.php')
INFO - 2025-06-16 06:56:14 --> Session: Class initialized using 'CodeIgniter\Session\Handlers\FileHandler' driver.
DEBUG - 2025-06-16 06:56:14 --> Memulai proses tambah tagihan
DEBUG - 2025-06-16 06:56:14 --> ID staff yang login: 34
DEBUG - 2025-06-16 06:56:14 --> Data yang diterima:
DEBUG - 2025-06-16 06:56:14 --> Tagihan input berhasil disimpan dengan ID: 43
DEBUG - 2025-06-16 06:56:14 --> Jumlah siswa ditemukan: 1
DEBUG - 2025-06-16 06:56:14 --> Kategori siswa: biasa | Nama: test1
DEBUG - 2025-06-16 06:56:14 --> Tagihan siswa berhasil digenerate ke semua siswa pada kelas dan tahun tersebut
INFO - 2025-06-16 06:56:15 --> Session: Class initialized using 'CodeIgniter\Session\Handlers\FileHandler' driver.
WARNING - 2025-06-16 06:56:15 --> [DEPRECATED] Creation of dynamic property CodeIgniter\View\View::$simple_login is deprecated in APPPATH\Views\staff_keuangan\layout\wrapper.php on line 4.
 1 SYSTEMPATH\View\View.php(228): include('C:\\xampp\\htdocs\\webspp\\app\\Views\\staff_keuangan\\layout\\wrapper.php')
 2 SYSTEMPATH\View\View.php(231): CodeIgniter\View\View->CodeIgniter\View\{closure}()
 3 SYSTEMPATH\Common.php(1178): CodeIgniter\View\View->render('staff_keuangan/layout/wrapper', [], true)
 4 APPPATH\Controllers\Staff_keuangan\Input_tagihan.php(79): view('staff_keuangan/layout/wrapper', [...])
 5 SYSTEMPATH\CodeIgniter.php(941): App\Controllers\Staff_keuangan\Input_tagihan->index()
 6 SYSTEMPATH\CodeIgniter.php(502): CodeIgniter\CodeIgniter->runController(Object(App\Controllers\Staff_keuangan\Input_tagihan))
 7 SYSTEMPATH\CodeIgniter.php(361): CodeIgniter\CodeIgniter->handleRequest(null, Object(Config\Cache), false)
 8 FCPATH\index.php(36): CodeIgniter\CodeIgniter->run()
 9 ROOTPATH\index.php(7): require_once('C:\\xampp\\htdocs\\webspp\\public\\index.php')
WARNING - 2025-06-16 06:56:15 --> [DEPRECATED] Creation of dynamic property CodeIgniter\View\View::$website is deprecated in APPPATH\Views\staff_keuangan\layout\wrapper.php on line 5.
 1 SYSTEMPATH\View\View.php(228): include('C:\\xampp\\htdocs\\webspp\\app\\Views\\staff_keuangan\\layout\\wrapper.php')
 2 SYSTEMPATH\View\View.php(231): CodeIgniter\View\View->CodeIgniter\View\{closure}()
 3 SYSTEMPATH\Common.php(1178): CodeIgniter\View\View->render('staff_keuangan/layout/wrapper', [], true)
 4 APPPATH\Controllers\Staff_keuangan\Input_tagihan.php(79): view('staff_keuangan/layout/wrapper', [...])
 5 SYSTEMPATH\CodeIgniter.php(941): App\Controllers\Staff_keuangan\Input_tagihan->index()
 6 SYSTEMPATH\CodeIgniter.php(502): CodeIgniter\CodeIgniter->runController(Object(App\Controllers\Staff_keuangan\Input_tagihan))
 7 SYSTEMPATH\CodeIgniter.php(361): CodeIgniter\CodeIgniter->handleRequest(null, Object(Config\Cache), false)
 8 FCPATH\index.php(36): CodeIgniter\CodeIgniter->run()
 9 ROOTPATH\index.php(7): require_once('C:\\xampp\\htdocs\\webspp\\public\\index.php')
WARNING - 2025-06-16 06:56:15 --> [DEPRECATED] Creation of dynamic property CodeIgniter\View\View::$session is deprecated in APPPATH\Views\staff_keuangan\layout\wrapper.php on line 6.
 1 SYSTEMPATH\View\View.php(228): include('C:\\xampp\\htdocs\\webspp\\app\\Views\\staff_keuangan\\layout\\wrapper.php')
 2 SYSTEMPATH\View\View.php(231): CodeIgniter\View\View->CodeIgniter\View\{closure}()
 3 SYSTEMPATH\Common.php(1178): CodeIgniter\View\View->render('staff_keuangan/layout/wrapper', [], true)
 4 APPPATH\Controllers\Staff_keuangan\Input_tagihan.php(79): view('staff_keuangan/layout/wrapper', [...])
 5 SYSTEMPATH\CodeIgniter.php(941): App\Controllers\Staff_keuangan\Input_tagihan->index()
 6 SYSTEMPATH\CodeIgniter.php(502): CodeIgniter\CodeIgniter->runController(Object(App\Controllers\Staff_keuangan\Input_tagihan))
 7 SYSTEMPATH\CodeIgniter.php(361): CodeIgniter\CodeIgniter->handleRequest(null, Object(Config\Cache), false)
 8 FCPATH\index.php(36): CodeIgniter\CodeIgniter->run()
 9 ROOTPATH\index.php(7): require_once('C:\\xampp\\htdocs\\webspp\\public\\index.php')
WARNING - 2025-06-16 06:56:15 --> [DEPRECATED] Creation of dynamic property App\Libraries\Simple_login::$session is deprecated in APPPATH\Libraries\Simple_login.php on line 130.
 1 APPPATH\Views\staff_keuangan\layout\wrapper.php(8): App\Libraries\Simple_login->checklogin()
 2 SYSTEMPATH\View\View.php(228): include('C:\\xampp\\htdocs\\webspp\\app\\Views\\staff_keuangan\\layout\\wrapper.php')
 3 SYSTEMPATH\View\View.php(231): CodeIgniter\View\View->CodeIgniter\View\{closure}()
 4 SYSTEMPATH\Common.php(1178): CodeIgniter\View\View->render('staff_keuangan/layout/wrapper', [], true)
 5 APPPATH\Controllers\Staff_keuangan\Input_tagihan.php(79): view('staff_keuangan/layout/wrapper', [...])
 6 SYSTEMPATH\CodeIgniter.php(941): App\Controllers\Staff_keuangan\Input_tagihan->index()
 7 SYSTEMPATH\CodeIgniter.php(502): CodeIgniter\CodeIgniter->runController(Object(App\Controllers\Staff_keuangan\Input_tagihan))
 8 SYSTEMPATH\CodeIgniter.php(361): CodeIgniter\CodeIgniter->handleRequest(null, Object(Config\Cache), false)
 9 FCPATH\index.php(36): CodeIgniter\CodeIgniter->run()
10 ROOTPATH\index.php(7): require_once('C:\\xampp\\htdocs\\webspp\\public\\index.php')
INFO - 2025-06-16 06:56:39 --> Session: Class initialized using 'CodeIgniter\Session\Handlers\FileHandler' driver.
WARNING - 2025-06-16 06:56:39 --> [DEPRECATED] Creation of dynamic property CodeIgniter\View\View::$simple_login is deprecated in APPPATH\Views\staff_keuangan\layout\wrapper.php on line 4.
 1 SYSTEMPATH\View\View.php(228): include('C:\\xampp\\htdocs\\webspp\\app\\Views\\staff_keuangan\\layout\\wrapper.php')
 2 SYSTEMPATH\View\View.php(231): CodeIgniter\View\View->CodeIgniter\View\{closure}()
 3 SYSTEMPATH\Common.php(1178): CodeIgniter\View\View->render('staff_keuangan/layout/wrapper', [], true)
 4 APPPATH\Controllers\Staff_keuangan\Riwayat_tagihan.php(75): view('staff_keuangan/layout/wrapper', [...])
 5 SYSTEMPATH\CodeIgniter.php(941): App\Controllers\Staff_keuangan\Riwayat_tagihan->index()
 6 SYSTEMPATH\CodeIgniter.php(502): CodeIgniter\CodeIgniter->runController(Object(App\Controllers\Staff_keuangan\Riwayat_tagihan))
 7 SYSTEMPATH\CodeIgniter.php(361): CodeIgniter\CodeIgniter->handleRequest(null, Object(Config\Cache), false)
 8 FCPATH\index.php(36): CodeIgniter\CodeIgniter->run()
 9 ROOTPATH\index.php(7): require_once('C:\\xampp\\htdocs\\webspp\\public\\index.php')
WARNING - 2025-06-16 06:56:39 --> [DEPRECATED] Creation of dynamic property CodeIgniter\View\View::$website is deprecated in APPPATH\Views\staff_keuangan\layout\wrapper.php on line 5.
 1 SYSTEMPATH\View\View.php(228): include('C:\\xampp\\htdocs\\webspp\\app\\Views\\staff_keuangan\\layout\\wrapper.php')
 2 SYSTEMPATH\View\View.php(231): CodeIgniter\View\View->CodeIgniter\View\{closure}()
 3 SYSTEMPATH\Common.php(1178): CodeIgniter\View\View->render('staff_keuangan/layout/wrapper', [], true)
 4 APPPATH\Controllers\Staff_keuangan\Riwayat_tagihan.php(75): view('staff_keuangan/layout/wrapper', [...])
 5 SYSTEMPATH\CodeIgniter.php(941): App\Controllers\Staff_keuangan\Riwayat_tagihan->index()
 6 SYSTEMPATH\CodeIgniter.php(502): CodeIgniter\CodeIgniter->runController(Object(App\Controllers\Staff_keuangan\Riwayat_tagihan))
 7 SYSTEMPATH\CodeIgniter.php(361): CodeIgniter\CodeIgniter->handleRequest(null, Object(Config\Cache), false)
 8 FCPATH\index.php(36): CodeIgniter\CodeIgniter->run()
 9 ROOTPATH\index.php(7): require_once('C:\\xampp\\htdocs\\webspp\\public\\index.php')
WARNING - 2025-06-16 06:56:39 --> [DEPRECATED] Creation of dynamic property CodeIgniter\View\View::$session is deprecated in APPPATH\Views\staff_keuangan\layout\wrapper.php on line 6.
 1 SYSTEMPATH\View\View.php(228): include('C:\\xampp\\htdocs\\webspp\\app\\Views\\staff_keuangan\\layout\\wrapper.php')
 2 SYSTEMPATH\View\View.php(231): CodeIgniter\View\View->CodeIgniter\View\{closure}()
 3 SYSTEMPATH\Common.php(1178): CodeIgniter\View\View->render('staff_keuangan/layout/wrapper', [], true)
 4 APPPATH\Controllers\Staff_keuangan\Riwayat_tagihan.php(75): view('staff_keuangan/layout/wrapper', [...])
 5 SYSTEMPATH\CodeIgniter.php(941): App\Controllers\Staff_keuangan\Riwayat_tagihan->index()
 6 SYSTEMPATH\CodeIgniter.php(502): CodeIgniter\CodeIgniter->runController(Object(App\Controllers\Staff_keuangan\Riwayat_tagihan))
 7 SYSTEMPATH\CodeIgniter.php(361): CodeIgniter\CodeIgniter->handleRequest(null, Object(Config\Cache), false)
 8 FCPATH\index.php(36): CodeIgniter\CodeIgniter->run()
 9 ROOTPATH\index.php(7): require_once('C:\\xampp\\htdocs\\webspp\\public\\index.php')
WARNING - 2025-06-16 06:56:39 --> [DEPRECATED] Creation of dynamic property App\Libraries\Simple_login::$session is deprecated in APPPATH\Libraries\Simple_login.php on line 130.
 1 APPPATH\Views\staff_keuangan\layout\wrapper.php(8): App\Libraries\Simple_login->checklogin()
 2 SYSTEMPATH\View\View.php(228): include('C:\\xampp\\htdocs\\webspp\\app\\Views\\staff_keuangan\\layout\\wrapper.php')
 3 SYSTEMPATH\View\View.php(231): CodeIgniter\View\View->CodeIgniter\View\{closure}()
 4 SYSTEMPATH\Common.php(1178): CodeIgniter\View\View->render('staff_keuangan/layout/wrapper', [], true)
 5 APPPATH\Controllers\Staff_keuangan\Riwayat_tagihan.php(75): view('staff_keuangan/layout/wrapper', [...])
 6 SYSTEMPATH\CodeIgniter.php(941): App\Controllers\Staff_keuangan\Riwayat_tagihan->index()
 7 SYSTEMPATH\CodeIgniter.php(502): CodeIgniter\CodeIgniter->runController(Object(App\Controllers\Staff_keuangan\Riwayat_tagihan))
 8 SYSTEMPATH\CodeIgniter.php(361): CodeIgniter\CodeIgniter->handleRequest(null, Object(Config\Cache), false)
 9 FCPATH\index.php(36): CodeIgniter\CodeIgniter->run()
10 ROOTPATH\index.php(7): require_once('C:\\xampp\\htdocs\\webspp\\public\\index.php')
INFO - 2025-06-16 06:56:43 --> Session: Class initialized using 'CodeIgniter\Session\Handlers\FileHandler' driver.
WARNING - 2025-06-16 06:56:43 --> [DEPRECATED] Creation of dynamic property CodeIgniter\View\View::$simple_login is deprecated in APPPATH\Views\staff_keuangan\layout\wrapper.php on line 4.
 1 SYSTEMPATH\View\View.php(228): include('C:\\xampp\\htdocs\\webspp\\app\\Views\\staff_keuangan\\layout\\wrapper.php')
 2 SYSTEMPATH\View\View.php(231): CodeIgniter\View\View->CodeIgniter\View\{closure}()
 3 SYSTEMPATH\Common.php(1178): CodeIgniter\View\View->render('staff_keuangan/layout/wrapper', [], true)
 4 APPPATH\Controllers\Staff_keuangan\Riwayat_tagihan.php(75): view('staff_keuangan/layout/wrapper', [...])
 5 SYSTEMPATH\CodeIgniter.php(941): App\Controllers\Staff_keuangan\Riwayat_tagihan->index()
 6 SYSTEMPATH\CodeIgniter.php(502): CodeIgniter\CodeIgniter->runController(Object(App\Controllers\Staff_keuangan\Riwayat_tagihan))
 7 SYSTEMPATH\CodeIgniter.php(361): CodeIgniter\CodeIgniter->handleRequest(null, Object(Config\Cache), false)
 8 FCPATH\index.php(36): CodeIgniter\CodeIgniter->run()
 9 ROOTPATH\index.php(7): require_once('C:\\xampp\\htdocs\\webspp\\public\\index.php')
WARNING - 2025-06-16 06:56:43 --> [DEPRECATED] Creation of dynamic property CodeIgniter\View\View::$website is deprecated in APPPATH\Views\staff_keuangan\layout\wrapper.php on line 5.
 1 SYSTEMPATH\View\View.php(228): include('C:\\xampp\\htdocs\\webspp\\app\\Views\\staff_keuangan\\layout\\wrapper.php')
 2 SYSTEMPATH\View\View.php(231): CodeIgniter\View\View->CodeIgniter\View\{closure}()
 3 SYSTEMPATH\Common.php(1178): CodeIgniter\View\View->render('staff_keuangan/layout/wrapper', [], true)
 4 APPPATH\Controllers\Staff_keuangan\Riwayat_tagihan.php(75): view('staff_keuangan/layout/wrapper', [...])
 5 SYSTEMPATH\CodeIgniter.php(941): App\Controllers\Staff_keuangan\Riwayat_tagihan->index()
 6 SYSTEMPATH\CodeIgniter.php(502): CodeIgniter\CodeIgniter->runController(Object(App\Controllers\Staff_keuangan\Riwayat_tagihan))
 7 SYSTEMPATH\CodeIgniter.php(361): CodeIgniter\CodeIgniter->handleRequest(null, Object(Config\Cache), false)
 8 FCPATH\index.php(36): CodeIgniter\CodeIgniter->run()
 9 ROOTPATH\index.php(7): require_once('C:\\xampp\\htdocs\\webspp\\public\\index.php')
WARNING - 2025-06-16 06:56:43 --> [DEPRECATED] Creation of dynamic property CodeIgniter\View\View::$session is deprecated in APPPATH\Views\staff_keuangan\layout\wrapper.php on line 6.
 1 SYSTEMPATH\View\View.php(228): include('C:\\xampp\\htdocs\\webspp\\app\\Views\\staff_keuangan\\layout\\wrapper.php')
 2 SYSTEMPATH\View\View.php(231): CodeIgniter\View\View->CodeIgniter\View\{closure}()
 3 SYSTEMPATH\Common.php(1178): CodeIgniter\View\View->render('staff_keuangan/layout/wrapper', [], true)
 4 APPPATH\Controllers\Staff_keuangan\Riwayat_tagihan.php(75): view('staff_keuangan/layout/wrapper', [...])
 5 SYSTEMPATH\CodeIgniter.php(941): App\Controllers\Staff_keuangan\Riwayat_tagihan->index()
 6 SYSTEMPATH\CodeIgniter.php(502): CodeIgniter\CodeIgniter->runController(Object(App\Controllers\Staff_keuangan\Riwayat_tagihan))
 7 SYSTEMPATH\CodeIgniter.php(361): CodeIgniter\CodeIgniter->handleRequest(null, Object(Config\Cache), false)
 8 FCPATH\index.php(36): CodeIgniter\CodeIgniter->run()
 9 ROOTPATH\index.php(7): require_once('C:\\xampp\\htdocs\\webspp\\public\\index.php')
WARNING - 2025-06-16 06:56:43 --> [DEPRECATED] Creation of dynamic property App\Libraries\Simple_login::$session is deprecated in APPPATH\Libraries\Simple_login.php on line 130.
 1 APPPATH\Views\staff_keuangan\layout\wrapper.php(8): App\Libraries\Simple_login->checklogin()
 2 SYSTEMPATH\View\View.php(228): include('C:\\xampp\\htdocs\\webspp\\app\\Views\\staff_keuangan\\layout\\wrapper.php')
 3 SYSTEMPATH\View\View.php(231): CodeIgniter\View\View->CodeIgniter\View\{closure}()
 4 SYSTEMPATH\Common.php(1178): CodeIgniter\View\View->render('staff_keuangan/layout/wrapper', [], true)
 5 APPPATH\Controllers\Staff_keuangan\Riwayat_tagihan.php(75): view('staff_keuangan/layout/wrapper', [...])
 6 SYSTEMPATH\CodeIgniter.php(941): App\Controllers\Staff_keuangan\Riwayat_tagihan->index()
 7 SYSTEMPATH\CodeIgniter.php(502): CodeIgniter\CodeIgniter->runController(Object(App\Controllers\Staff_keuangan\Riwayat_tagihan))
 8 SYSTEMPATH\CodeIgniter.php(361): CodeIgniter\CodeIgniter->handleRequest(null, Object(Config\Cache), false)
 9 FCPATH\index.php(36): CodeIgniter\CodeIgniter->run()
10 ROOTPATH\index.php(7): require_once('C:\\xampp\\htdocs\\webspp\\public\\index.php')
INFO - 2025-06-16 06:56:44 --> Session: Class initialized using 'CodeIgniter\Session\Handlers\FileHandler' driver.
WARNING - 2025-06-16 06:56:44 --> [DEPRECATED] Creation of dynamic property CodeIgniter\View\View::$simple_login is deprecated in APPPATH\Views\staff_keuangan\layout\wrapper.php on line 4.
 1 SYSTEMPATH\View\View.php(228): include('C:\\xampp\\htdocs\\webspp\\app\\Views\\staff_keuangan\\layout\\wrapper.php')
 2 SYSTEMPATH\View\View.php(231): CodeIgniter\View\View->CodeIgniter\View\{closure}()
 3 SYSTEMPATH\Common.php(1178): CodeIgniter\View\View->render('staff_keuangan/layout/wrapper', [], true)
 4 APPPATH\Controllers\Staff_keuangan\Riwayat_tagihan.php(75): view('staff_keuangan/layout/wrapper', [...])
 5 SYSTEMPATH\CodeIgniter.php(941): App\Controllers\Staff_keuangan\Riwayat_tagihan->index()
 6 SYSTEMPATH\CodeIgniter.php(502): CodeIgniter\CodeIgniter->runController(Object(App\Controllers\Staff_keuangan\Riwayat_tagihan))
 7 SYSTEMPATH\CodeIgniter.php(361): CodeIgniter\CodeIgniter->handleRequest(null, Object(Config\Cache), false)
 8 FCPATH\index.php(36): CodeIgniter\CodeIgniter->run()
 9 ROOTPATH\index.php(7): require_once('C:\\xampp\\htdocs\\webspp\\public\\index.php')
WARNING - 2025-06-16 06:56:44 --> [DEPRECATED] Creation of dynamic property CodeIgniter\View\View::$website is deprecated in APPPATH\Views\staff_keuangan\layout\wrapper.php on line 5.
 1 SYSTEMPATH\View\View.php(228): include('C:\\xampp\\htdocs\\webspp\\app\\Views\\staff_keuangan\\layout\\wrapper.php')
 2 SYSTEMPATH\View\View.php(231): CodeIgniter\View\View->CodeIgniter\View\{closure}()
 3 SYSTEMPATH\Common.php(1178): CodeIgniter\View\View->render('staff_keuangan/layout/wrapper', [], true)
 4 APPPATH\Controllers\Staff_keuangan\Riwayat_tagihan.php(75): view('staff_keuangan/layout/wrapper', [...])
 5 SYSTEMPATH\CodeIgniter.php(941): App\Controllers\Staff_keuangan\Riwayat_tagihan->index()
 6 SYSTEMPATH\CodeIgniter.php(502): CodeIgniter\CodeIgniter->runController(Object(App\Controllers\Staff_keuangan\Riwayat_tagihan))
 7 SYSTEMPATH\CodeIgniter.php(361): CodeIgniter\CodeIgniter->handleRequest(null, Object(Config\Cache), false)
 8 FCPATH\index.php(36): CodeIgniter\CodeIgniter->run()
 9 ROOTPATH\index.php(7): require_once('C:\\xampp\\htdocs\\webspp\\public\\index.php')
WARNING - 2025-06-16 06:56:44 --> [DEPRECATED] Creation of dynamic property CodeIgniter\View\View::$session is deprecated in APPPATH\Views\staff_keuangan\layout\wrapper.php on line 6.
 1 SYSTEMPATH\View\View.php(228): include('C:\\xampp\\htdocs\\webspp\\app\\Views\\staff_keuangan\\layout\\wrapper.php')
 2 SYSTEMPATH\View\View.php(231): CodeIgniter\View\View->CodeIgniter\View\{closure}()
 3 SYSTEMPATH\Common.php(1178): CodeIgniter\View\View->render('staff_keuangan/layout/wrapper', [], true)
 4 APPPATH\Controllers\Staff_keuangan\Riwayat_tagihan.php(75): view('staff_keuangan/layout/wrapper', [...])
 5 SYSTEMPATH\CodeIgniter.php(941): App\Controllers\Staff_keuangan\Riwayat_tagihan->index()
 6 SYSTEMPATH\CodeIgniter.php(502): CodeIgniter\CodeIgniter->runController(Object(App\Controllers\Staff_keuangan\Riwayat_tagihan))
 7 SYSTEMPATH\CodeIgniter.php(361): CodeIgniter\CodeIgniter->handleRequest(null, Object(Config\Cache), false)
 8 FCPATH\index.php(36): CodeIgniter\CodeIgniter->run()
 9 ROOTPATH\index.php(7): require_once('C:\\xampp\\htdocs\\webspp\\public\\index.php')
WARNING - 2025-06-16 06:56:44 --> [DEPRECATED] Creation of dynamic property App\Libraries\Simple_login::$session is deprecated in APPPATH\Libraries\Simple_login.php on line 130.
 1 APPPATH\Views\staff_keuangan\layout\wrapper.php(8): App\Libraries\Simple_login->checklogin()
 2 SYSTEMPATH\View\View.php(228): include('C:\\xampp\\htdocs\\webspp\\app\\Views\\staff_keuangan\\layout\\wrapper.php')
 3 SYSTEMPATH\View\View.php(231): CodeIgniter\View\View->CodeIgniter\View\{closure}()
 4 SYSTEMPATH\Common.php(1178): CodeIgniter\View\View->render('staff_keuangan/layout/wrapper', [], true)
 5 APPPATH\Controllers\Staff_keuangan\Riwayat_tagihan.php(75): view('staff_keuangan/layout/wrapper', [...])
 6 SYSTEMPATH\CodeIgniter.php(941): App\Controllers\Staff_keuangan\Riwayat_tagihan->index()
 7 SYSTEMPATH\CodeIgniter.php(502): CodeIgniter\CodeIgniter->runController(Object(App\Controllers\Staff_keuangan\Riwayat_tagihan))
 8 SYSTEMPATH\CodeIgniter.php(361): CodeIgniter\CodeIgniter->handleRequest(null, Object(Config\Cache), false)
 9 FCPATH\index.php(36): CodeIgniter\CodeIgniter->run()
10 ROOTPATH\index.php(7): require_once('C:\\xampp\\htdocs\\webspp\\public\\index.php')
INFO - 2025-06-16 06:56:46 --> Session: Class initialized using 'CodeIgniter\Session\Handlers\FileHandler' driver.
INFO - 2025-06-16 06:57:07 --> Session: Class initialized using 'CodeIgniter\Session\Handlers\FileHandler' driver.
