INFO - 2025-06-22 05:41:46 --> Session: Class initialized using 'CodeIgniter\Session\Handlers\FileHandler' driver.
WARNING - 2025-06-22 05:41:47 --> [DEPRECATED] Creation of dynamic property CodeIgniter\View\View::$website is deprecated in APPPATH\Views\layout\wrapper.php on line 3.
 1 SYSTEMPATH\View\View.php(228): include('C:\\xampp\\htdocs\\webspp\\app\\Views\\layout\\wrapper.php')
 2 SYSTEMPATH\View\View.php(231): CodeIgniter\View\View->CodeIgniter\View\{closure}()
 3 SYSTEMPATH\Common.php(1178): CodeIgniter\View\View->render('layout/wrapper', [], true)
 4 APPPATH\Controllers\Signin.php(51): view('layout/wrapper', [...])
 5 SYSTEMPATH\CodeIgniter.php(941): App\Controllers\Signin->index()
 6 SYSTEMPATH\CodeIgniter.php(502): CodeIgniter\CodeIgniter->runController(Object(App\Controllers\Signin))
 7 SYSTEMPATH\CodeIgniter.php(361): CodeIgniter\CodeIgniter->handleRequest(null, Object(Config\Cache), false)
 8 FCPATH\index.php(36): CodeIgniter\CodeIgniter->run()
 9 SYSTEMPATH\Commands\Server\rewrite.php(47): require_once('C:\\xampp\\htdocs\\webspp\\public\\index.php')
WARNING - 2025-06-22 05:41:47 --> [DEPRECATED] Creation of dynamic property CodeIgniter\View\View::$session is deprecated in APPPATH\Views\layout\wrapper.php on line 4.
 1 SYSTEMPATH\View\View.php(228): include('C:\\xampp\\htdocs\\webspp\\app\\Views\\layout\\wrapper.php')
 2 SYSTEMPATH\View\View.php(231): CodeIgniter\View\View->CodeIgniter\View\{closure}()
 3 SYSTEMPATH\Common.php(1178): CodeIgniter\View\View->render('layout/wrapper', [], true)
 4 APPPATH\Controllers\Signin.php(51): view('layout/wrapper', [...])
 5 SYSTEMPATH\CodeIgniter.php(941): App\Controllers\Signin->index()
 6 SYSTEMPATH\CodeIgniter.php(502): CodeIgniter\CodeIgniter->runController(Object(App\Controllers\Signin))
 7 SYSTEMPATH\CodeIgniter.php(361): CodeIgniter\CodeIgniter->handleRequest(null, Object(Config\Cache), false)
 8 FCPATH\index.php(36): CodeIgniter\CodeIgniter->run()
 9 SYSTEMPATH\Commands\Server\rewrite.php(47): require_once('C:\\xampp\\htdocs\\webspp\\public\\index.php')
INFO - 2025-06-22 05:42:18 --> Session: Class initialized using 'CodeIgniter\Session\Handlers\FileHandler' driver.
WARNING - 2025-06-22 05:42:18 --> [DEPRECATED] Creation of dynamic property CodeIgniter\View\View::$website is deprecated in APPPATH\Views\login\wrapper.php on line 3.
 1 SYSTEMPATH\View\View.php(228): include('C:\\xampp\\htdocs\\webspp\\app\\Views\\login\\wrapper.php')
 2 SYSTEMPATH\View\View.php(231): CodeIgniter\View\View->CodeIgniter\View\{closure}()
 3 SYSTEMPATH\Common.php(1178): CodeIgniter\View\View->render('login/wrapper', [], true)
 4 APPPATH\Controllers\Login.php(34): view('login/wrapper', [...])
 5 SYSTEMPATH\CodeIgniter.php(941): App\Controllers\Login->index()
 6 SYSTEMPATH\CodeIgniter.php(502): CodeIgniter\CodeIgniter->runController(Object(App\Controllers\Login))
 7 SYSTEMPATH\CodeIgniter.php(361): CodeIgniter\CodeIgniter->handleRequest(null, Object(Config\Cache), false)
 8 FCPATH\index.php(36): CodeIgniter\CodeIgniter->run()
 9 ROOTPATH\index.php(7): require_once('C:\\xampp\\htdocs\\webspp\\public\\index.php')
INFO - 2025-06-22 05:42:25 --> Session: Class initialized using 'CodeIgniter\Session\Handlers\FileHandler' driver.
WARNING - 2025-06-22 05:42:25 --> [DEPRECATED] Creation of dynamic property App\Libraries\Simple_login::$session is deprecated in APPPATH\Libraries\Simple_login.php on line 15.
 1 APPPATH\Controllers\Login.php(22): App\Libraries\Simple_login->login('nabilah', 'nabilah', '')
 2 SYSTEMPATH\CodeIgniter.php(941): App\Controllers\Login->index()
 3 SYSTEMPATH\CodeIgniter.php(502): CodeIgniter\CodeIgniter->runController(Object(App\Controllers\Login))
 4 SYSTEMPATH\CodeIgniter.php(361): CodeIgniter\CodeIgniter->handleRequest(null, Object(Config\Cache), false)
 5 FCPATH\index.php(36): CodeIgniter\CodeIgniter->run()
 6 ROOTPATH\index.php(7): require_once('C:\\xampp\\htdocs\\webspp\\public\\index.php')
DEBUG - 2025-06-22 05:42:25 --> Akses level: admin
INFO - 2025-06-22 05:42:25 --> Session: Class initialized using 'CodeIgniter\Session\Handlers\FileHandler' driver.
WARNING - 2025-06-22 05:42:25 --> [DEPRECATED] Creation of dynamic property CodeIgniter\View\View::$simple_login is deprecated in APPPATH\Views\admin\layout\wrapper.php on line 4.
 1 SYSTEMPATH\View\View.php(228): include('C:\\xampp\\htdocs\\webspp\\app\\Views\\admin\\layout\\wrapper.php')
 2 SYSTEMPATH\View\View.php(231): CodeIgniter\View\View->CodeIgniter\View\{closure}()
 3 SYSTEMPATH\Common.php(1178): CodeIgniter\View\View->render('admin/layout/wrapper', [], true)
 4 APPPATH\Controllers\Admin\Dasbor.php(14): view('admin/layout/wrapper', [...])
 5 SYSTEMPATH\CodeIgniter.php(941): App\Controllers\Admin\Dasbor->index()
 6 SYSTEMPATH\CodeIgniter.php(502): CodeIgniter\CodeIgniter->runController(Object(App\Controllers\Admin\Dasbor))
 7 SYSTEMPATH\CodeIgniter.php(361): CodeIgniter\CodeIgniter->handleRequest(null, Object(Config\Cache), false)
 8 FCPATH\index.php(36): CodeIgniter\CodeIgniter->run()
 9 ROOTPATH\index.php(7): require_once('C:\\xampp\\htdocs\\webspp\\public\\index.php')
WARNING - 2025-06-22 05:42:25 --> [DEPRECATED] Creation of dynamic property CodeIgniter\View\View::$website is deprecated in APPPATH\Views\admin\layout\wrapper.php on line 5.
 1 SYSTEMPATH\View\View.php(228): include('C:\\xampp\\htdocs\\webspp\\app\\Views\\admin\\layout\\wrapper.php')
 2 SYSTEMPATH\View\View.php(231): CodeIgniter\View\View->CodeIgniter\View\{closure}()
 3 SYSTEMPATH\Common.php(1178): CodeIgniter\View\View->render('admin/layout/wrapper', [], true)
 4 APPPATH\Controllers\Admin\Dasbor.php(14): view('admin/layout/wrapper', [...])
 5 SYSTEMPATH\CodeIgniter.php(941): App\Controllers\Admin\Dasbor->index()
 6 SYSTEMPATH\CodeIgniter.php(502): CodeIgniter\CodeIgniter->runController(Object(App\Controllers\Admin\Dasbor))
 7 SYSTEMPATH\CodeIgniter.php(361): CodeIgniter\CodeIgniter->handleRequest(null, Object(Config\Cache), false)
 8 FCPATH\index.php(36): CodeIgniter\CodeIgniter->run()
 9 ROOTPATH\index.php(7): require_once('C:\\xampp\\htdocs\\webspp\\public\\index.php')
WARNING - 2025-06-22 05:42:25 --> [DEPRECATED] Creation of dynamic property CodeIgniter\View\View::$session is deprecated in APPPATH\Views\admin\layout\wrapper.php on line 6.
 1 SYSTEMPATH\View\View.php(228): include('C:\\xampp\\htdocs\\webspp\\app\\Views\\admin\\layout\\wrapper.php')
 2 SYSTEMPATH\View\View.php(231): CodeIgniter\View\View->CodeIgniter\View\{closure}()
 3 SYSTEMPATH\Common.php(1178): CodeIgniter\View\View->render('admin/layout/wrapper', [], true)
 4 APPPATH\Controllers\Admin\Dasbor.php(14): view('admin/layout/wrapper', [...])
 5 SYSTEMPATH\CodeIgniter.php(941): App\Controllers\Admin\Dasbor->index()
 6 SYSTEMPATH\CodeIgniter.php(502): CodeIgniter\CodeIgniter->runController(Object(App\Controllers\Admin\Dasbor))
 7 SYSTEMPATH\CodeIgniter.php(361): CodeIgniter\CodeIgniter->handleRequest(null, Object(Config\Cache), false)
 8 FCPATH\index.php(36): CodeIgniter\CodeIgniter->run()
 9 ROOTPATH\index.php(7): require_once('C:\\xampp\\htdocs\\webspp\\public\\index.php')
WARNING - 2025-06-22 05:42:25 --> [DEPRECATED] Creation of dynamic property App\Libraries\Simple_login::$session is deprecated in APPPATH\Libraries\Simple_login.php on line 130.
 1 APPPATH\Views\admin\layout\wrapper.php(8): App\Libraries\Simple_login->checklogin()
 2 SYSTEMPATH\View\View.php(228): include('C:\\xampp\\htdocs\\webspp\\app\\Views\\admin\\layout\\wrapper.php')
 3 SYSTEMPATH\View\View.php(231): CodeIgniter\View\View->CodeIgniter\View\{closure}()
 4 SYSTEMPATH\Common.php(1178): CodeIgniter\View\View->render('admin/layout/wrapper', [], true)
 5 APPPATH\Controllers\Admin\Dasbor.php(14): view('admin/layout/wrapper', [...])
 6 SYSTEMPATH\CodeIgniter.php(941): App\Controllers\Admin\Dasbor->index()
 7 SYSTEMPATH\CodeIgniter.php(502): CodeIgniter\CodeIgniter->runController(Object(App\Controllers\Admin\Dasbor))
 8 SYSTEMPATH\CodeIgniter.php(361): CodeIgniter\CodeIgniter->handleRequest(null, Object(Config\Cache), false)
 9 FCPATH\index.php(36): CodeIgniter\CodeIgniter->run()
10 ROOTPATH\index.php(7): require_once('C:\\xampp\\htdocs\\webspp\\public\\index.php')
INFO - 2025-06-22 05:42:28 --> Session: Class initialized using 'CodeIgniter\Session\Handlers\FileHandler' driver.
WARNING - 2025-06-22 05:42:28 --> [DEPRECATED] Creation of dynamic property CodeIgniter\View\View::$simple_login is deprecated in APPPATH\Views\admin\layout\wrapper.php on line 4.
 1 SYSTEMPATH\View\View.php(228): include('C:\\xampp\\htdocs\\webspp\\app\\Views\\admin\\layout\\wrapper.php')
 2 SYSTEMPATH\View\View.php(231): CodeIgniter\View\View->CodeIgniter\View\{closure}()
 3 SYSTEMPATH\Common.php(1178): CodeIgniter\View\View->render('admin/layout/wrapper', [], true)
 4 APPPATH\Controllers\Admin\Siswa.php(53): view('admin/layout/wrapper', [...])
 5 SYSTEMPATH\CodeIgniter.php(941): App\Controllers\Admin\Siswa->index()
 6 SYSTEMPATH\CodeIgniter.php(502): CodeIgniter\CodeIgniter->runController(Object(App\Controllers\Admin\Siswa))
 7 SYSTEMPATH\CodeIgniter.php(361): CodeIgniter\CodeIgniter->handleRequest(null, Object(Config\Cache), false)
 8 FCPATH\index.php(36): CodeIgniter\CodeIgniter->run()
 9 ROOTPATH\index.php(7): require_once('C:\\xampp\\htdocs\\webspp\\public\\index.php')
WARNING - 2025-06-22 05:42:28 --> [DEPRECATED] Creation of dynamic property CodeIgniter\View\View::$website is deprecated in APPPATH\Views\admin\layout\wrapper.php on line 5.
 1 SYSTEMPATH\View\View.php(228): include('C:\\xampp\\htdocs\\webspp\\app\\Views\\admin\\layout\\wrapper.php')
 2 SYSTEMPATH\View\View.php(231): CodeIgniter\View\View->CodeIgniter\View\{closure}()
 3 SYSTEMPATH\Common.php(1178): CodeIgniter\View\View->render('admin/layout/wrapper', [], true)
 4 APPPATH\Controllers\Admin\Siswa.php(53): view('admin/layout/wrapper', [...])
 5 SYSTEMPATH\CodeIgniter.php(941): App\Controllers\Admin\Siswa->index()
 6 SYSTEMPATH\CodeIgniter.php(502): CodeIgniter\CodeIgniter->runController(Object(App\Controllers\Admin\Siswa))
 7 SYSTEMPATH\CodeIgniter.php(361): CodeIgniter\CodeIgniter->handleRequest(null, Object(Config\Cache), false)
 8 FCPATH\index.php(36): CodeIgniter\CodeIgniter->run()
 9 ROOTPATH\index.php(7): require_once('C:\\xampp\\htdocs\\webspp\\public\\index.php')
WARNING - 2025-06-22 05:42:28 --> [DEPRECATED] Creation of dynamic property CodeIgniter\View\View::$session is deprecated in APPPATH\Views\admin\layout\wrapper.php on line 6.
 1 SYSTEMPATH\View\View.php(228): include('C:\\xampp\\htdocs\\webspp\\app\\Views\\admin\\layout\\wrapper.php')
 2 SYSTEMPATH\View\View.php(231): CodeIgniter\View\View->CodeIgniter\View\{closure}()
 3 SYSTEMPATH\Common.php(1178): CodeIgniter\View\View->render('admin/layout/wrapper', [], true)
 4 APPPATH\Controllers\Admin\Siswa.php(53): view('admin/layout/wrapper', [...])
 5 SYSTEMPATH\CodeIgniter.php(941): App\Controllers\Admin\Siswa->index()
 6 SYSTEMPATH\CodeIgniter.php(502): CodeIgniter\CodeIgniter->runController(Object(App\Controllers\Admin\Siswa))
 7 SYSTEMPATH\CodeIgniter.php(361): CodeIgniter\CodeIgniter->handleRequest(null, Object(Config\Cache), false)
 8 FCPATH\index.php(36): CodeIgniter\CodeIgniter->run()
 9 ROOTPATH\index.php(7): require_once('C:\\xampp\\htdocs\\webspp\\public\\index.php')
WARNING - 2025-06-22 05:42:28 --> [DEPRECATED] Creation of dynamic property App\Libraries\Simple_login::$session is deprecated in APPPATH\Libraries\Simple_login.php on line 130.
 1 APPPATH\Views\admin\layout\wrapper.php(8): App\Libraries\Simple_login->checklogin()
 2 SYSTEMPATH\View\View.php(228): include('C:\\xampp\\htdocs\\webspp\\app\\Views\\admin\\layout\\wrapper.php')
 3 SYSTEMPATH\View\View.php(231): CodeIgniter\View\View->CodeIgniter\View\{closure}()
 4 SYSTEMPATH\Common.php(1178): CodeIgniter\View\View->render('admin/layout/wrapper', [], true)
 5 APPPATH\Controllers\Admin\Siswa.php(53): view('admin/layout/wrapper', [...])
 6 SYSTEMPATH\CodeIgniter.php(941): App\Controllers\Admin\Siswa->index()
 7 SYSTEMPATH\CodeIgniter.php(502): CodeIgniter\CodeIgniter->runController(Object(App\Controllers\Admin\Siswa))
 8 SYSTEMPATH\CodeIgniter.php(361): CodeIgniter\CodeIgniter->handleRequest(null, Object(Config\Cache), false)
 9 FCPATH\index.php(36): CodeIgniter\CodeIgniter->run()
10 ROOTPATH\index.php(7): require_once('C:\\xampp\\htdocs\\webspp\\public\\index.php')
INFO - 2025-06-22 05:42:29 --> Session: Class initialized using 'CodeIgniter\Session\Handlers\FileHandler' driver.
WARNING - 2025-06-22 05:42:29 --> [DEPRECATED] Creation of dynamic property CodeIgniter\View\View::$simple_login is deprecated in APPPATH\Views\admin\layout\wrapper.php on line 4.
 1 SYSTEMPATH\View\View.php(228): include('C:\\xampp\\htdocs\\webspp\\app\\Views\\admin\\layout\\wrapper.php')
 2 SYSTEMPATH\View\View.php(231): CodeIgniter\View\View->CodeIgniter\View\{closure}()
 3 SYSTEMPATH\Common.php(1178): CodeIgniter\View\View->render('admin/layout/wrapper', [], true)
 4 APPPATH\Controllers\Admin\Siswa.php(178): view('admin/layout/wrapper', [...])
 5 SYSTEMPATH\CodeIgniter.php(941): App\Controllers\Admin\Siswa->edit('14')
 6 SYSTEMPATH\CodeIgniter.php(502): CodeIgniter\CodeIgniter->runController(Object(App\Controllers\Admin\Siswa))
 7 SYSTEMPATH\CodeIgniter.php(361): CodeIgniter\CodeIgniter->handleRequest(null, Object(Config\Cache), false)
 8 FCPATH\index.php(36): CodeIgniter\CodeIgniter->run()
 9 ROOTPATH\index.php(7): require_once('C:\\xampp\\htdocs\\webspp\\public\\index.php')
WARNING - 2025-06-22 05:42:29 --> [DEPRECATED] Creation of dynamic property CodeIgniter\View\View::$website is deprecated in APPPATH\Views\admin\layout\wrapper.php on line 5.
 1 SYSTEMPATH\View\View.php(228): include('C:\\xampp\\htdocs\\webspp\\app\\Views\\admin\\layout\\wrapper.php')
 2 SYSTEMPATH\View\View.php(231): CodeIgniter\View\View->CodeIgniter\View\{closure}()
 3 SYSTEMPATH\Common.php(1178): CodeIgniter\View\View->render('admin/layout/wrapper', [], true)
 4 APPPATH\Controllers\Admin\Siswa.php(178): view('admin/layout/wrapper', [...])
 5 SYSTEMPATH\CodeIgniter.php(941): App\Controllers\Admin\Siswa->edit('14')
 6 SYSTEMPATH\CodeIgniter.php(502): CodeIgniter\CodeIgniter->runController(Object(App\Controllers\Admin\Siswa))
 7 SYSTEMPATH\CodeIgniter.php(361): CodeIgniter\CodeIgniter->handleRequest(null, Object(Config\Cache), false)
 8 FCPATH\index.php(36): CodeIgniter\CodeIgniter->run()
 9 ROOTPATH\index.php(7): require_once('C:\\xampp\\htdocs\\webspp\\public\\index.php')
WARNING - 2025-06-22 05:42:29 --> [DEPRECATED] Creation of dynamic property CodeIgniter\View\View::$session is deprecated in APPPATH\Views\admin\layout\wrapper.php on line 6.
 1 SYSTEMPATH\View\View.php(228): include('C:\\xampp\\htdocs\\webspp\\app\\Views\\admin\\layout\\wrapper.php')
 2 SYSTEMPATH\View\View.php(231): CodeIgniter\View\View->CodeIgniter\View\{closure}()
 3 SYSTEMPATH\Common.php(1178): CodeIgniter\View\View->render('admin/layout/wrapper', [], true)
 4 APPPATH\Controllers\Admin\Siswa.php(178): view('admin/layout/wrapper', [...])
 5 SYSTEMPATH\CodeIgniter.php(941): App\Controllers\Admin\Siswa->edit('14')
 6 SYSTEMPATH\CodeIgniter.php(502): CodeIgniter\CodeIgniter->runController(Object(App\Controllers\Admin\Siswa))
 7 SYSTEMPATH\CodeIgniter.php(361): CodeIgniter\CodeIgniter->handleRequest(null, Object(Config\Cache), false)
 8 FCPATH\index.php(36): CodeIgniter\CodeIgniter->run()
 9 ROOTPATH\index.php(7): require_once('C:\\xampp\\htdocs\\webspp\\public\\index.php')
WARNING - 2025-06-22 05:42:29 --> [DEPRECATED] Creation of dynamic property App\Libraries\Simple_login::$session is deprecated in APPPATH\Libraries\Simple_login.php on line 130.
 1 APPPATH\Views\admin\layout\wrapper.php(8): App\Libraries\Simple_login->checklogin()
 2 SYSTEMPATH\View\View.php(228): include('C:\\xampp\\htdocs\\webspp\\app\\Views\\admin\\layout\\wrapper.php')
 3 SYSTEMPATH\View\View.php(231): CodeIgniter\View\View->CodeIgniter\View\{closure}()
 4 SYSTEMPATH\Common.php(1178): CodeIgniter\View\View->render('admin/layout/wrapper', [], true)
 5 APPPATH\Controllers\Admin\Siswa.php(178): view('admin/layout/wrapper', [...])
 6 SYSTEMPATH\CodeIgniter.php(941): App\Controllers\Admin\Siswa->edit('14')
 7 SYSTEMPATH\CodeIgniter.php(502): CodeIgniter\CodeIgniter->runController(Object(App\Controllers\Admin\Siswa))
 8 SYSTEMPATH\CodeIgniter.php(361): CodeIgniter\CodeIgniter->handleRequest(null, Object(Config\Cache), false)
 9 FCPATH\index.php(36): CodeIgniter\CodeIgniter->run()
10 ROOTPATH\index.php(7): require_once('C:\\xampp\\htdocs\\webspp\\public\\index.php')
INFO - 2025-06-22 05:42:34 --> Session: Class initialized using 'CodeIgniter\Session\Handlers\FileHandler' driver.
WARNING - 2025-06-22 05:42:34 --> [DEPRECATED] Creation of dynamic property CodeIgniter\View\View::$simple_login is deprecated in APPPATH\Views\admin\layout\wrapper.php on line 4.
 1 SYSTEMPATH\View\View.php(228): include('C:\\xampp\\htdocs\\webspp\\app\\Views\\admin\\layout\\wrapper.php')
 2 SYSTEMPATH\View\View.php(231): CodeIgniter\View\View->CodeIgniter\View\{closure}()
 3 SYSTEMPATH\Common.php(1178): CodeIgniter\View\View->render('admin/layout/wrapper', [], true)
 4 APPPATH\Controllers\Admin\Siswa.php(53): view('admin/layout/wrapper', [...])
 5 SYSTEMPATH\CodeIgniter.php(941): App\Controllers\Admin\Siswa->index()
 6 SYSTEMPATH\CodeIgniter.php(502): CodeIgniter\CodeIgniter->runController(Object(App\Controllers\Admin\Siswa))
 7 SYSTEMPATH\CodeIgniter.php(361): CodeIgniter\CodeIgniter->handleRequest(null, Object(Config\Cache), false)
 8 FCPATH\index.php(36): CodeIgniter\CodeIgniter->run()
 9 ROOTPATH\index.php(7): require_once('C:\\xampp\\htdocs\\webspp\\public\\index.php')
WARNING - 2025-06-22 05:42:34 --> [DEPRECATED] Creation of dynamic property CodeIgniter\View\View::$website is deprecated in APPPATH\Views\admin\layout\wrapper.php on line 5.
 1 SYSTEMPATH\View\View.php(228): include('C:\\xampp\\htdocs\\webspp\\app\\Views\\admin\\layout\\wrapper.php')
 2 SYSTEMPATH\View\View.php(231): CodeIgniter\View\View->CodeIgniter\View\{closure}()
 3 SYSTEMPATH\Common.php(1178): CodeIgniter\View\View->render('admin/layout/wrapper', [], true)
 4 APPPATH\Controllers\Admin\Siswa.php(53): view('admin/layout/wrapper', [...])
 5 SYSTEMPATH\CodeIgniter.php(941): App\Controllers\Admin\Siswa->index()
 6 SYSTEMPATH\CodeIgniter.php(502): CodeIgniter\CodeIgniter->runController(Object(App\Controllers\Admin\Siswa))
 7 SYSTEMPATH\CodeIgniter.php(361): CodeIgniter\CodeIgniter->handleRequest(null, Object(Config\Cache), false)
 8 FCPATH\index.php(36): CodeIgniter\CodeIgniter->run()
 9 ROOTPATH\index.php(7): require_once('C:\\xampp\\htdocs\\webspp\\public\\index.php')
WARNING - 2025-06-22 05:42:34 --> [DEPRECATED] Creation of dynamic property CodeIgniter\View\View::$session is deprecated in APPPATH\Views\admin\layout\wrapper.php on line 6.
 1 SYSTEMPATH\View\View.php(228): include('C:\\xampp\\htdocs\\webspp\\app\\Views\\admin\\layout\\wrapper.php')
 2 SYSTEMPATH\View\View.php(231): CodeIgniter\View\View->CodeIgniter\View\{closure}()
 3 SYSTEMPATH\Common.php(1178): CodeIgniter\View\View->render('admin/layout/wrapper', [], true)
 4 APPPATH\Controllers\Admin\Siswa.php(53): view('admin/layout/wrapper', [...])
 5 SYSTEMPATH\CodeIgniter.php(941): App\Controllers\Admin\Siswa->index()
 6 SYSTEMPATH\CodeIgniter.php(502): CodeIgniter\CodeIgniter->runController(Object(App\Controllers\Admin\Siswa))
 7 SYSTEMPATH\CodeIgniter.php(361): CodeIgniter\CodeIgniter->handleRequest(null, Object(Config\Cache), false)
 8 FCPATH\index.php(36): CodeIgniter\CodeIgniter->run()
 9 ROOTPATH\index.php(7): require_once('C:\\xampp\\htdocs\\webspp\\public\\index.php')
WARNING - 2025-06-22 05:42:34 --> [DEPRECATED] Creation of dynamic property App\Libraries\Simple_login::$session is deprecated in APPPATH\Libraries\Simple_login.php on line 130.
 1 APPPATH\Views\admin\layout\wrapper.php(8): App\Libraries\Simple_login->checklogin()
 2 SYSTEMPATH\View\View.php(228): include('C:\\xampp\\htdocs\\webspp\\app\\Views\\admin\\layout\\wrapper.php')
 3 SYSTEMPATH\View\View.php(231): CodeIgniter\View\View->CodeIgniter\View\{closure}()
 4 SYSTEMPATH\Common.php(1178): CodeIgniter\View\View->render('admin/layout/wrapper', [], true)
 5 APPPATH\Controllers\Admin\Siswa.php(53): view('admin/layout/wrapper', [...])
 6 SYSTEMPATH\CodeIgniter.php(941): App\Controllers\Admin\Siswa->index()
 7 SYSTEMPATH\CodeIgniter.php(502): CodeIgniter\CodeIgniter->runController(Object(App\Controllers\Admin\Siswa))
 8 SYSTEMPATH\CodeIgniter.php(361): CodeIgniter\CodeIgniter->handleRequest(null, Object(Config\Cache), false)
 9 FCPATH\index.php(36): CodeIgniter\CodeIgniter->run()
10 ROOTPATH\index.php(7): require_once('C:\\xampp\\htdocs\\webspp\\public\\index.php')
INFO - 2025-06-22 05:42:43 --> Session: Class initialized using 'CodeIgniter\Session\Handlers\FileHandler' driver.
INFO - 2025-06-22 05:42:43 --> Session: Class initialized using 'CodeIgniter\Session\Handlers\FileHandler' driver.
WARNING - 2025-06-22 05:42:43 --> [DEPRECATED] Creation of dynamic property CodeIgniter\View\View::$simple_login is deprecated in APPPATH\Views\admin\layout\wrapper.php on line 4.
 1 SYSTEMPATH\View\View.php(228): include('C:\\xampp\\htdocs\\webspp\\app\\Views\\admin\\layout\\wrapper.php')
 2 SYSTEMPATH\View\View.php(231): CodeIgniter\View\View->CodeIgniter\View\{closure}()
 3 SYSTEMPATH\Common.php(1178): CodeIgniter\View\View->render('admin/layout/wrapper', [], true)
 4 APPPATH\Controllers\Admin\Siswa.php(53): view('admin/layout/wrapper', [...])
 5 SYSTEMPATH\CodeIgniter.php(941): App\Controllers\Admin\Siswa->index()
 6 SYSTEMPATH\CodeIgniter.php(502): CodeIgniter\CodeIgniter->runController(Object(App\Controllers\Admin\Siswa))
 7 SYSTEMPATH\CodeIgniter.php(361): CodeIgniter\CodeIgniter->handleRequest(null, Object(Config\Cache), false)
 8 FCPATH\index.php(36): CodeIgniter\CodeIgniter->run()
 9 ROOTPATH\index.php(7): require_once('C:\\xampp\\htdocs\\webspp\\public\\index.php')
WARNING - 2025-06-22 05:42:43 --> [DEPRECATED] Creation of dynamic property CodeIgniter\View\View::$website is deprecated in APPPATH\Views\admin\layout\wrapper.php on line 5.
 1 SYSTEMPATH\View\View.php(228): include('C:\\xampp\\htdocs\\webspp\\app\\Views\\admin\\layout\\wrapper.php')
 2 SYSTEMPATH\View\View.php(231): CodeIgniter\View\View->CodeIgniter\View\{closure}()
 3 SYSTEMPATH\Common.php(1178): CodeIgniter\View\View->render('admin/layout/wrapper', [], true)
 4 APPPATH\Controllers\Admin\Siswa.php(53): view('admin/layout/wrapper', [...])
 5 SYSTEMPATH\CodeIgniter.php(941): App\Controllers\Admin\Siswa->index()
 6 SYSTEMPATH\CodeIgniter.php(502): CodeIgniter\CodeIgniter->runController(Object(App\Controllers\Admin\Siswa))
 7 SYSTEMPATH\CodeIgniter.php(361): CodeIgniter\CodeIgniter->handleRequest(null, Object(Config\Cache), false)
 8 FCPATH\index.php(36): CodeIgniter\CodeIgniter->run()
 9 ROOTPATH\index.php(7): require_once('C:\\xampp\\htdocs\\webspp\\public\\index.php')
WARNING - 2025-06-22 05:42:43 --> [DEPRECATED] Creation of dynamic property CodeIgniter\View\View::$session is deprecated in APPPATH\Views\admin\layout\wrapper.php on line 6.
 1 SYSTEMPATH\View\View.php(228): include('C:\\xampp\\htdocs\\webspp\\app\\Views\\admin\\layout\\wrapper.php')
 2 SYSTEMPATH\View\View.php(231): CodeIgniter\View\View->CodeIgniter\View\{closure}()
 3 SYSTEMPATH\Common.php(1178): CodeIgniter\View\View->render('admin/layout/wrapper', [], true)
 4 APPPATH\Controllers\Admin\Siswa.php(53): view('admin/layout/wrapper', [...])
 5 SYSTEMPATH\CodeIgniter.php(941): App\Controllers\Admin\Siswa->index()
 6 SYSTEMPATH\CodeIgniter.php(502): CodeIgniter\CodeIgniter->runController(Object(App\Controllers\Admin\Siswa))
 7 SYSTEMPATH\CodeIgniter.php(361): CodeIgniter\CodeIgniter->handleRequest(null, Object(Config\Cache), false)
 8 FCPATH\index.php(36): CodeIgniter\CodeIgniter->run()
 9 ROOTPATH\index.php(7): require_once('C:\\xampp\\htdocs\\webspp\\public\\index.php')
WARNING - 2025-06-22 05:42:43 --> [DEPRECATED] Creation of dynamic property App\Libraries\Simple_login::$session is deprecated in APPPATH\Libraries\Simple_login.php on line 130.
 1 APPPATH\Views\admin\layout\wrapper.php(8): App\Libraries\Simple_login->checklogin()
 2 SYSTEMPATH\View\View.php(228): include('C:\\xampp\\htdocs\\webspp\\app\\Views\\admin\\layout\\wrapper.php')
 3 SYSTEMPATH\View\View.php(231): CodeIgniter\View\View->CodeIgniter\View\{closure}()
 4 SYSTEMPATH\Common.php(1178): CodeIgniter\View\View->render('admin/layout/wrapper', [], true)
 5 APPPATH\Controllers\Admin\Siswa.php(53): view('admin/layout/wrapper', [...])
 6 SYSTEMPATH\CodeIgniter.php(941): App\Controllers\Admin\Siswa->index()
 7 SYSTEMPATH\CodeIgniter.php(502): CodeIgniter\CodeIgniter->runController(Object(App\Controllers\Admin\Siswa))
 8 SYSTEMPATH\CodeIgniter.php(361): CodeIgniter\CodeIgniter->handleRequest(null, Object(Config\Cache), false)
 9 FCPATH\index.php(36): CodeIgniter\CodeIgniter->run()
10 ROOTPATH\index.php(7): require_once('C:\\xampp\\htdocs\\webspp\\public\\index.php')
INFO - 2025-06-22 05:42:43 --> Session: Class initialized using 'CodeIgniter\Session\Handlers\FileHandler' driver.
INFO - 2025-06-22 05:42:43 --> Session: Class initialized using 'CodeIgniter\Session\Handlers\FileHandler' driver.
WARNING - 2025-06-22 05:42:43 --> [DEPRECATED] Creation of dynamic property CodeIgniter\View\View::$simple_login is deprecated in APPPATH\Views\admin\layout\wrapper.php on line 4.
 1 SYSTEMPATH\View\View.php(228): include('C:\\xampp\\htdocs\\webspp\\app\\Views\\admin\\layout\\wrapper.php')
 2 SYSTEMPATH\View\View.php(231): CodeIgniter\View\View->CodeIgniter\View\{closure}()
 3 SYSTEMPATH\Common.php(1178): CodeIgniter\View\View->render('admin/layout/wrapper', [], true)
 4 APPPATH\Controllers\Admin\Siswa.php(53): view('admin/layout/wrapper', [...])
 5 SYSTEMPATH\CodeIgniter.php(941): App\Controllers\Admin\Siswa->index()
 6 SYSTEMPATH\CodeIgniter.php(502): CodeIgniter\CodeIgniter->runController(Object(App\Controllers\Admin\Siswa))
 7 SYSTEMPATH\CodeIgniter.php(361): CodeIgniter\CodeIgniter->handleRequest(null, Object(Config\Cache), false)
 8 FCPATH\index.php(36): CodeIgniter\CodeIgniter->run()
 9 ROOTPATH\index.php(7): require_once('C:\\xampp\\htdocs\\webspp\\public\\index.php')
WARNING - 2025-06-22 05:42:43 --> [DEPRECATED] Creation of dynamic property CodeIgniter\View\View::$website is deprecated in APPPATH\Views\admin\layout\wrapper.php on line 5.
 1 SYSTEMPATH\View\View.php(228): include('C:\\xampp\\htdocs\\webspp\\app\\Views\\admin\\layout\\wrapper.php')
 2 SYSTEMPATH\View\View.php(231): CodeIgniter\View\View->CodeIgniter\View\{closure}()
 3 SYSTEMPATH\Common.php(1178): CodeIgniter\View\View->render('admin/layout/wrapper', [], true)
 4 APPPATH\Controllers\Admin\Siswa.php(53): view('admin/layout/wrapper', [...])
 5 SYSTEMPATH\CodeIgniter.php(941): App\Controllers\Admin\Siswa->index()
 6 SYSTEMPATH\CodeIgniter.php(502): CodeIgniter\CodeIgniter->runController(Object(App\Controllers\Admin\Siswa))
 7 SYSTEMPATH\CodeIgniter.php(361): CodeIgniter\CodeIgniter->handleRequest(null, Object(Config\Cache), false)
 8 FCPATH\index.php(36): CodeIgniter\CodeIgniter->run()
 9 ROOTPATH\index.php(7): require_once('C:\\xampp\\htdocs\\webspp\\public\\index.php')
WARNING - 2025-06-22 05:42:43 --> [DEPRECATED] Creation of dynamic property CodeIgniter\View\View::$session is deprecated in APPPATH\Views\admin\layout\wrapper.php on line 6.
 1 SYSTEMPATH\View\View.php(228): include('C:\\xampp\\htdocs\\webspp\\app\\Views\\admin\\layout\\wrapper.php')
 2 SYSTEMPATH\View\View.php(231): CodeIgniter\View\View->CodeIgniter\View\{closure}()
 3 SYSTEMPATH\Common.php(1178): CodeIgniter\View\View->render('admin/layout/wrapper', [], true)
 4 APPPATH\Controllers\Admin\Siswa.php(53): view('admin/layout/wrapper', [...])
 5 SYSTEMPATH\CodeIgniter.php(941): App\Controllers\Admin\Siswa->index()
 6 SYSTEMPATH\CodeIgniter.php(502): CodeIgniter\CodeIgniter->runController(Object(App\Controllers\Admin\Siswa))
 7 SYSTEMPATH\CodeIgniter.php(361): CodeIgniter\CodeIgniter->handleRequest(null, Object(Config\Cache), false)
 8 FCPATH\index.php(36): CodeIgniter\CodeIgniter->run()
 9 ROOTPATH\index.php(7): require_once('C:\\xampp\\htdocs\\webspp\\public\\index.php')
WARNING - 2025-06-22 05:42:43 --> [DEPRECATED] Creation of dynamic property App\Libraries\Simple_login::$session is deprecated in APPPATH\Libraries\Simple_login.php on line 130.
 1 APPPATH\Views\admin\layout\wrapper.php(8): App\Libraries\Simple_login->checklogin()
 2 SYSTEMPATH\View\View.php(228): include('C:\\xampp\\htdocs\\webspp\\app\\Views\\admin\\layout\\wrapper.php')
 3 SYSTEMPATH\View\View.php(231): CodeIgniter\View\View->CodeIgniter\View\{closure}()
 4 SYSTEMPATH\Common.php(1178): CodeIgniter\View\View->render('admin/layout/wrapper', [], true)
 5 APPPATH\Controllers\Admin\Siswa.php(53): view('admin/layout/wrapper', [...])
 6 SYSTEMPATH\CodeIgniter.php(941): App\Controllers\Admin\Siswa->index()
 7 SYSTEMPATH\CodeIgniter.php(502): CodeIgniter\CodeIgniter->runController(Object(App\Controllers\Admin\Siswa))
 8 SYSTEMPATH\CodeIgniter.php(361): CodeIgniter\CodeIgniter->handleRequest(null, Object(Config\Cache), false)
 9 FCPATH\index.php(36): CodeIgniter\CodeIgniter->run()
10 ROOTPATH\index.php(7): require_once('C:\\xampp\\htdocs\\webspp\\public\\index.php')
INFO - 2025-06-22 05:42:58 --> Session: Class initialized using 'CodeIgniter\Session\Handlers\FileHandler' driver.
INFO - 2025-06-22 05:43:26 --> Session: Class initialized using 'CodeIgniter\Session\Handlers\FileHandler' driver.
INFO - 2025-06-22 05:43:52 --> Session: Class initialized using 'CodeIgniter\Session\Handlers\FileHandler' driver.
INFO - 2025-06-22 05:45:24 --> Session: Class initialized using 'CodeIgniter\Session\Handlers\FileHandler' driver.
WARNING - 2025-06-22 05:45:24 --> [DEPRECATED] Creation of dynamic property CodeIgniter\View\View::$simple_login is deprecated in APPPATH\Views\admin\layout\wrapper.php on line 4.
 1 SYSTEMPATH\View\View.php(228): include('C:\\xampp\\htdocs\\webspp\\app\\Views\\admin\\layout\\wrapper.php')
 2 SYSTEMPATH\View\View.php(231): CodeIgniter\View\View->CodeIgniter\View\{closure}()
 3 SYSTEMPATH\Common.php(1178): CodeIgniter\View\View->render('admin/layout/wrapper', [], true)
 4 APPPATH\Controllers\Admin\Siswa.php(107): view('admin/layout/wrapper', [...])
 5 SYSTEMPATH\CodeIgniter.php(941): App\Controllers\Admin\Siswa->tambah()
 6 SYSTEMPATH\CodeIgniter.php(502): CodeIgniter\CodeIgniter->runController(Object(App\Controllers\Admin\Siswa))
 7 SYSTEMPATH\CodeIgniter.php(361): CodeIgniter\CodeIgniter->handleRequest(null, Object(Config\Cache), false)
 8 FCPATH\index.php(36): CodeIgniter\CodeIgniter->run()
 9 ROOTPATH\index.php(7): require_once('C:\\xampp\\htdocs\\webspp\\public\\index.php')
WARNING - 2025-06-22 05:45:24 --> [DEPRECATED] Creation of dynamic property CodeIgniter\View\View::$website is deprecated in APPPATH\Views\admin\layout\wrapper.php on line 5.
 1 SYSTEMPATH\View\View.php(228): include('C:\\xampp\\htdocs\\webspp\\app\\Views\\admin\\layout\\wrapper.php')
 2 SYSTEMPATH\View\View.php(231): CodeIgniter\View\View->CodeIgniter\View\{closure}()
 3 SYSTEMPATH\Common.php(1178): CodeIgniter\View\View->render('admin/layout/wrapper', [], true)
 4 APPPATH\Controllers\Admin\Siswa.php(107): view('admin/layout/wrapper', [...])
 5 SYSTEMPATH\CodeIgniter.php(941): App\Controllers\Admin\Siswa->tambah()
 6 SYSTEMPATH\CodeIgniter.php(502): CodeIgniter\CodeIgniter->runController(Object(App\Controllers\Admin\Siswa))
 7 SYSTEMPATH\CodeIgniter.php(361): CodeIgniter\CodeIgniter->handleRequest(null, Object(Config\Cache), false)
 8 FCPATH\index.php(36): CodeIgniter\CodeIgniter->run()
 9 ROOTPATH\index.php(7): require_once('C:\\xampp\\htdocs\\webspp\\public\\index.php')
WARNING - 2025-06-22 05:45:24 --> [DEPRECATED] Creation of dynamic property CodeIgniter\View\View::$session is deprecated in APPPATH\Views\admin\layout\wrapper.php on line 6.
 1 SYSTEMPATH\View\View.php(228): include('C:\\xampp\\htdocs\\webspp\\app\\Views\\admin\\layout\\wrapper.php')
 2 SYSTEMPATH\View\View.php(231): CodeIgniter\View\View->CodeIgniter\View\{closure}()
 3 SYSTEMPATH\Common.php(1178): CodeIgniter\View\View->render('admin/layout/wrapper', [], true)
 4 APPPATH\Controllers\Admin\Siswa.php(107): view('admin/layout/wrapper', [...])
 5 SYSTEMPATH\CodeIgniter.php(941): App\Controllers\Admin\Siswa->tambah()
 6 SYSTEMPATH\CodeIgniter.php(502): CodeIgniter\CodeIgniter->runController(Object(App\Controllers\Admin\Siswa))
 7 SYSTEMPATH\CodeIgniter.php(361): CodeIgniter\CodeIgniter->handleRequest(null, Object(Config\Cache), false)
 8 FCPATH\index.php(36): CodeIgniter\CodeIgniter->run()
 9 ROOTPATH\index.php(7): require_once('C:\\xampp\\htdocs\\webspp\\public\\index.php')
WARNING - 2025-06-22 05:45:24 --> [DEPRECATED] Creation of dynamic property App\Libraries\Simple_login::$session is deprecated in APPPATH\Libraries\Simple_login.php on line 130.
 1 APPPATH\Views\admin\layout\wrapper.php(8): App\Libraries\Simple_login->checklogin()
 2 SYSTEMPATH\View\View.php(228): include('C:\\xampp\\htdocs\\webspp\\app\\Views\\admin\\layout\\wrapper.php')
 3 SYSTEMPATH\View\View.php(231): CodeIgniter\View\View->CodeIgniter\View\{closure}()
 4 SYSTEMPATH\Common.php(1178): CodeIgniter\View\View->render('admin/layout/wrapper', [], true)
 5 APPPATH\Controllers\Admin\Siswa.php(107): view('admin/layout/wrapper', [...])
 6 SYSTEMPATH\CodeIgniter.php(941): App\Controllers\Admin\Siswa->tambah()
 7 SYSTEMPATH\CodeIgniter.php(502): CodeIgniter\CodeIgniter->runController(Object(App\Controllers\Admin\Siswa))
 8 SYSTEMPATH\CodeIgniter.php(361): CodeIgniter\CodeIgniter->handleRequest(null, Object(Config\Cache), false)
 9 FCPATH\index.php(36): CodeIgniter\CodeIgniter->run()
10 ROOTPATH\index.php(7): require_once('C:\\xampp\\htdocs\\webspp\\public\\index.php')
INFO - 2025-06-22 05:45:32 --> Session: Class initialized using 'CodeIgniter\Session\Handlers\FileHandler' driver.
WARNING - 2025-06-22 05:45:32 --> [DEPRECATED] Creation of dynamic property CodeIgniter\View\View::$simple_login is deprecated in APPPATH\Views\admin\layout\wrapper.php on line 4.
 1 SYSTEMPATH\View\View.php(228): include('C:\\xampp\\htdocs\\webspp\\app\\Views\\admin\\layout\\wrapper.php')
 2 SYSTEMPATH\View\View.php(231): CodeIgniter\View\View->CodeIgniter\View\{closure}()
 3 SYSTEMPATH\Common.php(1178): CodeIgniter\View\View->render('admin/layout/wrapper', [], true)
 4 APPPATH\Controllers\Admin\Siswa.php(53): view('admin/layout/wrapper', [...])
 5 SYSTEMPATH\CodeIgniter.php(941): App\Controllers\Admin\Siswa->index()
 6 SYSTEMPATH\CodeIgniter.php(502): CodeIgniter\CodeIgniter->runController(Object(App\Controllers\Admin\Siswa))
 7 SYSTEMPATH\CodeIgniter.php(361): CodeIgniter\CodeIgniter->handleRequest(null, Object(Config\Cache), false)
 8 FCPATH\index.php(36): CodeIgniter\CodeIgniter->run()
 9 ROOTPATH\index.php(7): require_once('C:\\xampp\\htdocs\\webspp\\public\\index.php')
WARNING - 2025-06-22 05:45:32 --> [DEPRECATED] Creation of dynamic property CodeIgniter\View\View::$website is deprecated in APPPATH\Views\admin\layout\wrapper.php on line 5.
 1 SYSTEMPATH\View\View.php(228): include('C:\\xampp\\htdocs\\webspp\\app\\Views\\admin\\layout\\wrapper.php')
 2 SYSTEMPATH\View\View.php(231): CodeIgniter\View\View->CodeIgniter\View\{closure}()
 3 SYSTEMPATH\Common.php(1178): CodeIgniter\View\View->render('admin/layout/wrapper', [], true)
 4 APPPATH\Controllers\Admin\Siswa.php(53): view('admin/layout/wrapper', [...])
 5 SYSTEMPATH\CodeIgniter.php(941): App\Controllers\Admin\Siswa->index()
 6 SYSTEMPATH\CodeIgniter.php(502): CodeIgniter\CodeIgniter->runController(Object(App\Controllers\Admin\Siswa))
 7 SYSTEMPATH\CodeIgniter.php(361): CodeIgniter\CodeIgniter->handleRequest(null, Object(Config\Cache), false)
 8 FCPATH\index.php(36): CodeIgniter\CodeIgniter->run()
 9 ROOTPATH\index.php(7): require_once('C:\\xampp\\htdocs\\webspp\\public\\index.php')
WARNING - 2025-06-22 05:45:32 --> [DEPRECATED] Creation of dynamic property CodeIgniter\View\View::$session is deprecated in APPPATH\Views\admin\layout\wrapper.php on line 6.
 1 SYSTEMPATH\View\View.php(228): include('C:\\xampp\\htdocs\\webspp\\app\\Views\\admin\\layout\\wrapper.php')
 2 SYSTEMPATH\View\View.php(231): CodeIgniter\View\View->CodeIgniter\View\{closure}()
 3 SYSTEMPATH\Common.php(1178): CodeIgniter\View\View->render('admin/layout/wrapper', [], true)
 4 APPPATH\Controllers\Admin\Siswa.php(53): view('admin/layout/wrapper', [...])
 5 SYSTEMPATH\CodeIgniter.php(941): App\Controllers\Admin\Siswa->index()
 6 SYSTEMPATH\CodeIgniter.php(502): CodeIgniter\CodeIgniter->runController(Object(App\Controllers\Admin\Siswa))
 7 SYSTEMPATH\CodeIgniter.php(361): CodeIgniter\CodeIgniter->handleRequest(null, Object(Config\Cache), false)
 8 FCPATH\index.php(36): CodeIgniter\CodeIgniter->run()
 9 ROOTPATH\index.php(7): require_once('C:\\xampp\\htdocs\\webspp\\public\\index.php')
WARNING - 2025-06-22 05:45:32 --> [DEPRECATED] Creation of dynamic property App\Libraries\Simple_login::$session is deprecated in APPPATH\Libraries\Simple_login.php on line 130.
 1 APPPATH\Views\admin\layout\wrapper.php(8): App\Libraries\Simple_login->checklogin()
 2 SYSTEMPATH\View\View.php(228): include('C:\\xampp\\htdocs\\webspp\\app\\Views\\admin\\layout\\wrapper.php')
 3 SYSTEMPATH\View\View.php(231): CodeIgniter\View\View->CodeIgniter\View\{closure}()
 4 SYSTEMPATH\Common.php(1178): CodeIgniter\View\View->render('admin/layout/wrapper', [], true)
 5 APPPATH\Controllers\Admin\Siswa.php(53): view('admin/layout/wrapper', [...])
 6 SYSTEMPATH\CodeIgniter.php(941): App\Controllers\Admin\Siswa->index()
 7 SYSTEMPATH\CodeIgniter.php(502): CodeIgniter\CodeIgniter->runController(Object(App\Controllers\Admin\Siswa))
 8 SYSTEMPATH\CodeIgniter.php(361): CodeIgniter\CodeIgniter->handleRequest(null, Object(Config\Cache), false)
 9 FCPATH\index.php(36): CodeIgniter\CodeIgniter->run()
10 ROOTPATH\index.php(7): require_once('C:\\xampp\\htdocs\\webspp\\public\\index.php')
INFO - 2025-06-22 05:45:34 --> Session: Class initialized using 'CodeIgniter\Session\Handlers\FileHandler' driver.
WARNING - 2025-06-22 05:45:34 --> [DEPRECATED] Creation of dynamic property CodeIgniter\View\View::$simple_login is deprecated in APPPATH\Views\admin\layout\wrapper.php on line 4.
 1 SYSTEMPATH\View\View.php(228): include('C:\\xampp\\htdocs\\webspp\\app\\Views\\admin\\layout\\wrapper.php')
 2 SYSTEMPATH\View\View.php(231): CodeIgniter\View\View->CodeIgniter\View\{closure}()
 3 SYSTEMPATH\Common.php(1178): CodeIgniter\View\View->render('admin/layout/wrapper', [], true)
 4 APPPATH\Controllers\Admin\Siswa.php(178): view('admin/layout/wrapper', [...])
 5 SYSTEMPATH\CodeIgniter.php(941): App\Controllers\Admin\Siswa->edit('13')
 6 SYSTEMPATH\CodeIgniter.php(502): CodeIgniter\CodeIgniter->runController(Object(App\Controllers\Admin\Siswa))
 7 SYSTEMPATH\CodeIgniter.php(361): CodeIgniter\CodeIgniter->handleRequest(null, Object(Config\Cache), false)
 8 FCPATH\index.php(36): CodeIgniter\CodeIgniter->run()
 9 ROOTPATH\index.php(7): require_once('C:\\xampp\\htdocs\\webspp\\public\\index.php')
WARNING - 2025-06-22 05:45:34 --> [DEPRECATED] Creation of dynamic property CodeIgniter\View\View::$website is deprecated in APPPATH\Views\admin\layout\wrapper.php on line 5.
 1 SYSTEMPATH\View\View.php(228): include('C:\\xampp\\htdocs\\webspp\\app\\Views\\admin\\layout\\wrapper.php')
 2 SYSTEMPATH\View\View.php(231): CodeIgniter\View\View->CodeIgniter\View\{closure}()
 3 SYSTEMPATH\Common.php(1178): CodeIgniter\View\View->render('admin/layout/wrapper', [], true)
 4 APPPATH\Controllers\Admin\Siswa.php(178): view('admin/layout/wrapper', [...])
 5 SYSTEMPATH\CodeIgniter.php(941): App\Controllers\Admin\Siswa->edit('13')
 6 SYSTEMPATH\CodeIgniter.php(502): CodeIgniter\CodeIgniter->runController(Object(App\Controllers\Admin\Siswa))
 7 SYSTEMPATH\CodeIgniter.php(361): CodeIgniter\CodeIgniter->handleRequest(null, Object(Config\Cache), false)
 8 FCPATH\index.php(36): CodeIgniter\CodeIgniter->run()
 9 ROOTPATH\index.php(7): require_once('C:\\xampp\\htdocs\\webspp\\public\\index.php')
WARNING - 2025-06-22 05:45:34 --> [DEPRECATED] Creation of dynamic property CodeIgniter\View\View::$session is deprecated in APPPATH\Views\admin\layout\wrapper.php on line 6.
 1 SYSTEMPATH\View\View.php(228): include('C:\\xampp\\htdocs\\webspp\\app\\Views\\admin\\layout\\wrapper.php')
 2 SYSTEMPATH\View\View.php(231): CodeIgniter\View\View->CodeIgniter\View\{closure}()
 3 SYSTEMPATH\Common.php(1178): CodeIgniter\View\View->render('admin/layout/wrapper', [], true)
 4 APPPATH\Controllers\Admin\Siswa.php(178): view('admin/layout/wrapper', [...])
 5 SYSTEMPATH\CodeIgniter.php(941): App\Controllers\Admin\Siswa->edit('13')
 6 SYSTEMPATH\CodeIgniter.php(502): CodeIgniter\CodeIgniter->runController(Object(App\Controllers\Admin\Siswa))
 7 SYSTEMPATH\CodeIgniter.php(361): CodeIgniter\CodeIgniter->handleRequest(null, Object(Config\Cache), false)
 8 FCPATH\index.php(36): CodeIgniter\CodeIgniter->run()
 9 ROOTPATH\index.php(7): require_once('C:\\xampp\\htdocs\\webspp\\public\\index.php')
WARNING - 2025-06-22 05:45:34 --> [DEPRECATED] Creation of dynamic property App\Libraries\Simple_login::$session is deprecated in APPPATH\Libraries\Simple_login.php on line 130.
 1 APPPATH\Views\admin\layout\wrapper.php(8): App\Libraries\Simple_login->checklogin()
 2 SYSTEMPATH\View\View.php(228): include('C:\\xampp\\htdocs\\webspp\\app\\Views\\admin\\layout\\wrapper.php')
 3 SYSTEMPATH\View\View.php(231): CodeIgniter\View\View->CodeIgniter\View\{closure}()
 4 SYSTEMPATH\Common.php(1178): CodeIgniter\View\View->render('admin/layout/wrapper', [], true)
 5 APPPATH\Controllers\Admin\Siswa.php(178): view('admin/layout/wrapper', [...])
 6 SYSTEMPATH\CodeIgniter.php(941): App\Controllers\Admin\Siswa->edit('13')
 7 SYSTEMPATH\CodeIgniter.php(502): CodeIgniter\CodeIgniter->runController(Object(App\Controllers\Admin\Siswa))
 8 SYSTEMPATH\CodeIgniter.php(361): CodeIgniter\CodeIgniter->handleRequest(null, Object(Config\Cache), false)
 9 FCPATH\index.php(36): CodeIgniter\CodeIgniter->run()
10 ROOTPATH\index.php(7): require_once('C:\\xampp\\htdocs\\webspp\\public\\index.php')
INFO - 2025-06-22 05:46:27 --> Session: Class initialized using 'CodeIgniter\Session\Handlers\FileHandler' driver.
WARNING - 2025-06-22 05:46:27 --> [DEPRECATED] Creation of dynamic property CodeIgniter\View\View::$simple_login is deprecated in APPPATH\Views\admin\layout\wrapper.php on line 4.
 1 SYSTEMPATH\View\View.php(228): include('C:\\xampp\\htdocs\\webspp\\app\\Views\\admin\\layout\\wrapper.php')
 2 SYSTEMPATH\View\View.php(231): CodeIgniter\View\View->CodeIgniter\View\{closure}()
 3 SYSTEMPATH\Common.php(1178): CodeIgniter\View\View->render('admin/layout/wrapper', [], true)
 4 APPPATH\Controllers\Admin\Siswa.php(178): view('admin/layout/wrapper', [...])
 5 SYSTEMPATH\CodeIgniter.php(941): App\Controllers\Admin\Siswa->edit('13')
 6 SYSTEMPATH\CodeIgniter.php(502): CodeIgniter\CodeIgniter->runController(Object(App\Controllers\Admin\Siswa))
 7 SYSTEMPATH\CodeIgniter.php(361): CodeIgniter\CodeIgniter->handleRequest(null, Object(Config\Cache), false)
 8 FCPATH\index.php(36): CodeIgniter\CodeIgniter->run()
 9 ROOTPATH\index.php(7): require_once('C:\\xampp\\htdocs\\webspp\\public\\index.php')
WARNING - 2025-06-22 05:46:27 --> [DEPRECATED] Creation of dynamic property CodeIgniter\View\View::$website is deprecated in APPPATH\Views\admin\layout\wrapper.php on line 5.
 1 SYSTEMPATH\View\View.php(228): include('C:\\xampp\\htdocs\\webspp\\app\\Views\\admin\\layout\\wrapper.php')
 2 SYSTEMPATH\View\View.php(231): CodeIgniter\View\View->CodeIgniter\View\{closure}()
 3 SYSTEMPATH\Common.php(1178): CodeIgniter\View\View->render('admin/layout/wrapper', [], true)
 4 APPPATH\Controllers\Admin\Siswa.php(178): view('admin/layout/wrapper', [...])
 5 SYSTEMPATH\CodeIgniter.php(941): App\Controllers\Admin\Siswa->edit('13')
 6 SYSTEMPATH\CodeIgniter.php(502): CodeIgniter\CodeIgniter->runController(Object(App\Controllers\Admin\Siswa))
 7 SYSTEMPATH\CodeIgniter.php(361): CodeIgniter\CodeIgniter->handleRequest(null, Object(Config\Cache), false)
 8 FCPATH\index.php(36): CodeIgniter\CodeIgniter->run()
 9 ROOTPATH\index.php(7): require_once('C:\\xampp\\htdocs\\webspp\\public\\index.php')
WARNING - 2025-06-22 05:46:27 --> [DEPRECATED] Creation of dynamic property CodeIgniter\View\View::$session is deprecated in APPPATH\Views\admin\layout\wrapper.php on line 6.
 1 SYSTEMPATH\View\View.php(228): include('C:\\xampp\\htdocs\\webspp\\app\\Views\\admin\\layout\\wrapper.php')
 2 SYSTEMPATH\View\View.php(231): CodeIgniter\View\View->CodeIgniter\View\{closure}()
 3 SYSTEMPATH\Common.php(1178): CodeIgniter\View\View->render('admin/layout/wrapper', [], true)
 4 APPPATH\Controllers\Admin\Siswa.php(178): view('admin/layout/wrapper', [...])
 5 SYSTEMPATH\CodeIgniter.php(941): App\Controllers\Admin\Siswa->edit('13')
 6 SYSTEMPATH\CodeIgniter.php(502): CodeIgniter\CodeIgniter->runController(Object(App\Controllers\Admin\Siswa))
 7 SYSTEMPATH\CodeIgniter.php(361): CodeIgniter\CodeIgniter->handleRequest(null, Object(Config\Cache), false)
 8 FCPATH\index.php(36): CodeIgniter\CodeIgniter->run()
 9 ROOTPATH\index.php(7): require_once('C:\\xampp\\htdocs\\webspp\\public\\index.php')
WARNING - 2025-06-22 05:46:27 --> [DEPRECATED] Creation of dynamic property App\Libraries\Simple_login::$session is deprecated in APPPATH\Libraries\Simple_login.php on line 130.
 1 APPPATH\Views\admin\layout\wrapper.php(8): App\Libraries\Simple_login->checklogin()
 2 SYSTEMPATH\View\View.php(228): include('C:\\xampp\\htdocs\\webspp\\app\\Views\\admin\\layout\\wrapper.php')
 3 SYSTEMPATH\View\View.php(231): CodeIgniter\View\View->CodeIgniter\View\{closure}()
 4 SYSTEMPATH\Common.php(1178): CodeIgniter\View\View->render('admin/layout/wrapper', [], true)
 5 APPPATH\Controllers\Admin\Siswa.php(178): view('admin/layout/wrapper', [...])
 6 SYSTEMPATH\CodeIgniter.php(941): App\Controllers\Admin\Siswa->edit('13')
 7 SYSTEMPATH\CodeIgniter.php(502): CodeIgniter\CodeIgniter->runController(Object(App\Controllers\Admin\Siswa))
 8 SYSTEMPATH\CodeIgniter.php(361): CodeIgniter\CodeIgniter->handleRequest(null, Object(Config\Cache), false)
 9 FCPATH\index.php(36): CodeIgniter\CodeIgniter->run()
10 ROOTPATH\index.php(7): require_once('C:\\xampp\\htdocs\\webspp\\public\\index.php')
INFO - 2025-06-22 05:46:28 --> Session: Class initialized using 'CodeIgniter\Session\Handlers\FileHandler' driver.
WARNING - 2025-06-22 05:46:28 --> [DEPRECATED] Creation of dynamic property CodeIgniter\View\View::$simple_login is deprecated in APPPATH\Views\admin\layout\wrapper.php on line 4.
 1 SYSTEMPATH\View\View.php(228): include('C:\\xampp\\htdocs\\webspp\\app\\Views\\admin\\layout\\wrapper.php')
 2 SYSTEMPATH\View\View.php(231): CodeIgniter\View\View->CodeIgniter\View\{closure}()
 3 SYSTEMPATH\Common.php(1178): CodeIgniter\View\View->render('admin/layout/wrapper', [], true)
 4 APPPATH\Controllers\Admin\Siswa.php(53): view('admin/layout/wrapper', [...])
 5 SYSTEMPATH\CodeIgniter.php(941): App\Controllers\Admin\Siswa->index()
 6 SYSTEMPATH\CodeIgniter.php(502): CodeIgniter\CodeIgniter->runController(Object(App\Controllers\Admin\Siswa))
 7 SYSTEMPATH\CodeIgniter.php(361): CodeIgniter\CodeIgniter->handleRequest(null, Object(Config\Cache), false)
 8 FCPATH\index.php(36): CodeIgniter\CodeIgniter->run()
 9 ROOTPATH\index.php(7): require_once('C:\\xampp\\htdocs\\webspp\\public\\index.php')
WARNING - 2025-06-22 05:46:28 --> [DEPRECATED] Creation of dynamic property CodeIgniter\View\View::$website is deprecated in APPPATH\Views\admin\layout\wrapper.php on line 5.
 1 SYSTEMPATH\View\View.php(228): include('C:\\xampp\\htdocs\\webspp\\app\\Views\\admin\\layout\\wrapper.php')
 2 SYSTEMPATH\View\View.php(231): CodeIgniter\View\View->CodeIgniter\View\{closure}()
 3 SYSTEMPATH\Common.php(1178): CodeIgniter\View\View->render('admin/layout/wrapper', [], true)
 4 APPPATH\Controllers\Admin\Siswa.php(53): view('admin/layout/wrapper', [...])
 5 SYSTEMPATH\CodeIgniter.php(941): App\Controllers\Admin\Siswa->index()
 6 SYSTEMPATH\CodeIgniter.php(502): CodeIgniter\CodeIgniter->runController(Object(App\Controllers\Admin\Siswa))
 7 SYSTEMPATH\CodeIgniter.php(361): CodeIgniter\CodeIgniter->handleRequest(null, Object(Config\Cache), false)
 8 FCPATH\index.php(36): CodeIgniter\CodeIgniter->run()
 9 ROOTPATH\index.php(7): require_once('C:\\xampp\\htdocs\\webspp\\public\\index.php')
WARNING - 2025-06-22 05:46:28 --> [DEPRECATED] Creation of dynamic property CodeIgniter\View\View::$session is deprecated in APPPATH\Views\admin\layout\wrapper.php on line 6.
 1 SYSTEMPATH\View\View.php(228): include('C:\\xampp\\htdocs\\webspp\\app\\Views\\admin\\layout\\wrapper.php')
 2 SYSTEMPATH\View\View.php(231): CodeIgniter\View\View->CodeIgniter\View\{closure}()
 3 SYSTEMPATH\Common.php(1178): CodeIgniter\View\View->render('admin/layout/wrapper', [], true)
 4 APPPATH\Controllers\Admin\Siswa.php(53): view('admin/layout/wrapper', [...])
 5 SYSTEMPATH\CodeIgniter.php(941): App\Controllers\Admin\Siswa->index()
 6 SYSTEMPATH\CodeIgniter.php(502): CodeIgniter\CodeIgniter->runController(Object(App\Controllers\Admin\Siswa))
 7 SYSTEMPATH\CodeIgniter.php(361): CodeIgniter\CodeIgniter->handleRequest(null, Object(Config\Cache), false)
 8 FCPATH\index.php(36): CodeIgniter\CodeIgniter->run()
 9 ROOTPATH\index.php(7): require_once('C:\\xampp\\htdocs\\webspp\\public\\index.php')
WARNING - 2025-06-22 05:46:28 --> [DEPRECATED] Creation of dynamic property App\Libraries\Simple_login::$session is deprecated in APPPATH\Libraries\Simple_login.php on line 130.
 1 APPPATH\Views\admin\layout\wrapper.php(8): App\Libraries\Simple_login->checklogin()
 2 SYSTEMPATH\View\View.php(228): include('C:\\xampp\\htdocs\\webspp\\app\\Views\\admin\\layout\\wrapper.php')
 3 SYSTEMPATH\View\View.php(231): CodeIgniter\View\View->CodeIgniter\View\{closure}()
 4 SYSTEMPATH\Common.php(1178): CodeIgniter\View\View->render('admin/layout/wrapper', [], true)
 5 APPPATH\Controllers\Admin\Siswa.php(53): view('admin/layout/wrapper', [...])
 6 SYSTEMPATH\CodeIgniter.php(941): App\Controllers\Admin\Siswa->index()
 7 SYSTEMPATH\CodeIgniter.php(502): CodeIgniter\CodeIgniter->runController(Object(App\Controllers\Admin\Siswa))
 8 SYSTEMPATH\CodeIgniter.php(361): CodeIgniter\CodeIgniter->handleRequest(null, Object(Config\Cache), false)
 9 FCPATH\index.php(36): CodeIgniter\CodeIgniter->run()
10 ROOTPATH\index.php(7): require_once('C:\\xampp\\htdocs\\webspp\\public\\index.php')
INFO - 2025-06-22 05:46:30 --> Session: Class initialized using 'CodeIgniter\Session\Handlers\FileHandler' driver.
WARNING - 2025-06-22 05:46:30 --> [DEPRECATED] Creation of dynamic property CodeIgniter\View\View::$simple_login is deprecated in APPPATH\Views\admin\layout\wrapper.php on line 4.
 1 SYSTEMPATH\View\View.php(228): include('C:\\xampp\\htdocs\\webspp\\app\\Views\\admin\\layout\\wrapper.php')
 2 SYSTEMPATH\View\View.php(231): CodeIgniter\View\View->CodeIgniter\View\{closure}()
 3 SYSTEMPATH\Common.php(1178): CodeIgniter\View\View->render('admin/layout/wrapper', [], true)
 4 APPPATH\Controllers\Admin\Siswa.php(107): view('admin/layout/wrapper', [...])
 5 SYSTEMPATH\CodeIgniter.php(941): App\Controllers\Admin\Siswa->tambah()
 6 SYSTEMPATH\CodeIgniter.php(502): CodeIgniter\CodeIgniter->runController(Object(App\Controllers\Admin\Siswa))
 7 SYSTEMPATH\CodeIgniter.php(361): CodeIgniter\CodeIgniter->handleRequest(null, Object(Config\Cache), false)
 8 FCPATH\index.php(36): CodeIgniter\CodeIgniter->run()
 9 ROOTPATH\index.php(7): require_once('C:\\xampp\\htdocs\\webspp\\public\\index.php')
WARNING - 2025-06-22 05:46:30 --> [DEPRECATED] Creation of dynamic property CodeIgniter\View\View::$website is deprecated in APPPATH\Views\admin\layout\wrapper.php on line 5.
 1 SYSTEMPATH\View\View.php(228): include('C:\\xampp\\htdocs\\webspp\\app\\Views\\admin\\layout\\wrapper.php')
 2 SYSTEMPATH\View\View.php(231): CodeIgniter\View\View->CodeIgniter\View\{closure}()
 3 SYSTEMPATH\Common.php(1178): CodeIgniter\View\View->render('admin/layout/wrapper', [], true)
 4 APPPATH\Controllers\Admin\Siswa.php(107): view('admin/layout/wrapper', [...])
 5 SYSTEMPATH\CodeIgniter.php(941): App\Controllers\Admin\Siswa->tambah()
 6 SYSTEMPATH\CodeIgniter.php(502): CodeIgniter\CodeIgniter->runController(Object(App\Controllers\Admin\Siswa))
 7 SYSTEMPATH\CodeIgniter.php(361): CodeIgniter\CodeIgniter->handleRequest(null, Object(Config\Cache), false)
 8 FCPATH\index.php(36): CodeIgniter\CodeIgniter->run()
 9 ROOTPATH\index.php(7): require_once('C:\\xampp\\htdocs\\webspp\\public\\index.php')
WARNING - 2025-06-22 05:46:30 --> [DEPRECATED] Creation of dynamic property CodeIgniter\View\View::$session is deprecated in APPPATH\Views\admin\layout\wrapper.php on line 6.
 1 SYSTEMPATH\View\View.php(228): include('C:\\xampp\\htdocs\\webspp\\app\\Views\\admin\\layout\\wrapper.php')
 2 SYSTEMPATH\View\View.php(231): CodeIgniter\View\View->CodeIgniter\View\{closure}()
 3 SYSTEMPATH\Common.php(1178): CodeIgniter\View\View->render('admin/layout/wrapper', [], true)
 4 APPPATH\Controllers\Admin\Siswa.php(107): view('admin/layout/wrapper', [...])
 5 SYSTEMPATH\CodeIgniter.php(941): App\Controllers\Admin\Siswa->tambah()
 6 SYSTEMPATH\CodeIgniter.php(502): CodeIgniter\CodeIgniter->runController(Object(App\Controllers\Admin\Siswa))
 7 SYSTEMPATH\CodeIgniter.php(361): CodeIgniter\CodeIgniter->handleRequest(null, Object(Config\Cache), false)
 8 FCPATH\index.php(36): CodeIgniter\CodeIgniter->run()
 9 ROOTPATH\index.php(7): require_once('C:\\xampp\\htdocs\\webspp\\public\\index.php')
WARNING - 2025-06-22 05:46:30 --> [DEPRECATED] Creation of dynamic property App\Libraries\Simple_login::$session is deprecated in APPPATH\Libraries\Simple_login.php on line 130.
 1 APPPATH\Views\admin\layout\wrapper.php(8): App\Libraries\Simple_login->checklogin()
 2 SYSTEMPATH\View\View.php(228): include('C:\\xampp\\htdocs\\webspp\\app\\Views\\admin\\layout\\wrapper.php')
 3 SYSTEMPATH\View\View.php(231): CodeIgniter\View\View->CodeIgniter\View\{closure}()
 4 SYSTEMPATH\Common.php(1178): CodeIgniter\View\View->render('admin/layout/wrapper', [], true)
 5 APPPATH\Controllers\Admin\Siswa.php(107): view('admin/layout/wrapper', [...])
 6 SYSTEMPATH\CodeIgniter.php(941): App\Controllers\Admin\Siswa->tambah()
 7 SYSTEMPATH\CodeIgniter.php(502): CodeIgniter\CodeIgniter->runController(Object(App\Controllers\Admin\Siswa))
 8 SYSTEMPATH\CodeIgniter.php(361): CodeIgniter\CodeIgniter->handleRequest(null, Object(Config\Cache), false)
 9 FCPATH\index.php(36): CodeIgniter\CodeIgniter->run()
10 ROOTPATH\index.php(7): require_once('C:\\xampp\\htdocs\\webspp\\public\\index.php')
INFO - 2025-06-22 05:47:02 --> Session: Class initialized using 'CodeIgniter\Session\Handlers\FileHandler' driver.
WARNING - 2025-06-22 05:47:02 --> [DEPRECATED] Creation of dynamic property CodeIgniter\View\View::$simple_login is deprecated in APPPATH\Views\admin\layout\wrapper.php on line 4.
 1 SYSTEMPATH\View\View.php(228): include('C:\\xampp\\htdocs\\webspp\\app\\Views\\admin\\layout\\wrapper.php')
 2 SYSTEMPATH\View\View.php(231): CodeIgniter\View\View->CodeIgniter\View\{closure}()
 3 SYSTEMPATH\Common.php(1178): CodeIgniter\View\View->render('admin/layout/wrapper', [], true)
 4 APPPATH\Controllers\Admin\Siswa.php(53): view('admin/layout/wrapper', [...])
 5 SYSTEMPATH\CodeIgniter.php(941): App\Controllers\Admin\Siswa->index()
 6 SYSTEMPATH\CodeIgniter.php(502): CodeIgniter\CodeIgniter->runController(Object(App\Controllers\Admin\Siswa))
 7 SYSTEMPATH\CodeIgniter.php(361): CodeIgniter\CodeIgniter->handleRequest(null, Object(Config\Cache), false)
 8 FCPATH\index.php(36): CodeIgniter\CodeIgniter->run()
 9 ROOTPATH\index.php(7): require_once('C:\\xampp\\htdocs\\webspp\\public\\index.php')
WARNING - 2025-06-22 05:47:02 --> [DEPRECATED] Creation of dynamic property CodeIgniter\View\View::$website is deprecated in APPPATH\Views\admin\layout\wrapper.php on line 5.
 1 SYSTEMPATH\View\View.php(228): include('C:\\xampp\\htdocs\\webspp\\app\\Views\\admin\\layout\\wrapper.php')
 2 SYSTEMPATH\View\View.php(231): CodeIgniter\View\View->CodeIgniter\View\{closure}()
 3 SYSTEMPATH\Common.php(1178): CodeIgniter\View\View->render('admin/layout/wrapper', [], true)
 4 APPPATH\Controllers\Admin\Siswa.php(53): view('admin/layout/wrapper', [...])
 5 SYSTEMPATH\CodeIgniter.php(941): App\Controllers\Admin\Siswa->index()
 6 SYSTEMPATH\CodeIgniter.php(502): CodeIgniter\CodeIgniter->runController(Object(App\Controllers\Admin\Siswa))
 7 SYSTEMPATH\CodeIgniter.php(361): CodeIgniter\CodeIgniter->handleRequest(null, Object(Config\Cache), false)
 8 FCPATH\index.php(36): CodeIgniter\CodeIgniter->run()
 9 ROOTPATH\index.php(7): require_once('C:\\xampp\\htdocs\\webspp\\public\\index.php')
WARNING - 2025-06-22 05:47:02 --> [DEPRECATED] Creation of dynamic property CodeIgniter\View\View::$session is deprecated in APPPATH\Views\admin\layout\wrapper.php on line 6.
 1 SYSTEMPATH\View\View.php(228): include('C:\\xampp\\htdocs\\webspp\\app\\Views\\admin\\layout\\wrapper.php')
 2 SYSTEMPATH\View\View.php(231): CodeIgniter\View\View->CodeIgniter\View\{closure}()
 3 SYSTEMPATH\Common.php(1178): CodeIgniter\View\View->render('admin/layout/wrapper', [], true)
 4 APPPATH\Controllers\Admin\Siswa.php(53): view('admin/layout/wrapper', [...])
 5 SYSTEMPATH\CodeIgniter.php(941): App\Controllers\Admin\Siswa->index()
 6 SYSTEMPATH\CodeIgniter.php(502): CodeIgniter\CodeIgniter->runController(Object(App\Controllers\Admin\Siswa))
 7 SYSTEMPATH\CodeIgniter.php(361): CodeIgniter\CodeIgniter->handleRequest(null, Object(Config\Cache), false)
 8 FCPATH\index.php(36): CodeIgniter\CodeIgniter->run()
 9 ROOTPATH\index.php(7): require_once('C:\\xampp\\htdocs\\webspp\\public\\index.php')
WARNING - 2025-06-22 05:47:02 --> [DEPRECATED] Creation of dynamic property App\Libraries\Simple_login::$session is deprecated in APPPATH\Libraries\Simple_login.php on line 130.
 1 APPPATH\Views\admin\layout\wrapper.php(8): App\Libraries\Simple_login->checklogin()
 2 SYSTEMPATH\View\View.php(228): include('C:\\xampp\\htdocs\\webspp\\app\\Views\\admin\\layout\\wrapper.php')
 3 SYSTEMPATH\View\View.php(231): CodeIgniter\View\View->CodeIgniter\View\{closure}()
 4 SYSTEMPATH\Common.php(1178): CodeIgniter\View\View->render('admin/layout/wrapper', [], true)
 5 APPPATH\Controllers\Admin\Siswa.php(53): view('admin/layout/wrapper', [...])
 6 SYSTEMPATH\CodeIgniter.php(941): App\Controllers\Admin\Siswa->index()
 7 SYSTEMPATH\CodeIgniter.php(502): CodeIgniter\CodeIgniter->runController(Object(App\Controllers\Admin\Siswa))
 8 SYSTEMPATH\CodeIgniter.php(361): CodeIgniter\CodeIgniter->handleRequest(null, Object(Config\Cache), false)
 9 FCPATH\index.php(36): CodeIgniter\CodeIgniter->run()
10 ROOTPATH\index.php(7): require_once('C:\\xampp\\htdocs\\webspp\\public\\index.php')
INFO - 2025-06-22 05:47:03 --> Session: Class initialized using 'CodeIgniter\Session\Handlers\FileHandler' driver.
INFO - 2025-06-22 05:47:12 --> Session: Class initialized using 'CodeIgniter\Session\Handlers\FileHandler' driver.
WARNING - 2025-06-22 05:47:12 --> [DEPRECATED] Creation of dynamic property CodeIgniter\View\View::$simple_login is deprecated in APPPATH\Views\admin\layout\wrapper.php on line 4.
 1 SYSTEMPATH\View\View.php(228): include('C:\\xampp\\htdocs\\webspp\\app\\Views\\admin\\layout\\wrapper.php')
 2 SYSTEMPATH\View\View.php(231): CodeIgniter\View\View->CodeIgniter\View\{closure}()
 3 SYSTEMPATH\Common.php(1178): CodeIgniter\View\View->render('admin/layout/wrapper', [], true)
 4 APPPATH\Controllers\Admin\Siswa.php(53): view('admin/layout/wrapper', [...])
 5 SYSTEMPATH\CodeIgniter.php(941): App\Controllers\Admin\Siswa->index()
 6 SYSTEMPATH\CodeIgniter.php(502): CodeIgniter\CodeIgniter->runController(Object(App\Controllers\Admin\Siswa))
 7 SYSTEMPATH\CodeIgniter.php(361): CodeIgniter\CodeIgniter->handleRequest(null, Object(Config\Cache), false)
 8 FCPATH\index.php(36): CodeIgniter\CodeIgniter->run()
 9 ROOTPATH\index.php(7): require_once('C:\\xampp\\htdocs\\webspp\\public\\index.php')
WARNING - 2025-06-22 05:47:12 --> [DEPRECATED] Creation of dynamic property CodeIgniter\View\View::$website is deprecated in APPPATH\Views\admin\layout\wrapper.php on line 5.
 1 SYSTEMPATH\View\View.php(228): include('C:\\xampp\\htdocs\\webspp\\app\\Views\\admin\\layout\\wrapper.php')
 2 SYSTEMPATH\View\View.php(231): CodeIgniter\View\View->CodeIgniter\View\{closure}()
 3 SYSTEMPATH\Common.php(1178): CodeIgniter\View\View->render('admin/layout/wrapper', [], true)
 4 APPPATH\Controllers\Admin\Siswa.php(53): view('admin/layout/wrapper', [...])
 5 SYSTEMPATH\CodeIgniter.php(941): App\Controllers\Admin\Siswa->index()
 6 SYSTEMPATH\CodeIgniter.php(502): CodeIgniter\CodeIgniter->runController(Object(App\Controllers\Admin\Siswa))
 7 SYSTEMPATH\CodeIgniter.php(361): CodeIgniter\CodeIgniter->handleRequest(null, Object(Config\Cache), false)
 8 FCPATH\index.php(36): CodeIgniter\CodeIgniter->run()
 9 ROOTPATH\index.php(7): require_once('C:\\xampp\\htdocs\\webspp\\public\\index.php')
WARNING - 2025-06-22 05:47:12 --> [DEPRECATED] Creation of dynamic property CodeIgniter\View\View::$session is deprecated in APPPATH\Views\admin\layout\wrapper.php on line 6.
 1 SYSTEMPATH\View\View.php(228): include('C:\\xampp\\htdocs\\webspp\\app\\Views\\admin\\layout\\wrapper.php')
 2 SYSTEMPATH\View\View.php(231): CodeIgniter\View\View->CodeIgniter\View\{closure}()
 3 SYSTEMPATH\Common.php(1178): CodeIgniter\View\View->render('admin/layout/wrapper', [], true)
 4 APPPATH\Controllers\Admin\Siswa.php(53): view('admin/layout/wrapper', [...])
 5 SYSTEMPATH\CodeIgniter.php(941): App\Controllers\Admin\Siswa->index()
 6 SYSTEMPATH\CodeIgniter.php(502): CodeIgniter\CodeIgniter->runController(Object(App\Controllers\Admin\Siswa))
 7 SYSTEMPATH\CodeIgniter.php(361): CodeIgniter\CodeIgniter->handleRequest(null, Object(Config\Cache), false)
 8 FCPATH\index.php(36): CodeIgniter\CodeIgniter->run()
 9 ROOTPATH\index.php(7): require_once('C:\\xampp\\htdocs\\webspp\\public\\index.php')
WARNING - 2025-06-22 05:47:12 --> [DEPRECATED] Creation of dynamic property App\Libraries\Simple_login::$session is deprecated in APPPATH\Libraries\Simple_login.php on line 130.
 1 APPPATH\Views\admin\layout\wrapper.php(8): App\Libraries\Simple_login->checklogin()
 2 SYSTEMPATH\View\View.php(228): include('C:\\xampp\\htdocs\\webspp\\app\\Views\\admin\\layout\\wrapper.php')
 3 SYSTEMPATH\View\View.php(231): CodeIgniter\View\View->CodeIgniter\View\{closure}()
 4 SYSTEMPATH\Common.php(1178): CodeIgniter\View\View->render('admin/layout/wrapper', [], true)
 5 APPPATH\Controllers\Admin\Siswa.php(53): view('admin/layout/wrapper', [...])
 6 SYSTEMPATH\CodeIgniter.php(941): App\Controllers\Admin\Siswa->index()
 7 SYSTEMPATH\CodeIgniter.php(502): CodeIgniter\CodeIgniter->runController(Object(App\Controllers\Admin\Siswa))
 8 SYSTEMPATH\CodeIgniter.php(361): CodeIgniter\CodeIgniter->handleRequest(null, Object(Config\Cache), false)
 9 FCPATH\index.php(36): CodeIgniter\CodeIgniter->run()
10 ROOTPATH\index.php(7): require_once('C:\\xampp\\htdocs\\webspp\\public\\index.php')
INFO - 2025-06-22 05:47:14 --> Session: Class initialized using 'CodeIgniter\Session\Handlers\FileHandler' driver.
INFO - 2025-06-22 05:47:51 --> Session: Class initialized using 'CodeIgniter\Session\Handlers\FileHandler' driver.
WARNING - 2025-06-22 05:47:51 --> [DEPRECATED] Creation of dynamic property CodeIgniter\View\View::$simple_login is deprecated in APPPATH\Views\admin\layout\wrapper.php on line 4.
 1 SYSTEMPATH\View\View.php(228): include('C:\\xampp\\htdocs\\webspp\\app\\Views\\admin\\layout\\wrapper.php')
 2 SYSTEMPATH\View\View.php(231): CodeIgniter\View\View->CodeIgniter\View\{closure}()
 3 SYSTEMPATH\Common.php(1178): CodeIgniter\View\View->render('admin/layout/wrapper', [], true)
 4 APPPATH\Controllers\Admin\Siswa.php(53): view('admin/layout/wrapper', [...])
 5 SYSTEMPATH\CodeIgniter.php(941): App\Controllers\Admin\Siswa->index()
 6 SYSTEMPATH\CodeIgniter.php(502): CodeIgniter\CodeIgniter->runController(Object(App\Controllers\Admin\Siswa))
 7 SYSTEMPATH\CodeIgniter.php(361): CodeIgniter\CodeIgniter->handleRequest(null, Object(Config\Cache), false)
 8 FCPATH\index.php(36): CodeIgniter\CodeIgniter->run()
 9 ROOTPATH\index.php(7): require_once('C:\\xampp\\htdocs\\webspp\\public\\index.php')
WARNING - 2025-06-22 05:47:51 --> [DEPRECATED] Creation of dynamic property CodeIgniter\View\View::$website is deprecated in APPPATH\Views\admin\layout\wrapper.php on line 5.
 1 SYSTEMPATH\View\View.php(228): include('C:\\xampp\\htdocs\\webspp\\app\\Views\\admin\\layout\\wrapper.php')
 2 SYSTEMPATH\View\View.php(231): CodeIgniter\View\View->CodeIgniter\View\{closure}()
 3 SYSTEMPATH\Common.php(1178): CodeIgniter\View\View->render('admin/layout/wrapper', [], true)
 4 APPPATH\Controllers\Admin\Siswa.php(53): view('admin/layout/wrapper', [...])
 5 SYSTEMPATH\CodeIgniter.php(941): App\Controllers\Admin\Siswa->index()
 6 SYSTEMPATH\CodeIgniter.php(502): CodeIgniter\CodeIgniter->runController(Object(App\Controllers\Admin\Siswa))
 7 SYSTEMPATH\CodeIgniter.php(361): CodeIgniter\CodeIgniter->handleRequest(null, Object(Config\Cache), false)
 8 FCPATH\index.php(36): CodeIgniter\CodeIgniter->run()
 9 ROOTPATH\index.php(7): require_once('C:\\xampp\\htdocs\\webspp\\public\\index.php')
WARNING - 2025-06-22 05:47:51 --> [DEPRECATED] Creation of dynamic property CodeIgniter\View\View::$session is deprecated in APPPATH\Views\admin\layout\wrapper.php on line 6.
 1 SYSTEMPATH\View\View.php(228): include('C:\\xampp\\htdocs\\webspp\\app\\Views\\admin\\layout\\wrapper.php')
 2 SYSTEMPATH\View\View.php(231): CodeIgniter\View\View->CodeIgniter\View\{closure}()
 3 SYSTEMPATH\Common.php(1178): CodeIgniter\View\View->render('admin/layout/wrapper', [], true)
 4 APPPATH\Controllers\Admin\Siswa.php(53): view('admin/layout/wrapper', [...])
 5 SYSTEMPATH\CodeIgniter.php(941): App\Controllers\Admin\Siswa->index()
 6 SYSTEMPATH\CodeIgniter.php(502): CodeIgniter\CodeIgniter->runController(Object(App\Controllers\Admin\Siswa))
 7 SYSTEMPATH\CodeIgniter.php(361): CodeIgniter\CodeIgniter->handleRequest(null, Object(Config\Cache), false)
 8 FCPATH\index.php(36): CodeIgniter\CodeIgniter->run()
 9 ROOTPATH\index.php(7): require_once('C:\\xampp\\htdocs\\webspp\\public\\index.php')
WARNING - 2025-06-22 05:47:51 --> [DEPRECATED] Creation of dynamic property App\Libraries\Simple_login::$session is deprecated in APPPATH\Libraries\Simple_login.php on line 130.
 1 APPPATH\Views\admin\layout\wrapper.php(8): App\Libraries\Simple_login->checklogin()
 2 SYSTEMPATH\View\View.php(228): include('C:\\xampp\\htdocs\\webspp\\app\\Views\\admin\\layout\\wrapper.php')
 3 SYSTEMPATH\View\View.php(231): CodeIgniter\View\View->CodeIgniter\View\{closure}()
 4 SYSTEMPATH\Common.php(1178): CodeIgniter\View\View->render('admin/layout/wrapper', [], true)
 5 APPPATH\Controllers\Admin\Siswa.php(53): view('admin/layout/wrapper', [...])
 6 SYSTEMPATH\CodeIgniter.php(941): App\Controllers\Admin\Siswa->index()
 7 SYSTEMPATH\CodeIgniter.php(502): CodeIgniter\CodeIgniter->runController(Object(App\Controllers\Admin\Siswa))
 8 SYSTEMPATH\CodeIgniter.php(361): CodeIgniter\CodeIgniter->handleRequest(null, Object(Config\Cache), false)
 9 FCPATH\index.php(36): CodeIgniter\CodeIgniter->run()
10 ROOTPATH\index.php(7): require_once('C:\\xampp\\htdocs\\webspp\\public\\index.php')
INFO - 2025-06-22 05:49:24 --> Session: Class initialized using 'CodeIgniter\Session\Handlers\FileHandler' driver.
INFO - 2025-06-22 05:49:25 --> Session: Class initialized using 'CodeIgniter\Session\Handlers\FileHandler' driver.
WARNING - 2025-06-22 05:49:25 --> [DEPRECATED] Creation of dynamic property CodeIgniter\View\View::$website is deprecated in APPPATH\Views\login\wrapper.php on line 3.
 1 SYSTEMPATH\View\View.php(228): include('C:\\xampp\\htdocs\\webspp\\app\\Views\\login\\wrapper.php')
 2 SYSTEMPATH\View\View.php(231): CodeIgniter\View\View->CodeIgniter\View\{closure}()
 3 SYSTEMPATH\Common.php(1178): CodeIgniter\View\View->render('login/wrapper', [], true)
 4 APPPATH\Controllers\Login.php(34): view('login/wrapper', [...])
 5 SYSTEMPATH\CodeIgniter.php(941): App\Controllers\Login->index()
 6 SYSTEMPATH\CodeIgniter.php(502): CodeIgniter\CodeIgniter->runController(Object(App\Controllers\Login))
 7 SYSTEMPATH\CodeIgniter.php(361): CodeIgniter\CodeIgniter->handleRequest(null, Object(Config\Cache), false)
 8 FCPATH\index.php(36): CodeIgniter\CodeIgniter->run()
 9 ROOTPATH\index.php(7): require_once('C:\\xampp\\htdocs\\webspp\\public\\index.php')
INFO - 2025-06-22 05:49:27 --> Session: Class initialized using 'CodeIgniter\Session\Handlers\FileHandler' driver.
WARNING - 2025-06-22 05:49:27 --> [DEPRECATED] Creation of dynamic property CodeIgniter\View\View::$website is deprecated in APPPATH\Views\layout\wrapper.php on line 3.
 1 SYSTEMPATH\View\View.php(228): include('C:\\xampp\\htdocs\\webspp\\app\\Views\\layout\\wrapper.php')
 2 SYSTEMPATH\View\View.php(231): CodeIgniter\View\View->CodeIgniter\View\{closure}()
 3 SYSTEMPATH\Common.php(1178): CodeIgniter\View\View->render('layout/wrapper', [], true)
 4 APPPATH\Controllers\Signin.php(51): view('layout/wrapper', [...])
 5 SYSTEMPATH\CodeIgniter.php(941): App\Controllers\Signin->index()
 6 SYSTEMPATH\CodeIgniter.php(502): CodeIgniter\CodeIgniter->runController(Object(App\Controllers\Signin))
 7 SYSTEMPATH\CodeIgniter.php(361): CodeIgniter\CodeIgniter->handleRequest(null, Object(Config\Cache), false)
 8 FCPATH\index.php(36): CodeIgniter\CodeIgniter->run()
 9 ROOTPATH\index.php(7): require_once('C:\\xampp\\htdocs\\webspp\\public\\index.php')
WARNING - 2025-06-22 05:49:27 --> [DEPRECATED] Creation of dynamic property CodeIgniter\View\View::$session is deprecated in APPPATH\Views\layout\wrapper.php on line 4.
 1 SYSTEMPATH\View\View.php(228): include('C:\\xampp\\htdocs\\webspp\\app\\Views\\layout\\wrapper.php')
 2 SYSTEMPATH\View\View.php(231): CodeIgniter\View\View->CodeIgniter\View\{closure}()
 3 SYSTEMPATH\Common.php(1178): CodeIgniter\View\View->render('layout/wrapper', [], true)
 4 APPPATH\Controllers\Signin.php(51): view('layout/wrapper', [...])
 5 SYSTEMPATH\CodeIgniter.php(941): App\Controllers\Signin->index()
 6 SYSTEMPATH\CodeIgniter.php(502): CodeIgniter\CodeIgniter->runController(Object(App\Controllers\Signin))
 7 SYSTEMPATH\CodeIgniter.php(361): CodeIgniter\CodeIgniter->handleRequest(null, Object(Config\Cache), false)
 8 FCPATH\index.php(36): CodeIgniter\CodeIgniter->run()
 9 ROOTPATH\index.php(7): require_once('C:\\xampp\\htdocs\\webspp\\public\\index.php')
INFO - 2025-06-22 05:49:34 --> Session: Class initialized using 'CodeIgniter\Session\Handlers\FileHandler' driver.
INFO - 2025-06-22 05:49:34 --> Session: Class initialized using 'CodeIgniter\Session\Handlers\FileHandler' driver.
WARNING - 2025-06-22 05:49:34 --> [DEPRECATED] Creation of dynamic property CodeIgniter\View\View::$website is deprecated in APPPATH\Views\layout\wrapper.php on line 3.
 1 SYSTEMPATH\View\View.php(228): include('C:\\xampp\\htdocs\\webspp\\app\\Views\\layout\\wrapper.php')
 2 SYSTEMPATH\View\View.php(231): CodeIgniter\View\View->CodeIgniter\View\{closure}()
 3 SYSTEMPATH\Common.php(1178): CodeIgniter\View\View->render('layout/wrapper', [], true)
 4 APPPATH\Controllers\Signin.php(51): view('layout/wrapper', [...])
 5 SYSTEMPATH\CodeIgniter.php(941): App\Controllers\Signin->index()
 6 SYSTEMPATH\CodeIgniter.php(502): CodeIgniter\CodeIgniter->runController(Object(App\Controllers\Signin))
 7 SYSTEMPATH\CodeIgniter.php(361): CodeIgniter\CodeIgniter->handleRequest(null, Object(Config\Cache), false)
 8 FCPATH\index.php(36): CodeIgniter\CodeIgniter->run()
 9 ROOTPATH\index.php(7): require_once('C:\\xampp\\htdocs\\webspp\\public\\index.php')
WARNING - 2025-06-22 05:49:34 --> [DEPRECATED] Creation of dynamic property CodeIgniter\View\View::$session is deprecated in APPPATH\Views\layout\wrapper.php on line 4.
 1 SYSTEMPATH\View\View.php(228): include('C:\\xampp\\htdocs\\webspp\\app\\Views\\layout\\wrapper.php')
 2 SYSTEMPATH\View\View.php(231): CodeIgniter\View\View->CodeIgniter\View\{closure}()
 3 SYSTEMPATH\Common.php(1178): CodeIgniter\View\View->render('layout/wrapper', [], true)
 4 APPPATH\Controllers\Signin.php(51): view('layout/wrapper', [...])
 5 SYSTEMPATH\CodeIgniter.php(941): App\Controllers\Signin->index()
 6 SYSTEMPATH\CodeIgniter.php(502): CodeIgniter\CodeIgniter->runController(Object(App\Controllers\Signin))
 7 SYSTEMPATH\CodeIgniter.php(361): CodeIgniter\CodeIgniter->handleRequest(null, Object(Config\Cache), false)
 8 FCPATH\index.php(36): CodeIgniter\CodeIgniter->run()
 9 ROOTPATH\index.php(7): require_once('C:\\xampp\\htdocs\\webspp\\public\\index.php')
INFO - 2025-06-22 05:49:47 --> Session: Class initialized using 'CodeIgniter\Session\Handlers\FileHandler' driver.
INFO - 2025-06-22 05:49:48 --> Session: Class initialized using 'CodeIgniter\Session\Handlers\FileHandler' driver.
INFO - 2025-06-22 05:49:49 --> Session: Class initialized using 'CodeIgniter\Session\Handlers\FileHandler' driver.
WARNING - 2025-06-22 05:49:49 --> [DEPRECATED] Creation of dynamic property App\Controllers\Siswa\Riwayat::$session is deprecated in APPPATH\Controllers\Siswa\BaseController.php on line 53.
 1 SYSTEMPATH\CodeIgniter.php(914): App\Controllers\Siswa\BaseController->initController(Object(CodeIgniter\HTTP\IncomingRequest), Object(CodeIgniter\HTTP\Response), Object(CodeIgniter\Log\Logger))
 2 SYSTEMPATH\CodeIgniter.php(493): CodeIgniter\CodeIgniter->createController()
 3 SYSTEMPATH\CodeIgniter.php(361): CodeIgniter\CodeIgniter->handleRequest(null, Object(Config\Cache), false)
 4 FCPATH\index.php(36): CodeIgniter\CodeIgniter->run()
 5 ROOTPATH\index.php(7): require_once('C:\\xampp\\htdocs\\webspp\\public\\index.php')
WARNING - 2025-06-22 05:49:49 --> [DEPRECATED] Creation of dynamic property App\Controllers\Siswa\Riwayat::$db is deprecated in APPPATH\Controllers\Siswa\BaseController.php on line 54.
 1 SYSTEMPATH\CodeIgniter.php(914): App\Controllers\Siswa\BaseController->initController(Object(CodeIgniter\HTTP\IncomingRequest), Object(CodeIgniter\HTTP\Response), Object(CodeIgniter\Log\Logger))
 2 SYSTEMPATH\CodeIgniter.php(493): CodeIgniter\CodeIgniter->createController()
 3 SYSTEMPATH\CodeIgniter.php(361): CodeIgniter\CodeIgniter->handleRequest(null, Object(Config\Cache), false)
 4 FCPATH\index.php(36): CodeIgniter\CodeIgniter->run()
 5 ROOTPATH\index.php(7): require_once('C:\\xampp\\htdocs\\webspp\\public\\index.php')
WARNING - 2025-06-22 05:49:49 --> [DEPRECATED] Creation of dynamic property App\Controllers\Siswa\Riwayat::$pager is deprecated in APPPATH\Controllers\Siswa\BaseController.php on line 55.
 1 SYSTEMPATH\CodeIgniter.php(914): App\Controllers\Siswa\BaseController->initController(Object(CodeIgniter\HTTP\IncomingRequest), Object(CodeIgniter\HTTP\Response), Object(CodeIgniter\Log\Logger))
 2 SYSTEMPATH\CodeIgniter.php(493): CodeIgniter\CodeIgniter->createController()
 3 SYSTEMPATH\CodeIgniter.php(361): CodeIgniter\CodeIgniter->handleRequest(null, Object(Config\Cache), false)
 4 FCPATH\index.php(36): CodeIgniter\CodeIgniter->run()
 5 ROOTPATH\index.php(7): require_once('C:\\xampp\\htdocs\\webspp\\public\\index.php')
WARNING - 2025-06-22 05:49:49 --> [DEPRECATED] Creation of dynamic property App\Controllers\Siswa\Riwayat::$simple_login is deprecated in APPPATH\Controllers\Siswa\BaseController.php on line 57.
 1 SYSTEMPATH\CodeIgniter.php(914): App\Controllers\Siswa\BaseController->initController(Object(CodeIgniter\HTTP\IncomingRequest), Object(CodeIgniter\HTTP\Response), Object(CodeIgniter\Log\Logger))
 2 SYSTEMPATH\CodeIgniter.php(493): CodeIgniter\CodeIgniter->createController()
 3 SYSTEMPATH\CodeIgniter.php(361): CodeIgniter\CodeIgniter->handleRequest(null, Object(Config\Cache), false)
 4 FCPATH\index.php(36): CodeIgniter\CodeIgniter->run()
 5 ROOTPATH\index.php(7): require_once('C:\\xampp\\htdocs\\webspp\\public\\index.php')
WARNING - 2025-06-22 05:49:49 --> [DEPRECATED] Creation of dynamic property App\Controllers\Siswa\Riwayat::$website is deprecated in APPPATH\Controllers\Siswa\BaseController.php on line 58.
 1 SYSTEMPATH\CodeIgniter.php(914): App\Controllers\Siswa\BaseController->initController(Object(CodeIgniter\HTTP\IncomingRequest), Object(CodeIgniter\HTTP\Response), Object(CodeIgniter\Log\Logger))
 2 SYSTEMPATH\CodeIgniter.php(493): CodeIgniter\CodeIgniter->createController()
 3 SYSTEMPATH\CodeIgniter.php(361): CodeIgniter\CodeIgniter->handleRequest(null, Object(Config\Cache), false)
 4 FCPATH\index.php(36): CodeIgniter\CodeIgniter->run()
 5 ROOTPATH\index.php(7): require_once('C:\\xampp\\htdocs\\webspp\\public\\index.php')
INFO - 2025-06-22 05:49:51 --> Session: Class initialized using 'CodeIgniter\Session\Handlers\FileHandler' driver.
INFO - 2025-06-22 05:49:51 --> Memulai proses update status tagihan...
INFO - 2025-06-22 05:49:51 --> Memperbarui status tagihan ID: 84 menjadi Telat Bayar
INFO - 2025-06-22 05:49:51 --> Memperbarui status tagihan ID: 85 menjadi Tertunggak
INFO - 2025-06-22 05:49:51 --> Proses update status tagihan selesai.
INFO - 2025-06-22 05:49:55 --> Session: Class initialized using 'CodeIgniter\Session\Handlers\FileHandler' driver.
WARNING - 2025-06-22 05:49:55 --> [DEPRECATED] Creation of dynamic property App\Controllers\Siswa\Riwayat::$session is deprecated in APPPATH\Controllers\Siswa\BaseController.php on line 53.
 1 SYSTEMPATH\CodeIgniter.php(914): App\Controllers\Siswa\BaseController->initController(Object(CodeIgniter\HTTP\IncomingRequest), Object(CodeIgniter\HTTP\Response), Object(CodeIgniter\Log\Logger))
 2 SYSTEMPATH\CodeIgniter.php(493): CodeIgniter\CodeIgniter->createController()
 3 SYSTEMPATH\CodeIgniter.php(361): CodeIgniter\CodeIgniter->handleRequest(null, Object(Config\Cache), false)
 4 FCPATH\index.php(36): CodeIgniter\CodeIgniter->run()
 5 ROOTPATH\index.php(7): require_once('C:\\xampp\\htdocs\\webspp\\public\\index.php')
WARNING - 2025-06-22 05:49:55 --> [DEPRECATED] Creation of dynamic property App\Controllers\Siswa\Riwayat::$db is deprecated in APPPATH\Controllers\Siswa\BaseController.php on line 54.
 1 SYSTEMPATH\CodeIgniter.php(914): App\Controllers\Siswa\BaseController->initController(Object(CodeIgniter\HTTP\IncomingRequest), Object(CodeIgniter\HTTP\Response), Object(CodeIgniter\Log\Logger))
 2 SYSTEMPATH\CodeIgniter.php(493): CodeIgniter\CodeIgniter->createController()
 3 SYSTEMPATH\CodeIgniter.php(361): CodeIgniter\CodeIgniter->handleRequest(null, Object(Config\Cache), false)
 4 FCPATH\index.php(36): CodeIgniter\CodeIgniter->run()
 5 ROOTPATH\index.php(7): require_once('C:\\xampp\\htdocs\\webspp\\public\\index.php')
WARNING - 2025-06-22 05:49:55 --> [DEPRECATED] Creation of dynamic property App\Controllers\Siswa\Riwayat::$pager is deprecated in APPPATH\Controllers\Siswa\BaseController.php on line 55.
 1 SYSTEMPATH\CodeIgniter.php(914): App\Controllers\Siswa\BaseController->initController(Object(CodeIgniter\HTTP\IncomingRequest), Object(CodeIgniter\HTTP\Response), Object(CodeIgniter\Log\Logger))
 2 SYSTEMPATH\CodeIgniter.php(493): CodeIgniter\CodeIgniter->createController()
 3 SYSTEMPATH\CodeIgniter.php(361): CodeIgniter\CodeIgniter->handleRequest(null, Object(Config\Cache), false)
 4 FCPATH\index.php(36): CodeIgniter\CodeIgniter->run()
 5 ROOTPATH\index.php(7): require_once('C:\\xampp\\htdocs\\webspp\\public\\index.php')
WARNING - 2025-06-22 05:49:55 --> [DEPRECATED] Creation of dynamic property App\Controllers\Siswa\Riwayat::$simple_login is deprecated in APPPATH\Controllers\Siswa\BaseController.php on line 57.
 1 SYSTEMPATH\CodeIgniter.php(914): App\Controllers\Siswa\BaseController->initController(Object(CodeIgniter\HTTP\IncomingRequest), Object(CodeIgniter\HTTP\Response), Object(CodeIgniter\Log\Logger))
 2 SYSTEMPATH\CodeIgniter.php(493): CodeIgniter\CodeIgniter->createController()
 3 SYSTEMPATH\CodeIgniter.php(361): CodeIgniter\CodeIgniter->handleRequest(null, Object(Config\Cache), false)
 4 FCPATH\index.php(36): CodeIgniter\CodeIgniter->run()
 5 ROOTPATH\index.php(7): require_once('C:\\xampp\\htdocs\\webspp\\public\\index.php')
WARNING - 2025-06-22 05:49:55 --> [DEPRECATED] Creation of dynamic property App\Controllers\Siswa\Riwayat::$website is deprecated in APPPATH\Controllers\Siswa\BaseController.php on line 58.
 1 SYSTEMPATH\CodeIgniter.php(914): App\Controllers\Siswa\BaseController->initController(Object(CodeIgniter\HTTP\IncomingRequest), Object(CodeIgniter\HTTP\Response), Object(CodeIgniter\Log\Logger))
 2 SYSTEMPATH\CodeIgniter.php(493): CodeIgniter\CodeIgniter->createController()
 3 SYSTEMPATH\CodeIgniter.php(361): CodeIgniter\CodeIgniter->handleRequest(null, Object(Config\Cache), false)
 4 FCPATH\index.php(36): CodeIgniter\CodeIgniter->run()
 5 ROOTPATH\index.php(7): require_once('C:\\xampp\\htdocs\\webspp\\public\\index.php')
INFO - 2025-06-22 05:49:55 --> Session: Class initialized using 'CodeIgniter\Session\Handlers\FileHandler' driver.
INFO - 2025-06-22 05:49:55 --> Memulai proses update status tagihan...
INFO - 2025-06-22 05:49:55 --> Proses update status tagihan selesai.
INFO - 2025-06-22 15:15:32 --> Session: Class initialized using 'CodeIgniter\Session\Handlers\FileHandler' driver.
WARNING - 2025-06-22 15:15:33 --> [DEPRECATED] Creation of dynamic property CodeIgniter\View\View::$website is deprecated in APPPATH\Views\layout\wrapper.php on line 3.
 1 SYSTEMPATH\View\View.php(228): include('C:\\xampp\\htdocs\\webspp\\app\\Views\\layout\\wrapper.php')
 2 SYSTEMPATH\View\View.php(231): CodeIgniter\View\View->CodeIgniter\View\{closure}()
 3 SYSTEMPATH\Common.php(1178): CodeIgniter\View\View->render('layout/wrapper', [], true)
 4 APPPATH\Controllers\Signin.php(51): view('layout/wrapper', [...])
 5 SYSTEMPATH\CodeIgniter.php(941): App\Controllers\Signin->index()
 6 SYSTEMPATH\CodeIgniter.php(502): CodeIgniter\CodeIgniter->runController(Object(App\Controllers\Signin))
 7 SYSTEMPATH\CodeIgniter.php(361): CodeIgniter\CodeIgniter->handleRequest(null, Object(Config\Cache), false)
 8 FCPATH\index.php(36): CodeIgniter\CodeIgniter->run()
 9 SYSTEMPATH\Commands\Server\rewrite.php(47): require_once('C:\\xampp\\htdocs\\webspp\\public\\index.php')
WARNING - 2025-06-22 15:15:33 --> [DEPRECATED] Creation of dynamic property CodeIgniter\View\View::$session is deprecated in APPPATH\Views\layout\wrapper.php on line 4.
 1 SYSTEMPATH\View\View.php(228): include('C:\\xampp\\htdocs\\webspp\\app\\Views\\layout\\wrapper.php')
 2 SYSTEMPATH\View\View.php(231): CodeIgniter\View\View->CodeIgniter\View\{closure}()
 3 SYSTEMPATH\Common.php(1178): CodeIgniter\View\View->render('layout/wrapper', [], true)
 4 APPPATH\Controllers\Signin.php(51): view('layout/wrapper', [...])
 5 SYSTEMPATH\CodeIgniter.php(941): App\Controllers\Signin->index()
 6 SYSTEMPATH\CodeIgniter.php(502): CodeIgniter\CodeIgniter->runController(Object(App\Controllers\Signin))
 7 SYSTEMPATH\CodeIgniter.php(361): CodeIgniter\CodeIgniter->handleRequest(null, Object(Config\Cache), false)
 8 FCPATH\index.php(36): CodeIgniter\CodeIgniter->run()
 9 SYSTEMPATH\Commands\Server\rewrite.php(47): require_once('C:\\xampp\\htdocs\\webspp\\public\\index.php')
INFO - 2025-06-22 15:15:38 --> Session: Class initialized using 'CodeIgniter\Session\Handlers\FileHandler' driver.
WARNING - 2025-06-22 15:15:38 --> [DEPRECATED] Creation of dynamic property CodeIgniter\View\View::$website is deprecated in APPPATH\Views\login\wrapper.php on line 3.
 1 SYSTEMPATH\View\View.php(228): include('C:\\xampp\\htdocs\\webspp\\app\\Views\\login\\wrapper.php')
 2 SYSTEMPATH\View\View.php(231): CodeIgniter\View\View->CodeIgniter\View\{closure}()
 3 SYSTEMPATH\Common.php(1178): CodeIgniter\View\View->render('login/wrapper', [], true)
 4 APPPATH\Controllers\Login.php(34): view('login/wrapper', [...])
 5 SYSTEMPATH\CodeIgniter.php(941): App\Controllers\Login->index()
 6 SYSTEMPATH\CodeIgniter.php(502): CodeIgniter\CodeIgniter->runController(Object(App\Controllers\Login))
 7 SYSTEMPATH\CodeIgniter.php(361): CodeIgniter\CodeIgniter->handleRequest(null, Object(Config\Cache), false)
 8 FCPATH\index.php(36): CodeIgniter\CodeIgniter->run()
 9 ROOTPATH\index.php(7): require_once('C:\\xampp\\htdocs\\webspp\\public\\index.php')
INFO - 2025-06-22 15:15:45 --> Session: Class initialized using 'CodeIgniter\Session\Handlers\FileHandler' driver.
WARNING - 2025-06-22 15:15:45 --> [DEPRECATED] Creation of dynamic property App\Libraries\Simple_login::$session is deprecated in APPPATH\Libraries\Simple_login.php on line 15.
 1 APPPATH\Controllers\Login.php(22): App\Libraries\Simple_login->login('nabilah', 'nabilah', '')
 2 SYSTEMPATH\CodeIgniter.php(941): App\Controllers\Login->index()
 3 SYSTEMPATH\CodeIgniter.php(502): CodeIgniter\CodeIgniter->runController(Object(App\Controllers\Login))
 4 SYSTEMPATH\CodeIgniter.php(361): CodeIgniter\CodeIgniter->handleRequest(null, Object(Config\Cache), false)
 5 FCPATH\index.php(36): CodeIgniter\CodeIgniter->run()
 6 ROOTPATH\index.php(7): require_once('C:\\xampp\\htdocs\\webspp\\public\\index.php')
DEBUG - 2025-06-22 15:15:45 --> Akses level: admin
INFO - 2025-06-22 15:15:45 --> Session: Class initialized using 'CodeIgniter\Session\Handlers\FileHandler' driver.
WARNING - 2025-06-22 15:15:45 --> [DEPRECATED] Creation of dynamic property CodeIgniter\View\View::$simple_login is deprecated in APPPATH\Views\admin\layout\wrapper.php on line 4.
 1 SYSTEMPATH\View\View.php(228): include('C:\\xampp\\htdocs\\webspp\\app\\Views\\admin\\layout\\wrapper.php')
 2 SYSTEMPATH\View\View.php(231): CodeIgniter\View\View->CodeIgniter\View\{closure}()
 3 SYSTEMPATH\Common.php(1178): CodeIgniter\View\View->render('admin/layout/wrapper', [], true)
 4 APPPATH\Controllers\Admin\Dasbor.php(14): view('admin/layout/wrapper', [...])
 5 SYSTEMPATH\CodeIgniter.php(941): App\Controllers\Admin\Dasbor->index()
 6 SYSTEMPATH\CodeIgniter.php(502): CodeIgniter\CodeIgniter->runController(Object(App\Controllers\Admin\Dasbor))
 7 SYSTEMPATH\CodeIgniter.php(361): CodeIgniter\CodeIgniter->handleRequest(null, Object(Config\Cache), false)
 8 FCPATH\index.php(36): CodeIgniter\CodeIgniter->run()
 9 ROOTPATH\index.php(7): require_once('C:\\xampp\\htdocs\\webspp\\public\\index.php')
WARNING - 2025-06-22 15:15:45 --> [DEPRECATED] Creation of dynamic property CodeIgniter\View\View::$website is deprecated in APPPATH\Views\admin\layout\wrapper.php on line 5.
 1 SYSTEMPATH\View\View.php(228): include('C:\\xampp\\htdocs\\webspp\\app\\Views\\admin\\layout\\wrapper.php')
 2 SYSTEMPATH\View\View.php(231): CodeIgniter\View\View->CodeIgniter\View\{closure}()
 3 SYSTEMPATH\Common.php(1178): CodeIgniter\View\View->render('admin/layout/wrapper', [], true)
 4 APPPATH\Controllers\Admin\Dasbor.php(14): view('admin/layout/wrapper', [...])
 5 SYSTEMPATH\CodeIgniter.php(941): App\Controllers\Admin\Dasbor->index()
 6 SYSTEMPATH\CodeIgniter.php(502): CodeIgniter\CodeIgniter->runController(Object(App\Controllers\Admin\Dasbor))
 7 SYSTEMPATH\CodeIgniter.php(361): CodeIgniter\CodeIgniter->handleRequest(null, Object(Config\Cache), false)
 8 FCPATH\index.php(36): CodeIgniter\CodeIgniter->run()
 9 ROOTPATH\index.php(7): require_once('C:\\xampp\\htdocs\\webspp\\public\\index.php')
WARNING - 2025-06-22 15:15:45 --> [DEPRECATED] Creation of dynamic property CodeIgniter\View\View::$session is deprecated in APPPATH\Views\admin\layout\wrapper.php on line 6.
 1 SYSTEMPATH\View\View.php(228): include('C:\\xampp\\htdocs\\webspp\\app\\Views\\admin\\layout\\wrapper.php')
 2 SYSTEMPATH\View\View.php(231): CodeIgniter\View\View->CodeIgniter\View\{closure}()
 3 SYSTEMPATH\Common.php(1178): CodeIgniter\View\View->render('admin/layout/wrapper', [], true)
 4 APPPATH\Controllers\Admin\Dasbor.php(14): view('admin/layout/wrapper', [...])
 5 SYSTEMPATH\CodeIgniter.php(941): App\Controllers\Admin\Dasbor->index()
 6 SYSTEMPATH\CodeIgniter.php(502): CodeIgniter\CodeIgniter->runController(Object(App\Controllers\Admin\Dasbor))
 7 SYSTEMPATH\CodeIgniter.php(361): CodeIgniter\CodeIgniter->handleRequest(null, Object(Config\Cache), false)
 8 FCPATH\index.php(36): CodeIgniter\CodeIgniter->run()
 9 ROOTPATH\index.php(7): require_once('C:\\xampp\\htdocs\\webspp\\public\\index.php')
WARNING - 2025-06-22 15:15:45 --> [DEPRECATED] Creation of dynamic property App\Libraries\Simple_login::$session is deprecated in APPPATH\Libraries\Simple_login.php on line 130.
 1 APPPATH\Views\admin\layout\wrapper.php(8): App\Libraries\Simple_login->checklogin()
 2 SYSTEMPATH\View\View.php(228): include('C:\\xampp\\htdocs\\webspp\\app\\Views\\admin\\layout\\wrapper.php')
 3 SYSTEMPATH\View\View.php(231): CodeIgniter\View\View->CodeIgniter\View\{closure}()
 4 SYSTEMPATH\Common.php(1178): CodeIgniter\View\View->render('admin/layout/wrapper', [], true)
 5 APPPATH\Controllers\Admin\Dasbor.php(14): view('admin/layout/wrapper', [...])
 6 SYSTEMPATH\CodeIgniter.php(941): App\Controllers\Admin\Dasbor->index()
 7 SYSTEMPATH\CodeIgniter.php(502): CodeIgniter\CodeIgniter->runController(Object(App\Controllers\Admin\Dasbor))
 8 SYSTEMPATH\CodeIgniter.php(361): CodeIgniter\CodeIgniter->handleRequest(null, Object(Config\Cache), false)
 9 FCPATH\index.php(36): CodeIgniter\CodeIgniter->run()
10 ROOTPATH\index.php(7): require_once('C:\\xampp\\htdocs\\webspp\\public\\index.php')
INFO - 2025-06-22 15:15:54 --> Session: Class initialized using 'CodeIgniter\Session\Handlers\FileHandler' driver.
WARNING - 2025-06-22 15:15:54 --> [DEPRECATED] Creation of dynamic property CodeIgniter\View\View::$simple_login is deprecated in APPPATH\Views\admin\layout\wrapper.php on line 4.
 1 SYSTEMPATH\View\View.php(228): include('C:\\xampp\\htdocs\\webspp\\app\\Views\\admin\\layout\\wrapper.php')
 2 SYSTEMPATH\View\View.php(231): CodeIgniter\View\View->CodeIgniter\View\{closure}()
 3 SYSTEMPATH\Common.php(1178): CodeIgniter\View\View->render('admin/layout/wrapper', [], true)
 4 APPPATH\Controllers\Admin\Siswa.php(53): view('admin/layout/wrapper', [...])
 5 SYSTEMPATH\CodeIgniter.php(941): App\Controllers\Admin\Siswa->index()
 6 SYSTEMPATH\CodeIgniter.php(502): CodeIgniter\CodeIgniter->runController(Object(App\Controllers\Admin\Siswa))
 7 SYSTEMPATH\CodeIgniter.php(361): CodeIgniter\CodeIgniter->handleRequest(null, Object(Config\Cache), false)
 8 FCPATH\index.php(36): CodeIgniter\CodeIgniter->run()
 9 ROOTPATH\index.php(7): require_once('C:\\xampp\\htdocs\\webspp\\public\\index.php')
WARNING - 2025-06-22 15:15:54 --> [DEPRECATED] Creation of dynamic property CodeIgniter\View\View::$website is deprecated in APPPATH\Views\admin\layout\wrapper.php on line 5.
 1 SYSTEMPATH\View\View.php(228): include('C:\\xampp\\htdocs\\webspp\\app\\Views\\admin\\layout\\wrapper.php')
 2 SYSTEMPATH\View\View.php(231): CodeIgniter\View\View->CodeIgniter\View\{closure}()
 3 SYSTEMPATH\Common.php(1178): CodeIgniter\View\View->render('admin/layout/wrapper', [], true)
 4 APPPATH\Controllers\Admin\Siswa.php(53): view('admin/layout/wrapper', [...])
 5 SYSTEMPATH\CodeIgniter.php(941): App\Controllers\Admin\Siswa->index()
 6 SYSTEMPATH\CodeIgniter.php(502): CodeIgniter\CodeIgniter->runController(Object(App\Controllers\Admin\Siswa))
 7 SYSTEMPATH\CodeIgniter.php(361): CodeIgniter\CodeIgniter->handleRequest(null, Object(Config\Cache), false)
 8 FCPATH\index.php(36): CodeIgniter\CodeIgniter->run()
 9 ROOTPATH\index.php(7): require_once('C:\\xampp\\htdocs\\webspp\\public\\index.php')
WARNING - 2025-06-22 15:15:54 --> [DEPRECATED] Creation of dynamic property CodeIgniter\View\View::$session is deprecated in APPPATH\Views\admin\layout\wrapper.php on line 6.
 1 SYSTEMPATH\View\View.php(228): include('C:\\xampp\\htdocs\\webspp\\app\\Views\\admin\\layout\\wrapper.php')
 2 SYSTEMPATH\View\View.php(231): CodeIgniter\View\View->CodeIgniter\View\{closure}()
 3 SYSTEMPATH\Common.php(1178): CodeIgniter\View\View->render('admin/layout/wrapper', [], true)
 4 APPPATH\Controllers\Admin\Siswa.php(53): view('admin/layout/wrapper', [...])
 5 SYSTEMPATH\CodeIgniter.php(941): App\Controllers\Admin\Siswa->index()
 6 SYSTEMPATH\CodeIgniter.php(502): CodeIgniter\CodeIgniter->runController(Object(App\Controllers\Admin\Siswa))
 7 SYSTEMPATH\CodeIgniter.php(361): CodeIgniter\CodeIgniter->handleRequest(null, Object(Config\Cache), false)
 8 FCPATH\index.php(36): CodeIgniter\CodeIgniter->run()
 9 ROOTPATH\index.php(7): require_once('C:\\xampp\\htdocs\\webspp\\public\\index.php')
WARNING - 2025-06-22 15:15:54 --> [DEPRECATED] Creation of dynamic property App\Libraries\Simple_login::$session is deprecated in APPPATH\Libraries\Simple_login.php on line 130.
 1 APPPATH\Views\admin\layout\wrapper.php(8): App\Libraries\Simple_login->checklogin()
 2 SYSTEMPATH\View\View.php(228): include('C:\\xampp\\htdocs\\webspp\\app\\Views\\admin\\layout\\wrapper.php')
 3 SYSTEMPATH\View\View.php(231): CodeIgniter\View\View->CodeIgniter\View\{closure}()
 4 SYSTEMPATH\Common.php(1178): CodeIgniter\View\View->render('admin/layout/wrapper', [], true)
 5 APPPATH\Controllers\Admin\Siswa.php(53): view('admin/layout/wrapper', [...])
 6 SYSTEMPATH\CodeIgniter.php(941): App\Controllers\Admin\Siswa->index()
 7 SYSTEMPATH\CodeIgniter.php(502): CodeIgniter\CodeIgniter->runController(Object(App\Controllers\Admin\Siswa))
 8 SYSTEMPATH\CodeIgniter.php(361): CodeIgniter\CodeIgniter->handleRequest(null, Object(Config\Cache), false)
 9 FCPATH\index.php(36): CodeIgniter\CodeIgniter->run()
10 ROOTPATH\index.php(7): require_once('C:\\xampp\\htdocs\\webspp\\public\\index.php')
INFO - 2025-06-22 15:15:59 --> Session: Class initialized using 'CodeIgniter\Session\Handlers\FileHandler' driver.
CRITICAL - 2025-06-22 15:15:59 --> ErrorException: Undefined variable $siswa
in APPPATH\Controllers\Admin\Siswa.php on line 102.
 1 APPPATH\Controllers\Admin\Siswa.php(102): CodeIgniter\Debug\Exceptions->errorHandler(2, 'Undefined variable $siswa', 'C:\\xampp\\htdocs\\webspp\\app\\Controllers\\Admin\\Siswa.php', 102)
 2 SYSTEMPATH\CodeIgniter.php(941): App\Controllers\Admin\Siswa->tambah()
 3 SYSTEMPATH\CodeIgniter.php(502): CodeIgniter\CodeIgniter->runController(Object(App\Controllers\Admin\Siswa))
 4 SYSTEMPATH\CodeIgniter.php(361): CodeIgniter\CodeIgniter->handleRequest(null, Object(Config\Cache), false)
 5 FCPATH\index.php(36): CodeIgniter\CodeIgniter->run()
 6 ROOTPATH\index.php(7): require_once('C:\\xampp\\htdocs\\webspp\\public\\index.php')
INFO - 2025-06-22 15:16:38 --> Session: Class initialized using 'CodeIgniter\Session\Handlers\FileHandler' driver.
WARNING - 2025-06-22 15:16:38 --> [DEPRECATED] Creation of dynamic property CodeIgniter\View\View::$simple_login is deprecated in APPPATH\Views\admin\layout\wrapper.php on line 4.
 1 SYSTEMPATH\View\View.php(228): include('C:\\xampp\\htdocs\\webspp\\app\\Views\\admin\\layout\\wrapper.php')
 2 SYSTEMPATH\View\View.php(231): CodeIgniter\View\View->CodeIgniter\View\{closure}()
 3 SYSTEMPATH\Common.php(1178): CodeIgniter\View\View->render('admin/layout/wrapper', [], true)
 4 APPPATH\Controllers\Admin\Siswa.php(107): view('admin/layout/wrapper', [...])
 5 SYSTEMPATH\CodeIgniter.php(941): App\Controllers\Admin\Siswa->tambah()
 6 SYSTEMPATH\CodeIgniter.php(502): CodeIgniter\CodeIgniter->runController(Object(App\Controllers\Admin\Siswa))
 7 SYSTEMPATH\CodeIgniter.php(361): CodeIgniter\CodeIgniter->handleRequest(null, Object(Config\Cache), false)
 8 FCPATH\index.php(36): CodeIgniter\CodeIgniter->run()
 9 ROOTPATH\index.php(7): require_once('C:\\xampp\\htdocs\\webspp\\public\\index.php')
WARNING - 2025-06-22 15:16:38 --> [DEPRECATED] Creation of dynamic property CodeIgniter\View\View::$website is deprecated in APPPATH\Views\admin\layout\wrapper.php on line 5.
 1 SYSTEMPATH\View\View.php(228): include('C:\\xampp\\htdocs\\webspp\\app\\Views\\admin\\layout\\wrapper.php')
 2 SYSTEMPATH\View\View.php(231): CodeIgniter\View\View->CodeIgniter\View\{closure}()
 3 SYSTEMPATH\Common.php(1178): CodeIgniter\View\View->render('admin/layout/wrapper', [], true)
 4 APPPATH\Controllers\Admin\Siswa.php(107): view('admin/layout/wrapper', [...])
 5 SYSTEMPATH\CodeIgniter.php(941): App\Controllers\Admin\Siswa->tambah()
 6 SYSTEMPATH\CodeIgniter.php(502): CodeIgniter\CodeIgniter->runController(Object(App\Controllers\Admin\Siswa))
 7 SYSTEMPATH\CodeIgniter.php(361): CodeIgniter\CodeIgniter->handleRequest(null, Object(Config\Cache), false)
 8 FCPATH\index.php(36): CodeIgniter\CodeIgniter->run()
 9 ROOTPATH\index.php(7): require_once('C:\\xampp\\htdocs\\webspp\\public\\index.php')
WARNING - 2025-06-22 15:16:38 --> [DEPRECATED] Creation of dynamic property CodeIgniter\View\View::$session is deprecated in APPPATH\Views\admin\layout\wrapper.php on line 6.
 1 SYSTEMPATH\View\View.php(228): include('C:\\xampp\\htdocs\\webspp\\app\\Views\\admin\\layout\\wrapper.php')
 2 SYSTEMPATH\View\View.php(231): CodeIgniter\View\View->CodeIgniter\View\{closure}()
 3 SYSTEMPATH\Common.php(1178): CodeIgniter\View\View->render('admin/layout/wrapper', [], true)
 4 APPPATH\Controllers\Admin\Siswa.php(107): view('admin/layout/wrapper', [...])
 5 SYSTEMPATH\CodeIgniter.php(941): App\Controllers\Admin\Siswa->tambah()
 6 SYSTEMPATH\CodeIgniter.php(502): CodeIgniter\CodeIgniter->runController(Object(App\Controllers\Admin\Siswa))
 7 SYSTEMPATH\CodeIgniter.php(361): CodeIgniter\CodeIgniter->handleRequest(null, Object(Config\Cache), false)
 8 FCPATH\index.php(36): CodeIgniter\CodeIgniter->run()
 9 ROOTPATH\index.php(7): require_once('C:\\xampp\\htdocs\\webspp\\public\\index.php')
WARNING - 2025-06-22 15:16:38 --> [DEPRECATED] Creation of dynamic property App\Libraries\Simple_login::$session is deprecated in APPPATH\Libraries\Simple_login.php on line 130.
 1 APPPATH\Views\admin\layout\wrapper.php(8): App\Libraries\Simple_login->checklogin()
 2 SYSTEMPATH\View\View.php(228): include('C:\\xampp\\htdocs\\webspp\\app\\Views\\admin\\layout\\wrapper.php')
 3 SYSTEMPATH\View\View.php(231): CodeIgniter\View\View->CodeIgniter\View\{closure}()
 4 SYSTEMPATH\Common.php(1178): CodeIgniter\View\View->render('admin/layout/wrapper', [], true)
 5 APPPATH\Controllers\Admin\Siswa.php(107): view('admin/layout/wrapper', [...])
 6 SYSTEMPATH\CodeIgniter.php(941): App\Controllers\Admin\Siswa->tambah()
 7 SYSTEMPATH\CodeIgniter.php(502): CodeIgniter\CodeIgniter->runController(Object(App\Controllers\Admin\Siswa))
 8 SYSTEMPATH\CodeIgniter.php(361): CodeIgniter\CodeIgniter->handleRequest(null, Object(Config\Cache), false)
 9 FCPATH\index.php(36): CodeIgniter\CodeIgniter->run()
10 ROOTPATH\index.php(7): require_once('C:\\xampp\\htdocs\\webspp\\public\\index.php')
INFO - 2025-06-22 15:17:00 --> Session: Class initialized using 'CodeIgniter\Session\Handlers\FileHandler' driver.
CRITICAL - 2025-06-22 15:17:00 --> ErrorException: Undefined variable $siswa
in APPPATH\Controllers\Admin\Siswa.php on line 101.
 1 APPPATH\Controllers\Admin\Siswa.php(101): CodeIgniter\Debug\Exceptions->errorHandler(2, 'Undefined variable $siswa', 'C:\\xampp\\htdocs\\webspp\\app\\Controllers\\Admin\\Siswa.php', 101)
 2 SYSTEMPATH\CodeIgniter.php(941): App\Controllers\Admin\Siswa->tambah()
 3 SYSTEMPATH\CodeIgniter.php(502): CodeIgniter\CodeIgniter->runController(Object(App\Controllers\Admin\Siswa))
 4 SYSTEMPATH\CodeIgniter.php(361): CodeIgniter\CodeIgniter->handleRequest(null, Object(Config\Cache), false)
 5 FCPATH\index.php(36): CodeIgniter\CodeIgniter->run()
 6 ROOTPATH\index.php(7): require_once('C:\\xampp\\htdocs\\webspp\\public\\index.php')
INFO - 2025-06-22 15:18:12 --> Session: Class initialized using 'CodeIgniter\Session\Handlers\FileHandler' driver.
WARNING - 2025-06-22 15:18:12 --> [DEPRECATED] Creation of dynamic property CodeIgniter\View\View::$simple_login is deprecated in APPPATH\Views\admin\layout\wrapper.php on line 4.
 1 SYSTEMPATH\View\View.php(228): include('C:\\xampp\\htdocs\\webspp\\app\\Views\\admin\\layout\\wrapper.php')
 2 SYSTEMPATH\View\View.php(231): CodeIgniter\View\View->CodeIgniter\View\{closure}()
 3 SYSTEMPATH\Common.php(1178): CodeIgniter\View\View->render('admin/layout/wrapper', [], true)
 4 APPPATH\Controllers\Admin\Siswa.php(108): view('admin/layout/wrapper', [...])
 5 SYSTEMPATH\CodeIgniter.php(941): App\Controllers\Admin\Siswa->tambah()
 6 SYSTEMPATH\CodeIgniter.php(502): CodeIgniter\CodeIgniter->runController(Object(App\Controllers\Admin\Siswa))
 7 SYSTEMPATH\CodeIgniter.php(361): CodeIgniter\CodeIgniter->handleRequest(null, Object(Config\Cache), false)
 8 FCPATH\index.php(36): CodeIgniter\CodeIgniter->run()
 9 ROOTPATH\index.php(7): require_once('C:\\xampp\\htdocs\\webspp\\public\\index.php')
WARNING - 2025-06-22 15:18:12 --> [DEPRECATED] Creation of dynamic property CodeIgniter\View\View::$website is deprecated in APPPATH\Views\admin\layout\wrapper.php on line 5.
 1 SYSTEMPATH\View\View.php(228): include('C:\\xampp\\htdocs\\webspp\\app\\Views\\admin\\layout\\wrapper.php')
 2 SYSTEMPATH\View\View.php(231): CodeIgniter\View\View->CodeIgniter\View\{closure}()
 3 SYSTEMPATH\Common.php(1178): CodeIgniter\View\View->render('admin/layout/wrapper', [], true)
 4 APPPATH\Controllers\Admin\Siswa.php(108): view('admin/layout/wrapper', [...])
 5 SYSTEMPATH\CodeIgniter.php(941): App\Controllers\Admin\Siswa->tambah()
 6 SYSTEMPATH\CodeIgniter.php(502): CodeIgniter\CodeIgniter->runController(Object(App\Controllers\Admin\Siswa))
 7 SYSTEMPATH\CodeIgniter.php(361): CodeIgniter\CodeIgniter->handleRequest(null, Object(Config\Cache), false)
 8 FCPATH\index.php(36): CodeIgniter\CodeIgniter->run()
 9 ROOTPATH\index.php(7): require_once('C:\\xampp\\htdocs\\webspp\\public\\index.php')
WARNING - 2025-06-22 15:18:12 --> [DEPRECATED] Creation of dynamic property CodeIgniter\View\View::$session is deprecated in APPPATH\Views\admin\layout\wrapper.php on line 6.
 1 SYSTEMPATH\View\View.php(228): include('C:\\xampp\\htdocs\\webspp\\app\\Views\\admin\\layout\\wrapper.php')
 2 SYSTEMPATH\View\View.php(231): CodeIgniter\View\View->CodeIgniter\View\{closure}()
 3 SYSTEMPATH\Common.php(1178): CodeIgniter\View\View->render('admin/layout/wrapper', [], true)
 4 APPPATH\Controllers\Admin\Siswa.php(108): view('admin/layout/wrapper', [...])
 5 SYSTEMPATH\CodeIgniter.php(941): App\Controllers\Admin\Siswa->tambah()
 6 SYSTEMPATH\CodeIgniter.php(502): CodeIgniter\CodeIgniter->runController(Object(App\Controllers\Admin\Siswa))
 7 SYSTEMPATH\CodeIgniter.php(361): CodeIgniter\CodeIgniter->handleRequest(null, Object(Config\Cache), false)
 8 FCPATH\index.php(36): CodeIgniter\CodeIgniter->run()
 9 ROOTPATH\index.php(7): require_once('C:\\xampp\\htdocs\\webspp\\public\\index.php')
WARNING - 2025-06-22 15:18:12 --> [DEPRECATED] Creation of dynamic property App\Libraries\Simple_login::$session is deprecated in APPPATH\Libraries\Simple_login.php on line 130.
 1 APPPATH\Views\admin\layout\wrapper.php(8): App\Libraries\Simple_login->checklogin()
 2 SYSTEMPATH\View\View.php(228): include('C:\\xampp\\htdocs\\webspp\\app\\Views\\admin\\layout\\wrapper.php')
 3 SYSTEMPATH\View\View.php(231): CodeIgniter\View\View->CodeIgniter\View\{closure}()
 4 SYSTEMPATH\Common.php(1178): CodeIgniter\View\View->render('admin/layout/wrapper', [], true)
 5 APPPATH\Controllers\Admin\Siswa.php(108): view('admin/layout/wrapper', [...])
 6 SYSTEMPATH\CodeIgniter.php(941): App\Controllers\Admin\Siswa->tambah()
 7 SYSTEMPATH\CodeIgniter.php(502): CodeIgniter\CodeIgniter->runController(Object(App\Controllers\Admin\Siswa))
 8 SYSTEMPATH\CodeIgniter.php(361): CodeIgniter\CodeIgniter->handleRequest(null, Object(Config\Cache), false)
 9 FCPATH\index.php(36): CodeIgniter\CodeIgniter->run()
10 ROOTPATH\index.php(7): require_once('C:\\xampp\\htdocs\\webspp\\public\\index.php')
INFO - 2025-06-22 15:18:33 --> Session: Class initialized using 'CodeIgniter\Session\Handlers\FileHandler' driver.
WARNING - 2025-06-22 15:18:33 --> [DEPRECATED] Creation of dynamic property CodeIgniter\View\View::$simple_login is deprecated in APPPATH\Views\admin\layout\wrapper.php on line 4.
 1 SYSTEMPATH\View\View.php(228): include('C:\\xampp\\htdocs\\webspp\\app\\Views\\admin\\layout\\wrapper.php')
 2 SYSTEMPATH\View\View.php(231): CodeIgniter\View\View->CodeIgniter\View\{closure}()
 3 SYSTEMPATH\Common.php(1178): CodeIgniter\View\View->render('admin/layout/wrapper', [], true)
 4 APPPATH\Controllers\Admin\Siswa.php(108): view('admin/layout/wrapper', [...])
 5 SYSTEMPATH\CodeIgniter.php(941): App\Controllers\Admin\Siswa->tambah()
 6 SYSTEMPATH\CodeIgniter.php(502): CodeIgniter\CodeIgniter->runController(Object(App\Controllers\Admin\Siswa))
 7 SYSTEMPATH\CodeIgniter.php(361): CodeIgniter\CodeIgniter->handleRequest(null, Object(Config\Cache), false)
 8 FCPATH\index.php(36): CodeIgniter\CodeIgniter->run()
 9 ROOTPATH\index.php(7): require_once('C:\\xampp\\htdocs\\webspp\\public\\index.php')
WARNING - 2025-06-22 15:18:33 --> [DEPRECATED] Creation of dynamic property CodeIgniter\View\View::$website is deprecated in APPPATH\Views\admin\layout\wrapper.php on line 5.
 1 SYSTEMPATH\View\View.php(228): include('C:\\xampp\\htdocs\\webspp\\app\\Views\\admin\\layout\\wrapper.php')
 2 SYSTEMPATH\View\View.php(231): CodeIgniter\View\View->CodeIgniter\View\{closure}()
 3 SYSTEMPATH\Common.php(1178): CodeIgniter\View\View->render('admin/layout/wrapper', [], true)
 4 APPPATH\Controllers\Admin\Siswa.php(108): view('admin/layout/wrapper', [...])
 5 SYSTEMPATH\CodeIgniter.php(941): App\Controllers\Admin\Siswa->tambah()
 6 SYSTEMPATH\CodeIgniter.php(502): CodeIgniter\CodeIgniter->runController(Object(App\Controllers\Admin\Siswa))
 7 SYSTEMPATH\CodeIgniter.php(361): CodeIgniter\CodeIgniter->handleRequest(null, Object(Config\Cache), false)
 8 FCPATH\index.php(36): CodeIgniter\CodeIgniter->run()
 9 ROOTPATH\index.php(7): require_once('C:\\xampp\\htdocs\\webspp\\public\\index.php')
WARNING - 2025-06-22 15:18:33 --> [DEPRECATED] Creation of dynamic property CodeIgniter\View\View::$session is deprecated in APPPATH\Views\admin\layout\wrapper.php on line 6.
 1 SYSTEMPATH\View\View.php(228): include('C:\\xampp\\htdocs\\webspp\\app\\Views\\admin\\layout\\wrapper.php')
 2 SYSTEMPATH\View\View.php(231): CodeIgniter\View\View->CodeIgniter\View\{closure}()
 3 SYSTEMPATH\Common.php(1178): CodeIgniter\View\View->render('admin/layout/wrapper', [], true)
 4 APPPATH\Controllers\Admin\Siswa.php(108): view('admin/layout/wrapper', [...])
 5 SYSTEMPATH\CodeIgniter.php(941): App\Controllers\Admin\Siswa->tambah()
 6 SYSTEMPATH\CodeIgniter.php(502): CodeIgniter\CodeIgniter->runController(Object(App\Controllers\Admin\Siswa))
 7 SYSTEMPATH\CodeIgniter.php(361): CodeIgniter\CodeIgniter->handleRequest(null, Object(Config\Cache), false)
 8 FCPATH\index.php(36): CodeIgniter\CodeIgniter->run()
 9 ROOTPATH\index.php(7): require_once('C:\\xampp\\htdocs\\webspp\\public\\index.php')
WARNING - 2025-06-22 15:18:33 --> [DEPRECATED] Creation of dynamic property App\Libraries\Simple_login::$session is deprecated in APPPATH\Libraries\Simple_login.php on line 130.
 1 APPPATH\Views\admin\layout\wrapper.php(8): App\Libraries\Simple_login->checklogin()
 2 SYSTEMPATH\View\View.php(228): include('C:\\xampp\\htdocs\\webspp\\app\\Views\\admin\\layout\\wrapper.php')
 3 SYSTEMPATH\View\View.php(231): CodeIgniter\View\View->CodeIgniter\View\{closure}()
 4 SYSTEMPATH\Common.php(1178): CodeIgniter\View\View->render('admin/layout/wrapper', [], true)
 5 APPPATH\Controllers\Admin\Siswa.php(108): view('admin/layout/wrapper', [...])
 6 SYSTEMPATH\CodeIgniter.php(941): App\Controllers\Admin\Siswa->tambah()
 7 SYSTEMPATH\CodeIgniter.php(502): CodeIgniter\CodeIgniter->runController(Object(App\Controllers\Admin\Siswa))
 8 SYSTEMPATH\CodeIgniter.php(361): CodeIgniter\CodeIgniter->handleRequest(null, Object(Config\Cache), false)
 9 FCPATH\index.php(36): CodeIgniter\CodeIgniter->run()
10 ROOTPATH\index.php(7): require_once('C:\\xampp\\htdocs\\webspp\\public\\index.php')
INFO - 2025-06-22 15:19:40 --> Session: Class initialized using 'CodeIgniter\Session\Handlers\FileHandler' driver.
WARNING - 2025-06-22 15:19:40 --> [DEPRECATED] Creation of dynamic property CodeIgniter\View\View::$simple_login is deprecated in APPPATH\Views\admin\layout\wrapper.php on line 4.
 1 SYSTEMPATH\View\View.php(228): include('C:\\xampp\\htdocs\\webspp\\app\\Views\\admin\\layout\\wrapper.php')
 2 SYSTEMPATH\View\View.php(231): CodeIgniter\View\View->CodeIgniter\View\{closure}()
 3 SYSTEMPATH\Common.php(1178): CodeIgniter\View\View->render('admin/layout/wrapper', [], true)
 4 APPPATH\Controllers\Admin\Siswa.php(108): view('admin/layout/wrapper', [...])
 5 SYSTEMPATH\CodeIgniter.php(941): App\Controllers\Admin\Siswa->tambah()
 6 SYSTEMPATH\CodeIgniter.php(502): CodeIgniter\CodeIgniter->runController(Object(App\Controllers\Admin\Siswa))
 7 SYSTEMPATH\CodeIgniter.php(361): CodeIgniter\CodeIgniter->handleRequest(null, Object(Config\Cache), false)
 8 FCPATH\index.php(36): CodeIgniter\CodeIgniter->run()
 9 ROOTPATH\index.php(7): require_once('C:\\xampp\\htdocs\\webspp\\public\\index.php')
WARNING - 2025-06-22 15:19:40 --> [DEPRECATED] Creation of dynamic property CodeIgniter\View\View::$website is deprecated in APPPATH\Views\admin\layout\wrapper.php on line 5.
 1 SYSTEMPATH\View\View.php(228): include('C:\\xampp\\htdocs\\webspp\\app\\Views\\admin\\layout\\wrapper.php')
 2 SYSTEMPATH\View\View.php(231): CodeIgniter\View\View->CodeIgniter\View\{closure}()
 3 SYSTEMPATH\Common.php(1178): CodeIgniter\View\View->render('admin/layout/wrapper', [], true)
 4 APPPATH\Controllers\Admin\Siswa.php(108): view('admin/layout/wrapper', [...])
 5 SYSTEMPATH\CodeIgniter.php(941): App\Controllers\Admin\Siswa->tambah()
 6 SYSTEMPATH\CodeIgniter.php(502): CodeIgniter\CodeIgniter->runController(Object(App\Controllers\Admin\Siswa))
 7 SYSTEMPATH\CodeIgniter.php(361): CodeIgniter\CodeIgniter->handleRequest(null, Object(Config\Cache), false)
 8 FCPATH\index.php(36): CodeIgniter\CodeIgniter->run()
 9 ROOTPATH\index.php(7): require_once('C:\\xampp\\htdocs\\webspp\\public\\index.php')
WARNING - 2025-06-22 15:19:40 --> [DEPRECATED] Creation of dynamic property CodeIgniter\View\View::$session is deprecated in APPPATH\Views\admin\layout\wrapper.php on line 6.
 1 SYSTEMPATH\View\View.php(228): include('C:\\xampp\\htdocs\\webspp\\app\\Views\\admin\\layout\\wrapper.php')
 2 SYSTEMPATH\View\View.php(231): CodeIgniter\View\View->CodeIgniter\View\{closure}()
 3 SYSTEMPATH\Common.php(1178): CodeIgniter\View\View->render('admin/layout/wrapper', [], true)
 4 APPPATH\Controllers\Admin\Siswa.php(108): view('admin/layout/wrapper', [...])
 5 SYSTEMPATH\CodeIgniter.php(941): App\Controllers\Admin\Siswa->tambah()
 6 SYSTEMPATH\CodeIgniter.php(502): CodeIgniter\CodeIgniter->runController(Object(App\Controllers\Admin\Siswa))
 7 SYSTEMPATH\CodeIgniter.php(361): CodeIgniter\CodeIgniter->handleRequest(null, Object(Config\Cache), false)
 8 FCPATH\index.php(36): CodeIgniter\CodeIgniter->run()
 9 ROOTPATH\index.php(7): require_once('C:\\xampp\\htdocs\\webspp\\public\\index.php')
WARNING - 2025-06-22 15:19:40 --> [DEPRECATED] Creation of dynamic property App\Libraries\Simple_login::$session is deprecated in APPPATH\Libraries\Simple_login.php on line 130.
 1 APPPATH\Views\admin\layout\wrapper.php(8): App\Libraries\Simple_login->checklogin()
 2 SYSTEMPATH\View\View.php(228): include('C:\\xampp\\htdocs\\webspp\\app\\Views\\admin\\layout\\wrapper.php')
 3 SYSTEMPATH\View\View.php(231): CodeIgniter\View\View->CodeIgniter\View\{closure}()
 4 SYSTEMPATH\Common.php(1178): CodeIgniter\View\View->render('admin/layout/wrapper', [], true)
 5 APPPATH\Controllers\Admin\Siswa.php(108): view('admin/layout/wrapper', [...])
 6 SYSTEMPATH\CodeIgniter.php(941): App\Controllers\Admin\Siswa->tambah()
 7 SYSTEMPATH\CodeIgniter.php(502): CodeIgniter\CodeIgniter->runController(Object(App\Controllers\Admin\Siswa))
 8 SYSTEMPATH\CodeIgniter.php(361): CodeIgniter\CodeIgniter->handleRequest(null, Object(Config\Cache), false)
 9 FCPATH\index.php(36): CodeIgniter\CodeIgniter->run()
10 ROOTPATH\index.php(7): require_once('C:\\xampp\\htdocs\\webspp\\public\\index.php')
INFO - 2025-06-22 15:21:10 --> Session: Class initialized using 'CodeIgniter\Session\Handlers\FileHandler' driver.
WARNING - 2025-06-22 15:21:10 --> [DEPRECATED] Creation of dynamic property CodeIgniter\View\View::$simple_login is deprecated in APPPATH\Views\admin\layout\wrapper.php on line 4.
 1 SYSTEMPATH\View\View.php(228): include('C:\\xampp\\htdocs\\webspp\\app\\Views\\admin\\layout\\wrapper.php')
 2 SYSTEMPATH\View\View.php(231): CodeIgniter\View\View->CodeIgniter\View\{closure}()
 3 SYSTEMPATH\Common.php(1178): CodeIgniter\View\View->render('admin/layout/wrapper', [], true)
 4 APPPATH\Controllers\Admin\Siswa.php(118): view('admin/layout/wrapper', [...])
 5 SYSTEMPATH\CodeIgniter.php(941): App\Controllers\Admin\Siswa->tambah()
 6 SYSTEMPATH\CodeIgniter.php(502): CodeIgniter\CodeIgniter->runController(Object(App\Controllers\Admin\Siswa))
 7 SYSTEMPATH\CodeIgniter.php(361): CodeIgniter\CodeIgniter->handleRequest(null, Object(Config\Cache), false)
 8 FCPATH\index.php(36): CodeIgniter\CodeIgniter->run()
 9 ROOTPATH\index.php(7): require_once('C:\\xampp\\htdocs\\webspp\\public\\index.php')
WARNING - 2025-06-22 15:21:10 --> [DEPRECATED] Creation of dynamic property CodeIgniter\View\View::$website is deprecated in APPPATH\Views\admin\layout\wrapper.php on line 5.
 1 SYSTEMPATH\View\View.php(228): include('C:\\xampp\\htdocs\\webspp\\app\\Views\\admin\\layout\\wrapper.php')
 2 SYSTEMPATH\View\View.php(231): CodeIgniter\View\View->CodeIgniter\View\{closure}()
 3 SYSTEMPATH\Common.php(1178): CodeIgniter\View\View->render('admin/layout/wrapper', [], true)
 4 APPPATH\Controllers\Admin\Siswa.php(118): view('admin/layout/wrapper', [...])
 5 SYSTEMPATH\CodeIgniter.php(941): App\Controllers\Admin\Siswa->tambah()
 6 SYSTEMPATH\CodeIgniter.php(502): CodeIgniter\CodeIgniter->runController(Object(App\Controllers\Admin\Siswa))
 7 SYSTEMPATH\CodeIgniter.php(361): CodeIgniter\CodeIgniter->handleRequest(null, Object(Config\Cache), false)
 8 FCPATH\index.php(36): CodeIgniter\CodeIgniter->run()
 9 ROOTPATH\index.php(7): require_once('C:\\xampp\\htdocs\\webspp\\public\\index.php')
WARNING - 2025-06-22 15:21:10 --> [DEPRECATED] Creation of dynamic property CodeIgniter\View\View::$session is deprecated in APPPATH\Views\admin\layout\wrapper.php on line 6.
 1 SYSTEMPATH\View\View.php(228): include('C:\\xampp\\htdocs\\webspp\\app\\Views\\admin\\layout\\wrapper.php')
 2 SYSTEMPATH\View\View.php(231): CodeIgniter\View\View->CodeIgniter\View\{closure}()
 3 SYSTEMPATH\Common.php(1178): CodeIgniter\View\View->render('admin/layout/wrapper', [], true)
 4 APPPATH\Controllers\Admin\Siswa.php(118): view('admin/layout/wrapper', [...])
 5 SYSTEMPATH\CodeIgniter.php(941): App\Controllers\Admin\Siswa->tambah()
 6 SYSTEMPATH\CodeIgniter.php(502): CodeIgniter\CodeIgniter->runController(Object(App\Controllers\Admin\Siswa))
 7 SYSTEMPATH\CodeIgniter.php(361): CodeIgniter\CodeIgniter->handleRequest(null, Object(Config\Cache), false)
 8 FCPATH\index.php(36): CodeIgniter\CodeIgniter->run()
 9 ROOTPATH\index.php(7): require_once('C:\\xampp\\htdocs\\webspp\\public\\index.php')
WARNING - 2025-06-22 15:21:10 --> [DEPRECATED] Creation of dynamic property App\Libraries\Simple_login::$session is deprecated in APPPATH\Libraries\Simple_login.php on line 130.
 1 APPPATH\Views\admin\layout\wrapper.php(8): App\Libraries\Simple_login->checklogin()
 2 SYSTEMPATH\View\View.php(228): include('C:\\xampp\\htdocs\\webspp\\app\\Views\\admin\\layout\\wrapper.php')
 3 SYSTEMPATH\View\View.php(231): CodeIgniter\View\View->CodeIgniter\View\{closure}()
 4 SYSTEMPATH\Common.php(1178): CodeIgniter\View\View->render('admin/layout/wrapper', [], true)
 5 APPPATH\Controllers\Admin\Siswa.php(118): view('admin/layout/wrapper', [...])
 6 SYSTEMPATH\CodeIgniter.php(941): App\Controllers\Admin\Siswa->tambah()
 7 SYSTEMPATH\CodeIgniter.php(502): CodeIgniter\CodeIgniter->runController(Object(App\Controllers\Admin\Siswa))
 8 SYSTEMPATH\CodeIgniter.php(361): CodeIgniter\CodeIgniter->handleRequest(null, Object(Config\Cache), false)
 9 FCPATH\index.php(36): CodeIgniter\CodeIgniter->run()
10 ROOTPATH\index.php(7): require_once('C:\\xampp\\htdocs\\webspp\\public\\index.php')
INFO - 2025-06-22 15:23:25 --> Session: Class initialized using 'CodeIgniter\Session\Handlers\FileHandler' driver.
WARNING - 2025-06-22 15:23:25 --> [DEPRECATED] Creation of dynamic property CodeIgniter\View\View::$simple_login is deprecated in APPPATH\Views\admin\layout\wrapper.php on line 4.
 1 SYSTEMPATH\View\View.php(228): include('C:\\xampp\\htdocs\\webspp\\app\\Views\\admin\\layout\\wrapper.php')
 2 SYSTEMPATH\View\View.php(231): CodeIgniter\View\View->CodeIgniter\View\{closure}()
 3 SYSTEMPATH\Common.php(1178): CodeIgniter\View\View->render('admin/layout/wrapper', [], true)
 4 APPPATH\Controllers\Admin\Siswa.php(118): view('admin/layout/wrapper', [...])
 5 SYSTEMPATH\CodeIgniter.php(941): App\Controllers\Admin\Siswa->tambah()
 6 SYSTEMPATH\CodeIgniter.php(502): CodeIgniter\CodeIgniter->runController(Object(App\Controllers\Admin\Siswa))
 7 SYSTEMPATH\CodeIgniter.php(361): CodeIgniter\CodeIgniter->handleRequest(null, Object(Config\Cache), false)
 8 FCPATH\index.php(36): CodeIgniter\CodeIgniter->run()
 9 ROOTPATH\index.php(7): require_once('C:\\xampp\\htdocs\\webspp\\public\\index.php')
WARNING - 2025-06-22 15:23:25 --> [DEPRECATED] Creation of dynamic property CodeIgniter\View\View::$website is deprecated in APPPATH\Views\admin\layout\wrapper.php on line 5.
 1 SYSTEMPATH\View\View.php(228): include('C:\\xampp\\htdocs\\webspp\\app\\Views\\admin\\layout\\wrapper.php')
 2 SYSTEMPATH\View\View.php(231): CodeIgniter\View\View->CodeIgniter\View\{closure}()
 3 SYSTEMPATH\Common.php(1178): CodeIgniter\View\View->render('admin/layout/wrapper', [], true)
 4 APPPATH\Controllers\Admin\Siswa.php(118): view('admin/layout/wrapper', [...])
 5 SYSTEMPATH\CodeIgniter.php(941): App\Controllers\Admin\Siswa->tambah()
 6 SYSTEMPATH\CodeIgniter.php(502): CodeIgniter\CodeIgniter->runController(Object(App\Controllers\Admin\Siswa))
 7 SYSTEMPATH\CodeIgniter.php(361): CodeIgniter\CodeIgniter->handleRequest(null, Object(Config\Cache), false)
 8 FCPATH\index.php(36): CodeIgniter\CodeIgniter->run()
 9 ROOTPATH\index.php(7): require_once('C:\\xampp\\htdocs\\webspp\\public\\index.php')
WARNING - 2025-06-22 15:23:25 --> [DEPRECATED] Creation of dynamic property CodeIgniter\View\View::$session is deprecated in APPPATH\Views\admin\layout\wrapper.php on line 6.
 1 SYSTEMPATH\View\View.php(228): include('C:\\xampp\\htdocs\\webspp\\app\\Views\\admin\\layout\\wrapper.php')
 2 SYSTEMPATH\View\View.php(231): CodeIgniter\View\View->CodeIgniter\View\{closure}()
 3 SYSTEMPATH\Common.php(1178): CodeIgniter\View\View->render('admin/layout/wrapper', [], true)
 4 APPPATH\Controllers\Admin\Siswa.php(118): view('admin/layout/wrapper', [...])
 5 SYSTEMPATH\CodeIgniter.php(941): App\Controllers\Admin\Siswa->tambah()
 6 SYSTEMPATH\CodeIgniter.php(502): CodeIgniter\CodeIgniter->runController(Object(App\Controllers\Admin\Siswa))
 7 SYSTEMPATH\CodeIgniter.php(361): CodeIgniter\CodeIgniter->handleRequest(null, Object(Config\Cache), false)
 8 FCPATH\index.php(36): CodeIgniter\CodeIgniter->run()
 9 ROOTPATH\index.php(7): require_once('C:\\xampp\\htdocs\\webspp\\public\\index.php')
WARNING - 2025-06-22 15:23:25 --> [DEPRECATED] Creation of dynamic property App\Libraries\Simple_login::$session is deprecated in APPPATH\Libraries\Simple_login.php on line 130.
 1 APPPATH\Views\admin\layout\wrapper.php(8): App\Libraries\Simple_login->checklogin()
 2 SYSTEMPATH\View\View.php(228): include('C:\\xampp\\htdocs\\webspp\\app\\Views\\admin\\layout\\wrapper.php')
 3 SYSTEMPATH\View\View.php(231): CodeIgniter\View\View->CodeIgniter\View\{closure}()
 4 SYSTEMPATH\Common.php(1178): CodeIgniter\View\View->render('admin/layout/wrapper', [], true)
 5 APPPATH\Controllers\Admin\Siswa.php(118): view('admin/layout/wrapper', [...])
 6 SYSTEMPATH\CodeIgniter.php(941): App\Controllers\Admin\Siswa->tambah()
 7 SYSTEMPATH\CodeIgniter.php(502): CodeIgniter\CodeIgniter->runController(Object(App\Controllers\Admin\Siswa))
 8 SYSTEMPATH\CodeIgniter.php(361): CodeIgniter\CodeIgniter->handleRequest(null, Object(Config\Cache), false)
 9 FCPATH\index.php(36): CodeIgniter\CodeIgniter->run()
10 ROOTPATH\index.php(7): require_once('C:\\xampp\\htdocs\\webspp\\public\\index.php')
INFO - 2025-06-22 15:24:01 --> Session: Class initialized using 'CodeIgniter\Session\Handlers\FileHandler' driver.
WARNING - 2025-06-22 15:24:01 --> [DEPRECATED] Creation of dynamic property CodeIgniter\View\View::$simple_login is deprecated in APPPATH\Views\admin\layout\wrapper.php on line 4.
 1 SYSTEMPATH\View\View.php(228): include('C:\\xampp\\htdocs\\webspp\\app\\Views\\admin\\layout\\wrapper.php')
 2 SYSTEMPATH\View\View.php(231): CodeIgniter\View\View->CodeIgniter\View\{closure}()
 3 SYSTEMPATH\Common.php(1178): CodeIgniter\View\View->render('admin/layout/wrapper', [], true)
 4 APPPATH\Controllers\Admin\Siswa.php(118): view('admin/layout/wrapper', [...])
 5 SYSTEMPATH\CodeIgniter.php(941): App\Controllers\Admin\Siswa->tambah()
 6 SYSTEMPATH\CodeIgniter.php(502): CodeIgniter\CodeIgniter->runController(Object(App\Controllers\Admin\Siswa))
 7 SYSTEMPATH\CodeIgniter.php(361): CodeIgniter\CodeIgniter->handleRequest(null, Object(Config\Cache), false)
 8 FCPATH\index.php(36): CodeIgniter\CodeIgniter->run()
 9 ROOTPATH\index.php(7): require_once('C:\\xampp\\htdocs\\webspp\\public\\index.php')
WARNING - 2025-06-22 15:24:01 --> [DEPRECATED] Creation of dynamic property CodeIgniter\View\View::$website is deprecated in APPPATH\Views\admin\layout\wrapper.php on line 5.
 1 SYSTEMPATH\View\View.php(228): include('C:\\xampp\\htdocs\\webspp\\app\\Views\\admin\\layout\\wrapper.php')
 2 SYSTEMPATH\View\View.php(231): CodeIgniter\View\View->CodeIgniter\View\{closure}()
 3 SYSTEMPATH\Common.php(1178): CodeIgniter\View\View->render('admin/layout/wrapper', [], true)
 4 APPPATH\Controllers\Admin\Siswa.php(118): view('admin/layout/wrapper', [...])
 5 SYSTEMPATH\CodeIgniter.php(941): App\Controllers\Admin\Siswa->tambah()
 6 SYSTEMPATH\CodeIgniter.php(502): CodeIgniter\CodeIgniter->runController(Object(App\Controllers\Admin\Siswa))
 7 SYSTEMPATH\CodeIgniter.php(361): CodeIgniter\CodeIgniter->handleRequest(null, Object(Config\Cache), false)
 8 FCPATH\index.php(36): CodeIgniter\CodeIgniter->run()
 9 ROOTPATH\index.php(7): require_once('C:\\xampp\\htdocs\\webspp\\public\\index.php')
WARNING - 2025-06-22 15:24:01 --> [DEPRECATED] Creation of dynamic property CodeIgniter\View\View::$session is deprecated in APPPATH\Views\admin\layout\wrapper.php on line 6.
 1 SYSTEMPATH\View\View.php(228): include('C:\\xampp\\htdocs\\webspp\\app\\Views\\admin\\layout\\wrapper.php')
 2 SYSTEMPATH\View\View.php(231): CodeIgniter\View\View->CodeIgniter\View\{closure}()
 3 SYSTEMPATH\Common.php(1178): CodeIgniter\View\View->render('admin/layout/wrapper', [], true)
 4 APPPATH\Controllers\Admin\Siswa.php(118): view('admin/layout/wrapper', [...])
 5 SYSTEMPATH\CodeIgniter.php(941): App\Controllers\Admin\Siswa->tambah()
 6 SYSTEMPATH\CodeIgniter.php(502): CodeIgniter\CodeIgniter->runController(Object(App\Controllers\Admin\Siswa))
 7 SYSTEMPATH\CodeIgniter.php(361): CodeIgniter\CodeIgniter->handleRequest(null, Object(Config\Cache), false)
 8 FCPATH\index.php(36): CodeIgniter\CodeIgniter->run()
 9 ROOTPATH\index.php(7): require_once('C:\\xampp\\htdocs\\webspp\\public\\index.php')
WARNING - 2025-06-22 15:24:01 --> [DEPRECATED] Creation of dynamic property App\Libraries\Simple_login::$session is deprecated in APPPATH\Libraries\Simple_login.php on line 130.
 1 APPPATH\Views\admin\layout\wrapper.php(8): App\Libraries\Simple_login->checklogin()
 2 SYSTEMPATH\View\View.php(228): include('C:\\xampp\\htdocs\\webspp\\app\\Views\\admin\\layout\\wrapper.php')
 3 SYSTEMPATH\View\View.php(231): CodeIgniter\View\View->CodeIgniter\View\{closure}()
 4 SYSTEMPATH\Common.php(1178): CodeIgniter\View\View->render('admin/layout/wrapper', [], true)
 5 APPPATH\Controllers\Admin\Siswa.php(118): view('admin/layout/wrapper', [...])
 6 SYSTEMPATH\CodeIgniter.php(941): App\Controllers\Admin\Siswa->tambah()
 7 SYSTEMPATH\CodeIgniter.php(502): CodeIgniter\CodeIgniter->runController(Object(App\Controllers\Admin\Siswa))
 8 SYSTEMPATH\CodeIgniter.php(361): CodeIgniter\CodeIgniter->handleRequest(null, Object(Config\Cache), false)
 9 FCPATH\index.php(36): CodeIgniter\CodeIgniter->run()
10 ROOTPATH\index.php(7): require_once('C:\\xampp\\htdocs\\webspp\\public\\index.php')
INFO - 2025-06-22 15:26:06 --> Session: Class initialized using 'CodeIgniter\Session\Handlers\FileHandler' driver.
WARNING - 2025-06-22 15:26:06 --> [DEPRECATED] Creation of dynamic property CodeIgniter\View\View::$simple_login is deprecated in APPPATH\Views\admin\layout\wrapper.php on line 4.
 1 SYSTEMPATH\View\View.php(228): include('C:\\xampp\\htdocs\\webspp\\app\\Views\\admin\\layout\\wrapper.php')
 2 SYSTEMPATH\View\View.php(231): CodeIgniter\View\View->CodeIgniter\View\{closure}()
 3 SYSTEMPATH\Common.php(1178): CodeIgniter\View\View->render('admin/layout/wrapper', [], true)
 4 APPPATH\Controllers\Admin\Siswa.php(128): view('admin/layout/wrapper', [...])
 5 SYSTEMPATH\CodeIgniter.php(941): App\Controllers\Admin\Siswa->tambah()
 6 SYSTEMPATH\CodeIgniter.php(502): CodeIgniter\CodeIgniter->runController(Object(App\Controllers\Admin\Siswa))
 7 SYSTEMPATH\CodeIgniter.php(361): CodeIgniter\CodeIgniter->handleRequest(null, Object(Config\Cache), false)
 8 FCPATH\index.php(36): CodeIgniter\CodeIgniter->run()
 9 ROOTPATH\index.php(7): require_once('C:\\xampp\\htdocs\\webspp\\public\\index.php')
WARNING - 2025-06-22 15:26:06 --> [DEPRECATED] Creation of dynamic property CodeIgniter\View\View::$website is deprecated in APPPATH\Views\admin\layout\wrapper.php on line 5.
 1 SYSTEMPATH\View\View.php(228): include('C:\\xampp\\htdocs\\webspp\\app\\Views\\admin\\layout\\wrapper.php')
 2 SYSTEMPATH\View\View.php(231): CodeIgniter\View\View->CodeIgniter\View\{closure}()
 3 SYSTEMPATH\Common.php(1178): CodeIgniter\View\View->render('admin/layout/wrapper', [], true)
 4 APPPATH\Controllers\Admin\Siswa.php(128): view('admin/layout/wrapper', [...])
 5 SYSTEMPATH\CodeIgniter.php(941): App\Controllers\Admin\Siswa->tambah()
 6 SYSTEMPATH\CodeIgniter.php(502): CodeIgniter\CodeIgniter->runController(Object(App\Controllers\Admin\Siswa))
 7 SYSTEMPATH\CodeIgniter.php(361): CodeIgniter\CodeIgniter->handleRequest(null, Object(Config\Cache), false)
 8 FCPATH\index.php(36): CodeIgniter\CodeIgniter->run()
 9 ROOTPATH\index.php(7): require_once('C:\\xampp\\htdocs\\webspp\\public\\index.php')
WARNING - 2025-06-22 15:26:06 --> [DEPRECATED] Creation of dynamic property CodeIgniter\View\View::$session is deprecated in APPPATH\Views\admin\layout\wrapper.php on line 6.
 1 SYSTEMPATH\View\View.php(228): include('C:\\xampp\\htdocs\\webspp\\app\\Views\\admin\\layout\\wrapper.php')
 2 SYSTEMPATH\View\View.php(231): CodeIgniter\View\View->CodeIgniter\View\{closure}()
 3 SYSTEMPATH\Common.php(1178): CodeIgniter\View\View->render('admin/layout/wrapper', [], true)
 4 APPPATH\Controllers\Admin\Siswa.php(128): view('admin/layout/wrapper', [...])
 5 SYSTEMPATH\CodeIgniter.php(941): App\Controllers\Admin\Siswa->tambah()
 6 SYSTEMPATH\CodeIgniter.php(502): CodeIgniter\CodeIgniter->runController(Object(App\Controllers\Admin\Siswa))
 7 SYSTEMPATH\CodeIgniter.php(361): CodeIgniter\CodeIgniter->handleRequest(null, Object(Config\Cache), false)
 8 FCPATH\index.php(36): CodeIgniter\CodeIgniter->run()
 9 ROOTPATH\index.php(7): require_once('C:\\xampp\\htdocs\\webspp\\public\\index.php')
WARNING - 2025-06-22 15:26:06 --> [DEPRECATED] Creation of dynamic property App\Libraries\Simple_login::$session is deprecated in APPPATH\Libraries\Simple_login.php on line 130.
 1 APPPATH\Views\admin\layout\wrapper.php(8): App\Libraries\Simple_login->checklogin()
 2 SYSTEMPATH\View\View.php(228): include('C:\\xampp\\htdocs\\webspp\\app\\Views\\admin\\layout\\wrapper.php')
 3 SYSTEMPATH\View\View.php(231): CodeIgniter\View\View->CodeIgniter\View\{closure}()
 4 SYSTEMPATH\Common.php(1178): CodeIgniter\View\View->render('admin/layout/wrapper', [], true)
 5 APPPATH\Controllers\Admin\Siswa.php(128): view('admin/layout/wrapper', [...])
 6 SYSTEMPATH\CodeIgniter.php(941): App\Controllers\Admin\Siswa->tambah()
 7 SYSTEMPATH\CodeIgniter.php(502): CodeIgniter\CodeIgniter->runController(Object(App\Controllers\Admin\Siswa))
 8 SYSTEMPATH\CodeIgniter.php(361): CodeIgniter\CodeIgniter->handleRequest(null, Object(Config\Cache), false)
 9 FCPATH\index.php(36): CodeIgniter\CodeIgniter->run()
10 ROOTPATH\index.php(7): require_once('C:\\xampp\\htdocs\\webspp\\public\\index.php')
INFO - 2025-06-22 15:26:20 --> Session: Class initialized using 'CodeIgniter\Session\Handlers\FileHandler' driver.
WARNING - 2025-06-22 15:26:20 --> [DEPRECATED] Creation of dynamic property CodeIgniter\View\View::$simple_login is deprecated in APPPATH\Views\admin\layout\wrapper.php on line 4.
 1 SYSTEMPATH\View\View.php(228): include('C:\\xampp\\htdocs\\webspp\\app\\Views\\admin\\layout\\wrapper.php')
 2 SYSTEMPATH\View\View.php(231): CodeIgniter\View\View->CodeIgniter\View\{closure}()
 3 SYSTEMPATH\Common.php(1178): CodeIgniter\View\View->render('admin/layout/wrapper', [], true)
 4 APPPATH\Controllers\Admin\Siswa.php(128): view('admin/layout/wrapper', [...])
 5 SYSTEMPATH\CodeIgniter.php(941): App\Controllers\Admin\Siswa->tambah()
 6 SYSTEMPATH\CodeIgniter.php(502): CodeIgniter\CodeIgniter->runController(Object(App\Controllers\Admin\Siswa))
 7 SYSTEMPATH\CodeIgniter.php(361): CodeIgniter\CodeIgniter->handleRequest(null, Object(Config\Cache), false)
 8 FCPATH\index.php(36): CodeIgniter\CodeIgniter->run()
 9 ROOTPATH\index.php(7): require_once('C:\\xampp\\htdocs\\webspp\\public\\index.php')
WARNING - 2025-06-22 15:26:20 --> [DEPRECATED] Creation of dynamic property CodeIgniter\View\View::$website is deprecated in APPPATH\Views\admin\layout\wrapper.php on line 5.
 1 SYSTEMPATH\View\View.php(228): include('C:\\xampp\\htdocs\\webspp\\app\\Views\\admin\\layout\\wrapper.php')
 2 SYSTEMPATH\View\View.php(231): CodeIgniter\View\View->CodeIgniter\View\{closure}()
 3 SYSTEMPATH\Common.php(1178): CodeIgniter\View\View->render('admin/layout/wrapper', [], true)
 4 APPPATH\Controllers\Admin\Siswa.php(128): view('admin/layout/wrapper', [...])
 5 SYSTEMPATH\CodeIgniter.php(941): App\Controllers\Admin\Siswa->tambah()
 6 SYSTEMPATH\CodeIgniter.php(502): CodeIgniter\CodeIgniter->runController(Object(App\Controllers\Admin\Siswa))
 7 SYSTEMPATH\CodeIgniter.php(361): CodeIgniter\CodeIgniter->handleRequest(null, Object(Config\Cache), false)
 8 FCPATH\index.php(36): CodeIgniter\CodeIgniter->run()
 9 ROOTPATH\index.php(7): require_once('C:\\xampp\\htdocs\\webspp\\public\\index.php')
WARNING - 2025-06-22 15:26:20 --> [DEPRECATED] Creation of dynamic property CodeIgniter\View\View::$session is deprecated in APPPATH\Views\admin\layout\wrapper.php on line 6.
 1 SYSTEMPATH\View\View.php(228): include('C:\\xampp\\htdocs\\webspp\\app\\Views\\admin\\layout\\wrapper.php')
 2 SYSTEMPATH\View\View.php(231): CodeIgniter\View\View->CodeIgniter\View\{closure}()
 3 SYSTEMPATH\Common.php(1178): CodeIgniter\View\View->render('admin/layout/wrapper', [], true)
 4 APPPATH\Controllers\Admin\Siswa.php(128): view('admin/layout/wrapper', [...])
 5 SYSTEMPATH\CodeIgniter.php(941): App\Controllers\Admin\Siswa->tambah()
 6 SYSTEMPATH\CodeIgniter.php(502): CodeIgniter\CodeIgniter->runController(Object(App\Controllers\Admin\Siswa))
 7 SYSTEMPATH\CodeIgniter.php(361): CodeIgniter\CodeIgniter->handleRequest(null, Object(Config\Cache), false)
 8 FCPATH\index.php(36): CodeIgniter\CodeIgniter->run()
 9 ROOTPATH\index.php(7): require_once('C:\\xampp\\htdocs\\webspp\\public\\index.php')
WARNING - 2025-06-22 15:26:20 --> [DEPRECATED] Creation of dynamic property App\Libraries\Simple_login::$session is deprecated in APPPATH\Libraries\Simple_login.php on line 130.
 1 APPPATH\Views\admin\layout\wrapper.php(8): App\Libraries\Simple_login->checklogin()
 2 SYSTEMPATH\View\View.php(228): include('C:\\xampp\\htdocs\\webspp\\app\\Views\\admin\\layout\\wrapper.php')
 3 SYSTEMPATH\View\View.php(231): CodeIgniter\View\View->CodeIgniter\View\{closure}()
 4 SYSTEMPATH\Common.php(1178): CodeIgniter\View\View->render('admin/layout/wrapper', [], true)
 5 APPPATH\Controllers\Admin\Siswa.php(128): view('admin/layout/wrapper', [...])
 6 SYSTEMPATH\CodeIgniter.php(941): App\Controllers\Admin\Siswa->tambah()
 7 SYSTEMPATH\CodeIgniter.php(502): CodeIgniter\CodeIgniter->runController(Object(App\Controllers\Admin\Siswa))
 8 SYSTEMPATH\CodeIgniter.php(361): CodeIgniter\CodeIgniter->handleRequest(null, Object(Config\Cache), false)
 9 FCPATH\index.php(36): CodeIgniter\CodeIgniter->run()
10 ROOTPATH\index.php(7): require_once('C:\\xampp\\htdocs\\webspp\\public\\index.php')
INFO - 2025-06-22 15:26:29 --> Session: Class initialized using 'CodeIgniter\Session\Handlers\FileHandler' driver.
WARNING - 2025-06-22 15:26:30 --> [DEPRECATED] Creation of dynamic property CodeIgniter\View\View::$simple_login is deprecated in APPPATH\Views\admin\layout\wrapper.php on line 4.
 1 SYSTEMPATH\View\View.php(228): include('C:\\xampp\\htdocs\\webspp\\app\\Views\\admin\\layout\\wrapper.php')
 2 SYSTEMPATH\View\View.php(231): CodeIgniter\View\View->CodeIgniter\View\{closure}()
 3 SYSTEMPATH\Common.php(1178): CodeIgniter\View\View->render('admin/layout/wrapper', [], true)
 4 APPPATH\Controllers\Admin\Siswa.php(128): view('admin/layout/wrapper', [...])
 5 SYSTEMPATH\CodeIgniter.php(941): App\Controllers\Admin\Siswa->tambah()
 6 SYSTEMPATH\CodeIgniter.php(502): CodeIgniter\CodeIgniter->runController(Object(App\Controllers\Admin\Siswa))
 7 SYSTEMPATH\CodeIgniter.php(361): CodeIgniter\CodeIgniter->handleRequest(null, Object(Config\Cache), false)
 8 FCPATH\index.php(36): CodeIgniter\CodeIgniter->run()
 9 ROOTPATH\index.php(7): require_once('C:\\xampp\\htdocs\\webspp\\public\\index.php')
WARNING - 2025-06-22 15:26:30 --> [DEPRECATED] Creation of dynamic property CodeIgniter\View\View::$website is deprecated in APPPATH\Views\admin\layout\wrapper.php on line 5.
 1 SYSTEMPATH\View\View.php(228): include('C:\\xampp\\htdocs\\webspp\\app\\Views\\admin\\layout\\wrapper.php')
 2 SYSTEMPATH\View\View.php(231): CodeIgniter\View\View->CodeIgniter\View\{closure}()
 3 SYSTEMPATH\Common.php(1178): CodeIgniter\View\View->render('admin/layout/wrapper', [], true)
 4 APPPATH\Controllers\Admin\Siswa.php(128): view('admin/layout/wrapper', [...])
 5 SYSTEMPATH\CodeIgniter.php(941): App\Controllers\Admin\Siswa->tambah()
 6 SYSTEMPATH\CodeIgniter.php(502): CodeIgniter\CodeIgniter->runController(Object(App\Controllers\Admin\Siswa))
 7 SYSTEMPATH\CodeIgniter.php(361): CodeIgniter\CodeIgniter->handleRequest(null, Object(Config\Cache), false)
 8 FCPATH\index.php(36): CodeIgniter\CodeIgniter->run()
 9 ROOTPATH\index.php(7): require_once('C:\\xampp\\htdocs\\webspp\\public\\index.php')
WARNING - 2025-06-22 15:26:30 --> [DEPRECATED] Creation of dynamic property CodeIgniter\View\View::$session is deprecated in APPPATH\Views\admin\layout\wrapper.php on line 6.
 1 SYSTEMPATH\View\View.php(228): include('C:\\xampp\\htdocs\\webspp\\app\\Views\\admin\\layout\\wrapper.php')
 2 SYSTEMPATH\View\View.php(231): CodeIgniter\View\View->CodeIgniter\View\{closure}()
 3 SYSTEMPATH\Common.php(1178): CodeIgniter\View\View->render('admin/layout/wrapper', [], true)
 4 APPPATH\Controllers\Admin\Siswa.php(128): view('admin/layout/wrapper', [...])
 5 SYSTEMPATH\CodeIgniter.php(941): App\Controllers\Admin\Siswa->tambah()
 6 SYSTEMPATH\CodeIgniter.php(502): CodeIgniter\CodeIgniter->runController(Object(App\Controllers\Admin\Siswa))
 7 SYSTEMPATH\CodeIgniter.php(361): CodeIgniter\CodeIgniter->handleRequest(null, Object(Config\Cache), false)
 8 FCPATH\index.php(36): CodeIgniter\CodeIgniter->run()
 9 ROOTPATH\index.php(7): require_once('C:\\xampp\\htdocs\\webspp\\public\\index.php')
WARNING - 2025-06-22 15:26:30 --> [DEPRECATED] Creation of dynamic property App\Libraries\Simple_login::$session is deprecated in APPPATH\Libraries\Simple_login.php on line 130.
 1 APPPATH\Views\admin\layout\wrapper.php(8): App\Libraries\Simple_login->checklogin()
 2 SYSTEMPATH\View\View.php(228): include('C:\\xampp\\htdocs\\webspp\\app\\Views\\admin\\layout\\wrapper.php')
 3 SYSTEMPATH\View\View.php(231): CodeIgniter\View\View->CodeIgniter\View\{closure}()
 4 SYSTEMPATH\Common.php(1178): CodeIgniter\View\View->render('admin/layout/wrapper', [], true)
 5 APPPATH\Controllers\Admin\Siswa.php(128): view('admin/layout/wrapper', [...])
 6 SYSTEMPATH\CodeIgniter.php(941): App\Controllers\Admin\Siswa->tambah()
 7 SYSTEMPATH\CodeIgniter.php(502): CodeIgniter\CodeIgniter->runController(Object(App\Controllers\Admin\Siswa))
 8 SYSTEMPATH\CodeIgniter.php(361): CodeIgniter\CodeIgniter->handleRequest(null, Object(Config\Cache), false)
 9 FCPATH\index.php(36): CodeIgniter\CodeIgniter->run()
10 ROOTPATH\index.php(7): require_once('C:\\xampp\\htdocs\\webspp\\public\\index.php')
INFO - 2025-06-22 15:28:40 --> Session: Class initialized using 'CodeIgniter\Session\Handlers\FileHandler' driver.
WARNING - 2025-06-22 15:28:40 --> [DEPRECATED] Creation of dynamic property CodeIgniter\View\View::$simple_login is deprecated in APPPATH\Views\admin\layout\wrapper.php on line 4.
 1 SYSTEMPATH\View\View.php(228): include('C:\\xampp\\htdocs\\webspp\\app\\Views\\admin\\layout\\wrapper.php')
 2 SYSTEMPATH\View\View.php(231): CodeIgniter\View\View->CodeIgniter\View\{closure}()
 3 SYSTEMPATH\Common.php(1178): CodeIgniter\View\View->render('admin/layout/wrapper', [], true)
 4 APPPATH\Controllers\Admin\Siswa.php(136): view('admin/layout/wrapper', [...])
 5 SYSTEMPATH\CodeIgniter.php(941): App\Controllers\Admin\Siswa->tambah()
 6 SYSTEMPATH\CodeIgniter.php(502): CodeIgniter\CodeIgniter->runController(Object(App\Controllers\Admin\Siswa))
 7 SYSTEMPATH\CodeIgniter.php(361): CodeIgniter\CodeIgniter->handleRequest(null, Object(Config\Cache), false)
 8 FCPATH\index.php(36): CodeIgniter\CodeIgniter->run()
 9 ROOTPATH\index.php(7): require_once('C:\\xampp\\htdocs\\webspp\\public\\index.php')
WARNING - 2025-06-22 15:28:40 --> [DEPRECATED] Creation of dynamic property CodeIgniter\View\View::$website is deprecated in APPPATH\Views\admin\layout\wrapper.php on line 5.
 1 SYSTEMPATH\View\View.php(228): include('C:\\xampp\\htdocs\\webspp\\app\\Views\\admin\\layout\\wrapper.php')
 2 SYSTEMPATH\View\View.php(231): CodeIgniter\View\View->CodeIgniter\View\{closure}()
 3 SYSTEMPATH\Common.php(1178): CodeIgniter\View\View->render('admin/layout/wrapper', [], true)
 4 APPPATH\Controllers\Admin\Siswa.php(136): view('admin/layout/wrapper', [...])
 5 SYSTEMPATH\CodeIgniter.php(941): App\Controllers\Admin\Siswa->tambah()
 6 SYSTEMPATH\CodeIgniter.php(502): CodeIgniter\CodeIgniter->runController(Object(App\Controllers\Admin\Siswa))
 7 SYSTEMPATH\CodeIgniter.php(361): CodeIgniter\CodeIgniter->handleRequest(null, Object(Config\Cache), false)
 8 FCPATH\index.php(36): CodeIgniter\CodeIgniter->run()
 9 ROOTPATH\index.php(7): require_once('C:\\xampp\\htdocs\\webspp\\public\\index.php')
WARNING - 2025-06-22 15:28:40 --> [DEPRECATED] Creation of dynamic property CodeIgniter\View\View::$session is deprecated in APPPATH\Views\admin\layout\wrapper.php on line 6.
 1 SYSTEMPATH\View\View.php(228): include('C:\\xampp\\htdocs\\webspp\\app\\Views\\admin\\layout\\wrapper.php')
 2 SYSTEMPATH\View\View.php(231): CodeIgniter\View\View->CodeIgniter\View\{closure}()
 3 SYSTEMPATH\Common.php(1178): CodeIgniter\View\View->render('admin/layout/wrapper', [], true)
 4 APPPATH\Controllers\Admin\Siswa.php(136): view('admin/layout/wrapper', [...])
 5 SYSTEMPATH\CodeIgniter.php(941): App\Controllers\Admin\Siswa->tambah()
 6 SYSTEMPATH\CodeIgniter.php(502): CodeIgniter\CodeIgniter->runController(Object(App\Controllers\Admin\Siswa))
 7 SYSTEMPATH\CodeIgniter.php(361): CodeIgniter\CodeIgniter->handleRequest(null, Object(Config\Cache), false)
 8 FCPATH\index.php(36): CodeIgniter\CodeIgniter->run()
 9 ROOTPATH\index.php(7): require_once('C:\\xampp\\htdocs\\webspp\\public\\index.php')
WARNING - 2025-06-22 15:28:40 --> [DEPRECATED] Creation of dynamic property App\Libraries\Simple_login::$session is deprecated in APPPATH\Libraries\Simple_login.php on line 130.
 1 APPPATH\Views\admin\layout\wrapper.php(8): App\Libraries\Simple_login->checklogin()
 2 SYSTEMPATH\View\View.php(228): include('C:\\xampp\\htdocs\\webspp\\app\\Views\\admin\\layout\\wrapper.php')
 3 SYSTEMPATH\View\View.php(231): CodeIgniter\View\View->CodeIgniter\View\{closure}()
 4 SYSTEMPATH\Common.php(1178): CodeIgniter\View\View->render('admin/layout/wrapper', [], true)
 5 APPPATH\Controllers\Admin\Siswa.php(136): view('admin/layout/wrapper', [...])
 6 SYSTEMPATH\CodeIgniter.php(941): App\Controllers\Admin\Siswa->tambah()
 7 SYSTEMPATH\CodeIgniter.php(502): CodeIgniter\CodeIgniter->runController(Object(App\Controllers\Admin\Siswa))
 8 SYSTEMPATH\CodeIgniter.php(361): CodeIgniter\CodeIgniter->handleRequest(null, Object(Config\Cache), false)
 9 FCPATH\index.php(36): CodeIgniter\CodeIgniter->run()
10 ROOTPATH\index.php(7): require_once('C:\\xampp\\htdocs\\webspp\\public\\index.php')
INFO - 2025-06-22 15:28:45 --> Session: Class initialized using 'CodeIgniter\Session\Handlers\FileHandler' driver.
WARNING - 2025-06-22 15:28:45 --> [DEPRECATED] Creation of dynamic property CodeIgniter\View\View::$simple_login is deprecated in APPPATH\Views\admin\layout\wrapper.php on line 4.
 1 SYSTEMPATH\View\View.php(228): include('C:\\xampp\\htdocs\\webspp\\app\\Views\\admin\\layout\\wrapper.php')
 2 SYSTEMPATH\View\View.php(231): CodeIgniter\View\View->CodeIgniter\View\{closure}()
 3 SYSTEMPATH\Common.php(1178): CodeIgniter\View\View->render('admin/layout/wrapper', [], true)
 4 APPPATH\Controllers\Admin\Siswa.php(136): view('admin/layout/wrapper', [...])
 5 SYSTEMPATH\CodeIgniter.php(941): App\Controllers\Admin\Siswa->tambah()
 6 SYSTEMPATH\CodeIgniter.php(502): CodeIgniter\CodeIgniter->runController(Object(App\Controllers\Admin\Siswa))
 7 SYSTEMPATH\CodeIgniter.php(361): CodeIgniter\CodeIgniter->handleRequest(null, Object(Config\Cache), false)
 8 FCPATH\index.php(36): CodeIgniter\CodeIgniter->run()
 9 ROOTPATH\index.php(7): require_once('C:\\xampp\\htdocs\\webspp\\public\\index.php')
WARNING - 2025-06-22 15:28:45 --> [DEPRECATED] Creation of dynamic property CodeIgniter\View\View::$website is deprecated in APPPATH\Views\admin\layout\wrapper.php on line 5.
 1 SYSTEMPATH\View\View.php(228): include('C:\\xampp\\htdocs\\webspp\\app\\Views\\admin\\layout\\wrapper.php')
 2 SYSTEMPATH\View\View.php(231): CodeIgniter\View\View->CodeIgniter\View\{closure}()
 3 SYSTEMPATH\Common.php(1178): CodeIgniter\View\View->render('admin/layout/wrapper', [], true)
 4 APPPATH\Controllers\Admin\Siswa.php(136): view('admin/layout/wrapper', [...])
 5 SYSTEMPATH\CodeIgniter.php(941): App\Controllers\Admin\Siswa->tambah()
 6 SYSTEMPATH\CodeIgniter.php(502): CodeIgniter\CodeIgniter->runController(Object(App\Controllers\Admin\Siswa))
 7 SYSTEMPATH\CodeIgniter.php(361): CodeIgniter\CodeIgniter->handleRequest(null, Object(Config\Cache), false)
 8 FCPATH\index.php(36): CodeIgniter\CodeIgniter->run()
 9 ROOTPATH\index.php(7): require_once('C:\\xampp\\htdocs\\webspp\\public\\index.php')
WARNING - 2025-06-22 15:28:45 --> [DEPRECATED] Creation of dynamic property CodeIgniter\View\View::$session is deprecated in APPPATH\Views\admin\layout\wrapper.php on line 6.
 1 SYSTEMPATH\View\View.php(228): include('C:\\xampp\\htdocs\\webspp\\app\\Views\\admin\\layout\\wrapper.php')
 2 SYSTEMPATH\View\View.php(231): CodeIgniter\View\View->CodeIgniter\View\{closure}()
 3 SYSTEMPATH\Common.php(1178): CodeIgniter\View\View->render('admin/layout/wrapper', [], true)
 4 APPPATH\Controllers\Admin\Siswa.php(136): view('admin/layout/wrapper', [...])
 5 SYSTEMPATH\CodeIgniter.php(941): App\Controllers\Admin\Siswa->tambah()
 6 SYSTEMPATH\CodeIgniter.php(502): CodeIgniter\CodeIgniter->runController(Object(App\Controllers\Admin\Siswa))
 7 SYSTEMPATH\CodeIgniter.php(361): CodeIgniter\CodeIgniter->handleRequest(null, Object(Config\Cache), false)
 8 FCPATH\index.php(36): CodeIgniter\CodeIgniter->run()
 9 ROOTPATH\index.php(7): require_once('C:\\xampp\\htdocs\\webspp\\public\\index.php')
WARNING - 2025-06-22 15:28:45 --> [DEPRECATED] Creation of dynamic property App\Libraries\Simple_login::$session is deprecated in APPPATH\Libraries\Simple_login.php on line 130.
 1 APPPATH\Views\admin\layout\wrapper.php(8): App\Libraries\Simple_login->checklogin()
 2 SYSTEMPATH\View\View.php(228): include('C:\\xampp\\htdocs\\webspp\\app\\Views\\admin\\layout\\wrapper.php')
 3 SYSTEMPATH\View\View.php(231): CodeIgniter\View\View->CodeIgniter\View\{closure}()
 4 SYSTEMPATH\Common.php(1178): CodeIgniter\View\View->render('admin/layout/wrapper', [], true)
 5 APPPATH\Controllers\Admin\Siswa.php(136): view('admin/layout/wrapper', [...])
 6 SYSTEMPATH\CodeIgniter.php(941): App\Controllers\Admin\Siswa->tambah()
 7 SYSTEMPATH\CodeIgniter.php(502): CodeIgniter\CodeIgniter->runController(Object(App\Controllers\Admin\Siswa))
 8 SYSTEMPATH\CodeIgniter.php(361): CodeIgniter\CodeIgniter->handleRequest(null, Object(Config\Cache), false)
 9 FCPATH\index.php(36): CodeIgniter\CodeIgniter->run()
10 ROOTPATH\index.php(7): require_once('C:\\xampp\\htdocs\\webspp\\public\\index.php')
INFO - 2025-06-22 15:28:50 --> Session: Class initialized using 'CodeIgniter\Session\Handlers\FileHandler' driver.
WARNING - 2025-06-22 15:28:50 --> [DEPRECATED] Creation of dynamic property CodeIgniter\View\View::$simple_login is deprecated in APPPATH\Views\admin\layout\wrapper.php on line 4.
 1 SYSTEMPATH\View\View.php(228): include('C:\\xampp\\htdocs\\webspp\\app\\Views\\admin\\layout\\wrapper.php')
 2 SYSTEMPATH\View\View.php(231): CodeIgniter\View\View->CodeIgniter\View\{closure}()
 3 SYSTEMPATH\Common.php(1178): CodeIgniter\View\View->render('admin/layout/wrapper', [], true)
 4 APPPATH\Controllers\Admin\Siswa.php(53): view('admin/layout/wrapper', [...])
 5 SYSTEMPATH\CodeIgniter.php(941): App\Controllers\Admin\Siswa->index()
 6 SYSTEMPATH\CodeIgniter.php(502): CodeIgniter\CodeIgniter->runController(Object(App\Controllers\Admin\Siswa))
 7 SYSTEMPATH\CodeIgniter.php(361): CodeIgniter\CodeIgniter->handleRequest(null, Object(Config\Cache), false)
 8 FCPATH\index.php(36): CodeIgniter\CodeIgniter->run()
 9 ROOTPATH\index.php(7): require_once('C:\\xampp\\htdocs\\webspp\\public\\index.php')
WARNING - 2025-06-22 15:28:50 --> [DEPRECATED] Creation of dynamic property CodeIgniter\View\View::$website is deprecated in APPPATH\Views\admin\layout\wrapper.php on line 5.
 1 SYSTEMPATH\View\View.php(228): include('C:\\xampp\\htdocs\\webspp\\app\\Views\\admin\\layout\\wrapper.php')
 2 SYSTEMPATH\View\View.php(231): CodeIgniter\View\View->CodeIgniter\View\{closure}()
 3 SYSTEMPATH\Common.php(1178): CodeIgniter\View\View->render('admin/layout/wrapper', [], true)
 4 APPPATH\Controllers\Admin\Siswa.php(53): view('admin/layout/wrapper', [...])
 5 SYSTEMPATH\CodeIgniter.php(941): App\Controllers\Admin\Siswa->index()
 6 SYSTEMPATH\CodeIgniter.php(502): CodeIgniter\CodeIgniter->runController(Object(App\Controllers\Admin\Siswa))
 7 SYSTEMPATH\CodeIgniter.php(361): CodeIgniter\CodeIgniter->handleRequest(null, Object(Config\Cache), false)
 8 FCPATH\index.php(36): CodeIgniter\CodeIgniter->run()
 9 ROOTPATH\index.php(7): require_once('C:\\xampp\\htdocs\\webspp\\public\\index.php')
WARNING - 2025-06-22 15:28:50 --> [DEPRECATED] Creation of dynamic property CodeIgniter\View\View::$session is deprecated in APPPATH\Views\admin\layout\wrapper.php on line 6.
 1 SYSTEMPATH\View\View.php(228): include('C:\\xampp\\htdocs\\webspp\\app\\Views\\admin\\layout\\wrapper.php')
 2 SYSTEMPATH\View\View.php(231): CodeIgniter\View\View->CodeIgniter\View\{closure}()
 3 SYSTEMPATH\Common.php(1178): CodeIgniter\View\View->render('admin/layout/wrapper', [], true)
 4 APPPATH\Controllers\Admin\Siswa.php(53): view('admin/layout/wrapper', [...])
 5 SYSTEMPATH\CodeIgniter.php(941): App\Controllers\Admin\Siswa->index()
 6 SYSTEMPATH\CodeIgniter.php(502): CodeIgniter\CodeIgniter->runController(Object(App\Controllers\Admin\Siswa))
 7 SYSTEMPATH\CodeIgniter.php(361): CodeIgniter\CodeIgniter->handleRequest(null, Object(Config\Cache), false)
 8 FCPATH\index.php(36): CodeIgniter\CodeIgniter->run()
 9 ROOTPATH\index.php(7): require_once('C:\\xampp\\htdocs\\webspp\\public\\index.php')
WARNING - 2025-06-22 15:28:50 --> [DEPRECATED] Creation of dynamic property App\Libraries\Simple_login::$session is deprecated in APPPATH\Libraries\Simple_login.php on line 130.
 1 APPPATH\Views\admin\layout\wrapper.php(8): App\Libraries\Simple_login->checklogin()
 2 SYSTEMPATH\View\View.php(228): include('C:\\xampp\\htdocs\\webspp\\app\\Views\\admin\\layout\\wrapper.php')
 3 SYSTEMPATH\View\View.php(231): CodeIgniter\View\View->CodeIgniter\View\{closure}()
 4 SYSTEMPATH\Common.php(1178): CodeIgniter\View\View->render('admin/layout/wrapper', [], true)
 5 APPPATH\Controllers\Admin\Siswa.php(53): view('admin/layout/wrapper', [...])
 6 SYSTEMPATH\CodeIgniter.php(941): App\Controllers\Admin\Siswa->index()
 7 SYSTEMPATH\CodeIgniter.php(502): CodeIgniter\CodeIgniter->runController(Object(App\Controllers\Admin\Siswa))
 8 SYSTEMPATH\CodeIgniter.php(361): CodeIgniter\CodeIgniter->handleRequest(null, Object(Config\Cache), false)
 9 FCPATH\index.php(36): CodeIgniter\CodeIgniter->run()
10 ROOTPATH\index.php(7): require_once('C:\\xampp\\htdocs\\webspp\\public\\index.php')
INFO - 2025-06-22 15:28:52 --> Session: Class initialized using 'CodeIgniter\Session\Handlers\FileHandler' driver.
WARNING - 2025-06-22 15:28:52 --> [DEPRECATED] Creation of dynamic property CodeIgniter\View\View::$simple_login is deprecated in APPPATH\Views\admin\layout\wrapper.php on line 4.
 1 SYSTEMPATH\View\View.php(228): include('C:\\xampp\\htdocs\\webspp\\app\\Views\\admin\\layout\\wrapper.php')
 2 SYSTEMPATH\View\View.php(231): CodeIgniter\View\View->CodeIgniter\View\{closure}()
 3 SYSTEMPATH\Common.php(1178): CodeIgniter\View\View->render('admin/layout/wrapper', [], true)
 4 APPPATH\Controllers\Admin\Siswa.php(136): view('admin/layout/wrapper', [...])
 5 SYSTEMPATH\CodeIgniter.php(941): App\Controllers\Admin\Siswa->tambah()
 6 SYSTEMPATH\CodeIgniter.php(502): CodeIgniter\CodeIgniter->runController(Object(App\Controllers\Admin\Siswa))
 7 SYSTEMPATH\CodeIgniter.php(361): CodeIgniter\CodeIgniter->handleRequest(null, Object(Config\Cache), false)
 8 FCPATH\index.php(36): CodeIgniter\CodeIgniter->run()
 9 ROOTPATH\index.php(7): require_once('C:\\xampp\\htdocs\\webspp\\public\\index.php')
WARNING - 2025-06-22 15:28:52 --> [DEPRECATED] Creation of dynamic property CodeIgniter\View\View::$website is deprecated in APPPATH\Views\admin\layout\wrapper.php on line 5.
 1 SYSTEMPATH\View\View.php(228): include('C:\\xampp\\htdocs\\webspp\\app\\Views\\admin\\layout\\wrapper.php')
 2 SYSTEMPATH\View\View.php(231): CodeIgniter\View\View->CodeIgniter\View\{closure}()
 3 SYSTEMPATH\Common.php(1178): CodeIgniter\View\View->render('admin/layout/wrapper', [], true)
 4 APPPATH\Controllers\Admin\Siswa.php(136): view('admin/layout/wrapper', [...])
 5 SYSTEMPATH\CodeIgniter.php(941): App\Controllers\Admin\Siswa->tambah()
 6 SYSTEMPATH\CodeIgniter.php(502): CodeIgniter\CodeIgniter->runController(Object(App\Controllers\Admin\Siswa))
 7 SYSTEMPATH\CodeIgniter.php(361): CodeIgniter\CodeIgniter->handleRequest(null, Object(Config\Cache), false)
 8 FCPATH\index.php(36): CodeIgniter\CodeIgniter->run()
 9 ROOTPATH\index.php(7): require_once('C:\\xampp\\htdocs\\webspp\\public\\index.php')
WARNING - 2025-06-22 15:28:52 --> [DEPRECATED] Creation of dynamic property CodeIgniter\View\View::$session is deprecated in APPPATH\Views\admin\layout\wrapper.php on line 6.
 1 SYSTEMPATH\View\View.php(228): include('C:\\xampp\\htdocs\\webspp\\app\\Views\\admin\\layout\\wrapper.php')
 2 SYSTEMPATH\View\View.php(231): CodeIgniter\View\View->CodeIgniter\View\{closure}()
 3 SYSTEMPATH\Common.php(1178): CodeIgniter\View\View->render('admin/layout/wrapper', [], true)
 4 APPPATH\Controllers\Admin\Siswa.php(136): view('admin/layout/wrapper', [...])
 5 SYSTEMPATH\CodeIgniter.php(941): App\Controllers\Admin\Siswa->tambah()
 6 SYSTEMPATH\CodeIgniter.php(502): CodeIgniter\CodeIgniter->runController(Object(App\Controllers\Admin\Siswa))
 7 SYSTEMPATH\CodeIgniter.php(361): CodeIgniter\CodeIgniter->handleRequest(null, Object(Config\Cache), false)
 8 FCPATH\index.php(36): CodeIgniter\CodeIgniter->run()
 9 ROOTPATH\index.php(7): require_once('C:\\xampp\\htdocs\\webspp\\public\\index.php')
WARNING - 2025-06-22 15:28:52 --> [DEPRECATED] Creation of dynamic property App\Libraries\Simple_login::$session is deprecated in APPPATH\Libraries\Simple_login.php on line 130.
 1 APPPATH\Views\admin\layout\wrapper.php(8): App\Libraries\Simple_login->checklogin()
 2 SYSTEMPATH\View\View.php(228): include('C:\\xampp\\htdocs\\webspp\\app\\Views\\admin\\layout\\wrapper.php')
 3 SYSTEMPATH\View\View.php(231): CodeIgniter\View\View->CodeIgniter\View\{closure}()
 4 SYSTEMPATH\Common.php(1178): CodeIgniter\View\View->render('admin/layout/wrapper', [], true)
 5 APPPATH\Controllers\Admin\Siswa.php(136): view('admin/layout/wrapper', [...])
 6 SYSTEMPATH\CodeIgniter.php(941): App\Controllers\Admin\Siswa->tambah()
 7 SYSTEMPATH\CodeIgniter.php(502): CodeIgniter\CodeIgniter->runController(Object(App\Controllers\Admin\Siswa))
 8 SYSTEMPATH\CodeIgniter.php(361): CodeIgniter\CodeIgniter->handleRequest(null, Object(Config\Cache), false)
 9 FCPATH\index.php(36): CodeIgniter\CodeIgniter->run()
10 ROOTPATH\index.php(7): require_once('C:\\xampp\\htdocs\\webspp\\public\\index.php')
INFO - 2025-06-22 15:29:24 --> Session: Class initialized using 'CodeIgniter\Session\Handlers\FileHandler' driver.
WARNING - 2025-06-22 15:29:24 --> [DEPRECATED] Creation of dynamic property CodeIgniter\View\View::$simple_login is deprecated in APPPATH\Views\admin\layout\wrapper.php on line 4.
 1 SYSTEMPATH\View\View.php(228): include('C:\\xampp\\htdocs\\webspp\\app\\Views\\admin\\layout\\wrapper.php')
 2 SYSTEMPATH\View\View.php(231): CodeIgniter\View\View->CodeIgniter\View\{closure}()
 3 SYSTEMPATH\Common.php(1178): CodeIgniter\View\View->render('admin/layout/wrapper', [], true)
 4 APPPATH\Controllers\Admin\Siswa.php(136): view('admin/layout/wrapper', [...])
 5 SYSTEMPATH\CodeIgniter.php(941): App\Controllers\Admin\Siswa->tambah()
 6 SYSTEMPATH\CodeIgniter.php(502): CodeIgniter\CodeIgniter->runController(Object(App\Controllers\Admin\Siswa))
 7 SYSTEMPATH\CodeIgniter.php(361): CodeIgniter\CodeIgniter->handleRequest(null, Object(Config\Cache), false)
 8 FCPATH\index.php(36): CodeIgniter\CodeIgniter->run()
 9 ROOTPATH\index.php(7): require_once('C:\\xampp\\htdocs\\webspp\\public\\index.php')
WARNING - 2025-06-22 15:29:24 --> [DEPRECATED] Creation of dynamic property CodeIgniter\View\View::$website is deprecated in APPPATH\Views\admin\layout\wrapper.php on line 5.
 1 SYSTEMPATH\View\View.php(228): include('C:\\xampp\\htdocs\\webspp\\app\\Views\\admin\\layout\\wrapper.php')
 2 SYSTEMPATH\View\View.php(231): CodeIgniter\View\View->CodeIgniter\View\{closure}()
 3 SYSTEMPATH\Common.php(1178): CodeIgniter\View\View->render('admin/layout/wrapper', [], true)
 4 APPPATH\Controllers\Admin\Siswa.php(136): view('admin/layout/wrapper', [...])
 5 SYSTEMPATH\CodeIgniter.php(941): App\Controllers\Admin\Siswa->tambah()
 6 SYSTEMPATH\CodeIgniter.php(502): CodeIgniter\CodeIgniter->runController(Object(App\Controllers\Admin\Siswa))
 7 SYSTEMPATH\CodeIgniter.php(361): CodeIgniter\CodeIgniter->handleRequest(null, Object(Config\Cache), false)
 8 FCPATH\index.php(36): CodeIgniter\CodeIgniter->run()
 9 ROOTPATH\index.php(7): require_once('C:\\xampp\\htdocs\\webspp\\public\\index.php')
WARNING - 2025-06-22 15:29:24 --> [DEPRECATED] Creation of dynamic property CodeIgniter\View\View::$session is deprecated in APPPATH\Views\admin\layout\wrapper.php on line 6.
 1 SYSTEMPATH\View\View.php(228): include('C:\\xampp\\htdocs\\webspp\\app\\Views\\admin\\layout\\wrapper.php')
 2 SYSTEMPATH\View\View.php(231): CodeIgniter\View\View->CodeIgniter\View\{closure}()
 3 SYSTEMPATH\Common.php(1178): CodeIgniter\View\View->render('admin/layout/wrapper', [], true)
 4 APPPATH\Controllers\Admin\Siswa.php(136): view('admin/layout/wrapper', [...])
 5 SYSTEMPATH\CodeIgniter.php(941): App\Controllers\Admin\Siswa->tambah()
 6 SYSTEMPATH\CodeIgniter.php(502): CodeIgniter\CodeIgniter->runController(Object(App\Controllers\Admin\Siswa))
 7 SYSTEMPATH\CodeIgniter.php(361): CodeIgniter\CodeIgniter->handleRequest(null, Object(Config\Cache), false)
 8 FCPATH\index.php(36): CodeIgniter\CodeIgniter->run()
 9 ROOTPATH\index.php(7): require_once('C:\\xampp\\htdocs\\webspp\\public\\index.php')
WARNING - 2025-06-22 15:29:24 --> [DEPRECATED] Creation of dynamic property App\Libraries\Simple_login::$session is deprecated in APPPATH\Libraries\Simple_login.php on line 130.
 1 APPPATH\Views\admin\layout\wrapper.php(8): App\Libraries\Simple_login->checklogin()
 2 SYSTEMPATH\View\View.php(228): include('C:\\xampp\\htdocs\\webspp\\app\\Views\\admin\\layout\\wrapper.php')
 3 SYSTEMPATH\View\View.php(231): CodeIgniter\View\View->CodeIgniter\View\{closure}()
 4 SYSTEMPATH\Common.php(1178): CodeIgniter\View\View->render('admin/layout/wrapper', [], true)
 5 APPPATH\Controllers\Admin\Siswa.php(136): view('admin/layout/wrapper', [...])
 6 SYSTEMPATH\CodeIgniter.php(941): App\Controllers\Admin\Siswa->tambah()
 7 SYSTEMPATH\CodeIgniter.php(502): CodeIgniter\CodeIgniter->runController(Object(App\Controllers\Admin\Siswa))
 8 SYSTEMPATH\CodeIgniter.php(361): CodeIgniter\CodeIgniter->handleRequest(null, Object(Config\Cache), false)
 9 FCPATH\index.php(36): CodeIgniter\CodeIgniter->run()
10 ROOTPATH\index.php(7): require_once('C:\\xampp\\htdocs\\webspp\\public\\index.php')
INFO - 2025-06-22 15:30:34 --> Session: Class initialized using 'CodeIgniter\Session\Handlers\FileHandler' driver.
WARNING - 2025-06-22 15:30:34 --> [DEPRECATED] Creation of dynamic property CodeIgniter\View\View::$simple_login is deprecated in APPPATH\Views\admin\layout\wrapper.php on line 4.
 1 SYSTEMPATH\View\View.php(228): include('C:\\xampp\\htdocs\\webspp\\app\\Views\\admin\\layout\\wrapper.php')
 2 SYSTEMPATH\View\View.php(231): CodeIgniter\View\View->CodeIgniter\View\{closure}()
 3 SYSTEMPATH\Common.php(1178): CodeIgniter\View\View->render('admin/layout/wrapper', [], true)
 4 APPPATH\Controllers\Admin\Siswa.php(154): view('admin/layout/wrapper', [...])
 5 SYSTEMPATH\CodeIgniter.php(941): App\Controllers\Admin\Siswa->tambah()
 6 SYSTEMPATH\CodeIgniter.php(502): CodeIgniter\CodeIgniter->runController(Object(App\Controllers\Admin\Siswa))
 7 SYSTEMPATH\CodeIgniter.php(361): CodeIgniter\CodeIgniter->handleRequest(null, Object(Config\Cache), false)
 8 FCPATH\index.php(36): CodeIgniter\CodeIgniter->run()
 9 ROOTPATH\index.php(7): require_once('C:\\xampp\\htdocs\\webspp\\public\\index.php')
WARNING - 2025-06-22 15:30:34 --> [DEPRECATED] Creation of dynamic property CodeIgniter\View\View::$website is deprecated in APPPATH\Views\admin\layout\wrapper.php on line 5.
 1 SYSTEMPATH\View\View.php(228): include('C:\\xampp\\htdocs\\webspp\\app\\Views\\admin\\layout\\wrapper.php')
 2 SYSTEMPATH\View\View.php(231): CodeIgniter\View\View->CodeIgniter\View\{closure}()
 3 SYSTEMPATH\Common.php(1178): CodeIgniter\View\View->render('admin/layout/wrapper', [], true)
 4 APPPATH\Controllers\Admin\Siswa.php(154): view('admin/layout/wrapper', [...])
 5 SYSTEMPATH\CodeIgniter.php(941): App\Controllers\Admin\Siswa->tambah()
 6 SYSTEMPATH\CodeIgniter.php(502): CodeIgniter\CodeIgniter->runController(Object(App\Controllers\Admin\Siswa))
 7 SYSTEMPATH\CodeIgniter.php(361): CodeIgniter\CodeIgniter->handleRequest(null, Object(Config\Cache), false)
 8 FCPATH\index.php(36): CodeIgniter\CodeIgniter->run()
 9 ROOTPATH\index.php(7): require_once('C:\\xampp\\htdocs\\webspp\\public\\index.php')
WARNING - 2025-06-22 15:30:34 --> [DEPRECATED] Creation of dynamic property CodeIgniter\View\View::$session is deprecated in APPPATH\Views\admin\layout\wrapper.php on line 6.
 1 SYSTEMPATH\View\View.php(228): include('C:\\xampp\\htdocs\\webspp\\app\\Views\\admin\\layout\\wrapper.php')
 2 SYSTEMPATH\View\View.php(231): CodeIgniter\View\View->CodeIgniter\View\{closure}()
 3 SYSTEMPATH\Common.php(1178): CodeIgniter\View\View->render('admin/layout/wrapper', [], true)
 4 APPPATH\Controllers\Admin\Siswa.php(154): view('admin/layout/wrapper', [...])
 5 SYSTEMPATH\CodeIgniter.php(941): App\Controllers\Admin\Siswa->tambah()
 6 SYSTEMPATH\CodeIgniter.php(502): CodeIgniter\CodeIgniter->runController(Object(App\Controllers\Admin\Siswa))
 7 SYSTEMPATH\CodeIgniter.php(361): CodeIgniter\CodeIgniter->handleRequest(null, Object(Config\Cache), false)
 8 FCPATH\index.php(36): CodeIgniter\CodeIgniter->run()
 9 ROOTPATH\index.php(7): require_once('C:\\xampp\\htdocs\\webspp\\public\\index.php')
WARNING - 2025-06-22 15:30:34 --> [DEPRECATED] Creation of dynamic property App\Libraries\Simple_login::$session is deprecated in APPPATH\Libraries\Simple_login.php on line 130.
 1 APPPATH\Views\admin\layout\wrapper.php(8): App\Libraries\Simple_login->checklogin()
 2 SYSTEMPATH\View\View.php(228): include('C:\\xampp\\htdocs\\webspp\\app\\Views\\admin\\layout\\wrapper.php')
 3 SYSTEMPATH\View\View.php(231): CodeIgniter\View\View->CodeIgniter\View\{closure}()
 4 SYSTEMPATH\Common.php(1178): CodeIgniter\View\View->render('admin/layout/wrapper', [], true)
 5 APPPATH\Controllers\Admin\Siswa.php(154): view('admin/layout/wrapper', [...])
 6 SYSTEMPATH\CodeIgniter.php(941): App\Controllers\Admin\Siswa->tambah()
 7 SYSTEMPATH\CodeIgniter.php(502): CodeIgniter\CodeIgniter->runController(Object(App\Controllers\Admin\Siswa))
 8 SYSTEMPATH\CodeIgniter.php(361): CodeIgniter\CodeIgniter->handleRequest(null, Object(Config\Cache), false)
 9 FCPATH\index.php(36): CodeIgniter\CodeIgniter->run()
10 ROOTPATH\index.php(7): require_once('C:\\xampp\\htdocs\\webspp\\public\\index.php')
INFO - 2025-06-22 15:30:37 --> Session: Class initialized using 'CodeIgniter\Session\Handlers\FileHandler' driver.
INFO - 2025-06-22 15:30:37 --> Session: Class initialized using 'CodeIgniter\Session\Handlers\FileHandler' driver.
WARNING - 2025-06-22 15:30:37 --> [DEPRECATED] Creation of dynamic property CodeIgniter\View\View::$simple_login is deprecated in APPPATH\Views\admin\layout\wrapper.php on line 4.
 1 SYSTEMPATH\View\View.php(228): include('C:\\xampp\\htdocs\\webspp\\app\\Views\\admin\\layout\\wrapper.php')
 2 SYSTEMPATH\View\View.php(231): CodeIgniter\View\View->CodeIgniter\View\{closure}()
 3 SYSTEMPATH\Common.php(1178): CodeIgniter\View\View->render('admin/layout/wrapper', [], true)
 4 APPPATH\Controllers\Admin\Siswa.php(154): view('admin/layout/wrapper', [...])
 5 SYSTEMPATH\CodeIgniter.php(941): App\Controllers\Admin\Siswa->tambah()
 6 SYSTEMPATH\CodeIgniter.php(502): CodeIgniter\CodeIgniter->runController(Object(App\Controllers\Admin\Siswa))
 7 SYSTEMPATH\CodeIgniter.php(361): CodeIgniter\CodeIgniter->handleRequest(null, Object(Config\Cache), false)
 8 FCPATH\index.php(36): CodeIgniter\CodeIgniter->run()
 9 ROOTPATH\index.php(7): require_once('C:\\xampp\\htdocs\\webspp\\public\\index.php')
WARNING - 2025-06-22 15:30:37 --> [DEPRECATED] Creation of dynamic property CodeIgniter\View\View::$website is deprecated in APPPATH\Views\admin\layout\wrapper.php on line 5.
 1 SYSTEMPATH\View\View.php(228): include('C:\\xampp\\htdocs\\webspp\\app\\Views\\admin\\layout\\wrapper.php')
 2 SYSTEMPATH\View\View.php(231): CodeIgniter\View\View->CodeIgniter\View\{closure}()
 3 SYSTEMPATH\Common.php(1178): CodeIgniter\View\View->render('admin/layout/wrapper', [], true)
 4 APPPATH\Controllers\Admin\Siswa.php(154): view('admin/layout/wrapper', [...])
 5 SYSTEMPATH\CodeIgniter.php(941): App\Controllers\Admin\Siswa->tambah()
 6 SYSTEMPATH\CodeIgniter.php(502): CodeIgniter\CodeIgniter->runController(Object(App\Controllers\Admin\Siswa))
 7 SYSTEMPATH\CodeIgniter.php(361): CodeIgniter\CodeIgniter->handleRequest(null, Object(Config\Cache), false)
 8 FCPATH\index.php(36): CodeIgniter\CodeIgniter->run()
 9 ROOTPATH\index.php(7): require_once('C:\\xampp\\htdocs\\webspp\\public\\index.php')
WARNING - 2025-06-22 15:30:37 --> [DEPRECATED] Creation of dynamic property CodeIgniter\View\View::$session is deprecated in APPPATH\Views\admin\layout\wrapper.php on line 6.
 1 SYSTEMPATH\View\View.php(228): include('C:\\xampp\\htdocs\\webspp\\app\\Views\\admin\\layout\\wrapper.php')
 2 SYSTEMPATH\View\View.php(231): CodeIgniter\View\View->CodeIgniter\View\{closure}()
 3 SYSTEMPATH\Common.php(1178): CodeIgniter\View\View->render('admin/layout/wrapper', [], true)
 4 APPPATH\Controllers\Admin\Siswa.php(154): view('admin/layout/wrapper', [...])
 5 SYSTEMPATH\CodeIgniter.php(941): App\Controllers\Admin\Siswa->tambah()
 6 SYSTEMPATH\CodeIgniter.php(502): CodeIgniter\CodeIgniter->runController(Object(App\Controllers\Admin\Siswa))
 7 SYSTEMPATH\CodeIgniter.php(361): CodeIgniter\CodeIgniter->handleRequest(null, Object(Config\Cache), false)
 8 FCPATH\index.php(36): CodeIgniter\CodeIgniter->run()
 9 ROOTPATH\index.php(7): require_once('C:\\xampp\\htdocs\\webspp\\public\\index.php')
WARNING - 2025-06-22 15:30:37 --> [DEPRECATED] Creation of dynamic property App\Libraries\Simple_login::$session is deprecated in APPPATH\Libraries\Simple_login.php on line 130.
 1 APPPATH\Views\admin\layout\wrapper.php(8): App\Libraries\Simple_login->checklogin()
 2 SYSTEMPATH\View\View.php(228): include('C:\\xampp\\htdocs\\webspp\\app\\Views\\admin\\layout\\wrapper.php')
 3 SYSTEMPATH\View\View.php(231): CodeIgniter\View\View->CodeIgniter\View\{closure}()
 4 SYSTEMPATH\Common.php(1178): CodeIgniter\View\View->render('admin/layout/wrapper', [], true)
 5 APPPATH\Controllers\Admin\Siswa.php(154): view('admin/layout/wrapper', [...])
 6 SYSTEMPATH\CodeIgniter.php(941): App\Controllers\Admin\Siswa->tambah()
 7 SYSTEMPATH\CodeIgniter.php(502): CodeIgniter\CodeIgniter->runController(Object(App\Controllers\Admin\Siswa))
 8 SYSTEMPATH\CodeIgniter.php(361): CodeIgniter\CodeIgniter->handleRequest(null, Object(Config\Cache), false)
 9 FCPATH\index.php(36): CodeIgniter\CodeIgniter->run()
10 ROOTPATH\index.php(7): require_once('C:\\xampp\\htdocs\\webspp\\public\\index.php')
INFO - 2025-06-22 15:30:54 --> Session: Class initialized using 'CodeIgniter\Session\Handlers\FileHandler' driver.
INFO - 2025-06-22 15:30:54 --> Session: Class initialized using 'CodeIgniter\Session\Handlers\FileHandler' driver.
WARNING - 2025-06-22 15:30:54 --> [DEPRECATED] Creation of dynamic property CodeIgniter\View\View::$simple_login is deprecated in APPPATH\Views\admin\layout\wrapper.php on line 4.
 1 SYSTEMPATH\View\View.php(228): include('C:\\xampp\\htdocs\\webspp\\app\\Views\\admin\\layout\\wrapper.php')
 2 SYSTEMPATH\View\View.php(231): CodeIgniter\View\View->CodeIgniter\View\{closure}()
 3 SYSTEMPATH\Common.php(1178): CodeIgniter\View\View->render('admin/layout/wrapper', [], true)
 4 APPPATH\Controllers\Admin\Siswa.php(154): view('admin/layout/wrapper', [...])
 5 SYSTEMPATH\CodeIgniter.php(941): App\Controllers\Admin\Siswa->tambah()
 6 SYSTEMPATH\CodeIgniter.php(502): CodeIgniter\CodeIgniter->runController(Object(App\Controllers\Admin\Siswa))
 7 SYSTEMPATH\CodeIgniter.php(361): CodeIgniter\CodeIgniter->handleRequest(null, Object(Config\Cache), false)
 8 FCPATH\index.php(36): CodeIgniter\CodeIgniter->run()
 9 ROOTPATH\index.php(7): require_once('C:\\xampp\\htdocs\\webspp\\public\\index.php')
WARNING - 2025-06-22 15:30:54 --> [DEPRECATED] Creation of dynamic property CodeIgniter\View\View::$website is deprecated in APPPATH\Views\admin\layout\wrapper.php on line 5.
 1 SYSTEMPATH\View\View.php(228): include('C:\\xampp\\htdocs\\webspp\\app\\Views\\admin\\layout\\wrapper.php')
 2 SYSTEMPATH\View\View.php(231): CodeIgniter\View\View->CodeIgniter\View\{closure}()
 3 SYSTEMPATH\Common.php(1178): CodeIgniter\View\View->render('admin/layout/wrapper', [], true)
 4 APPPATH\Controllers\Admin\Siswa.php(154): view('admin/layout/wrapper', [...])
 5 SYSTEMPATH\CodeIgniter.php(941): App\Controllers\Admin\Siswa->tambah()
 6 SYSTEMPATH\CodeIgniter.php(502): CodeIgniter\CodeIgniter->runController(Object(App\Controllers\Admin\Siswa))
 7 SYSTEMPATH\CodeIgniter.php(361): CodeIgniter\CodeIgniter->handleRequest(null, Object(Config\Cache), false)
 8 FCPATH\index.php(36): CodeIgniter\CodeIgniter->run()
 9 ROOTPATH\index.php(7): require_once('C:\\xampp\\htdocs\\webspp\\public\\index.php')
WARNING - 2025-06-22 15:30:54 --> [DEPRECATED] Creation of dynamic property CodeIgniter\View\View::$session is deprecated in APPPATH\Views\admin\layout\wrapper.php on line 6.
 1 SYSTEMPATH\View\View.php(228): include('C:\\xampp\\htdocs\\webspp\\app\\Views\\admin\\layout\\wrapper.php')
 2 SYSTEMPATH\View\View.php(231): CodeIgniter\View\View->CodeIgniter\View\{closure}()
 3 SYSTEMPATH\Common.php(1178): CodeIgniter\View\View->render('admin/layout/wrapper', [], true)
 4 APPPATH\Controllers\Admin\Siswa.php(154): view('admin/layout/wrapper', [...])
 5 SYSTEMPATH\CodeIgniter.php(941): App\Controllers\Admin\Siswa->tambah()
 6 SYSTEMPATH\CodeIgniter.php(502): CodeIgniter\CodeIgniter->runController(Object(App\Controllers\Admin\Siswa))
 7 SYSTEMPATH\CodeIgniter.php(361): CodeIgniter\CodeIgniter->handleRequest(null, Object(Config\Cache), false)
 8 FCPATH\index.php(36): CodeIgniter\CodeIgniter->run()
 9 ROOTPATH\index.php(7): require_once('C:\\xampp\\htdocs\\webspp\\public\\index.php')
WARNING - 2025-06-22 15:30:54 --> [DEPRECATED] Creation of dynamic property App\Libraries\Simple_login::$session is deprecated in APPPATH\Libraries\Simple_login.php on line 130.
 1 APPPATH\Views\admin\layout\wrapper.php(8): App\Libraries\Simple_login->checklogin()
 2 SYSTEMPATH\View\View.php(228): include('C:\\xampp\\htdocs\\webspp\\app\\Views\\admin\\layout\\wrapper.php')
 3 SYSTEMPATH\View\View.php(231): CodeIgniter\View\View->CodeIgniter\View\{closure}()
 4 SYSTEMPATH\Common.php(1178): CodeIgniter\View\View->render('admin/layout/wrapper', [], true)
 5 APPPATH\Controllers\Admin\Siswa.php(154): view('admin/layout/wrapper', [...])
 6 SYSTEMPATH\CodeIgniter.php(941): App\Controllers\Admin\Siswa->tambah()
 7 SYSTEMPATH\CodeIgniter.php(502): CodeIgniter\CodeIgniter->runController(Object(App\Controllers\Admin\Siswa))
 8 SYSTEMPATH\CodeIgniter.php(361): CodeIgniter\CodeIgniter->handleRequest(null, Object(Config\Cache), false)
 9 FCPATH\index.php(36): CodeIgniter\CodeIgniter->run()
10 ROOTPATH\index.php(7): require_once('C:\\xampp\\htdocs\\webspp\\public\\index.php')
INFO - 2025-06-22 15:34:49 --> Session: Class initialized using 'CodeIgniter\Session\Handlers\FileHandler' driver.
INFO - 2025-06-22 15:34:50 --> Session: Class initialized using 'CodeIgniter\Session\Handlers\FileHandler' driver.
WARNING - 2025-06-22 15:34:50 --> [DEPRECATED] Creation of dynamic property CodeIgniter\View\View::$simple_login is deprecated in APPPATH\Views\admin\layout\wrapper.php on line 4.
 1 SYSTEMPATH\View\View.php(228): include('C:\\xampp\\htdocs\\webspp\\app\\Views\\admin\\layout\\wrapper.php')
 2 SYSTEMPATH\View\View.php(231): CodeIgniter\View\View->CodeIgniter\View\{closure}()
 3 SYSTEMPATH\Common.php(1178): CodeIgniter\View\View->render('admin/layout/wrapper', [], true)
 4 APPPATH\Controllers\Admin\Siswa.php(155): view('admin/layout/wrapper', [...])
 5 SYSTEMPATH\CodeIgniter.php(941): App\Controllers\Admin\Siswa->tambah()
 6 SYSTEMPATH\CodeIgniter.php(502): CodeIgniter\CodeIgniter->runController(Object(App\Controllers\Admin\Siswa))
 7 SYSTEMPATH\CodeIgniter.php(361): CodeIgniter\CodeIgniter->handleRequest(null, Object(Config\Cache), false)
 8 FCPATH\index.php(36): CodeIgniter\CodeIgniter->run()
 9 ROOTPATH\index.php(7): require_once('C:\\xampp\\htdocs\\webspp\\public\\index.php')
WARNING - 2025-06-22 15:34:50 --> [DEPRECATED] Creation of dynamic property CodeIgniter\View\View::$website is deprecated in APPPATH\Views\admin\layout\wrapper.php on line 5.
 1 SYSTEMPATH\View\View.php(228): include('C:\\xampp\\htdocs\\webspp\\app\\Views\\admin\\layout\\wrapper.php')
 2 SYSTEMPATH\View\View.php(231): CodeIgniter\View\View->CodeIgniter\View\{closure}()
 3 SYSTEMPATH\Common.php(1178): CodeIgniter\View\View->render('admin/layout/wrapper', [], true)
 4 APPPATH\Controllers\Admin\Siswa.php(155): view('admin/layout/wrapper', [...])
 5 SYSTEMPATH\CodeIgniter.php(941): App\Controllers\Admin\Siswa->tambah()
 6 SYSTEMPATH\CodeIgniter.php(502): CodeIgniter\CodeIgniter->runController(Object(App\Controllers\Admin\Siswa))
 7 SYSTEMPATH\CodeIgniter.php(361): CodeIgniter\CodeIgniter->handleRequest(null, Object(Config\Cache), false)
 8 FCPATH\index.php(36): CodeIgniter\CodeIgniter->run()
 9 ROOTPATH\index.php(7): require_once('C:\\xampp\\htdocs\\webspp\\public\\index.php')
WARNING - 2025-06-22 15:34:50 --> [DEPRECATED] Creation of dynamic property CodeIgniter\View\View::$session is deprecated in APPPATH\Views\admin\layout\wrapper.php on line 6.
 1 SYSTEMPATH\View\View.php(228): include('C:\\xampp\\htdocs\\webspp\\app\\Views\\admin\\layout\\wrapper.php')
 2 SYSTEMPATH\View\View.php(231): CodeIgniter\View\View->CodeIgniter\View\{closure}()
 3 SYSTEMPATH\Common.php(1178): CodeIgniter\View\View->render('admin/layout/wrapper', [], true)
 4 APPPATH\Controllers\Admin\Siswa.php(155): view('admin/layout/wrapper', [...])
 5 SYSTEMPATH\CodeIgniter.php(941): App\Controllers\Admin\Siswa->tambah()
 6 SYSTEMPATH\CodeIgniter.php(502): CodeIgniter\CodeIgniter->runController(Object(App\Controllers\Admin\Siswa))
 7 SYSTEMPATH\CodeIgniter.php(361): CodeIgniter\CodeIgniter->handleRequest(null, Object(Config\Cache), false)
 8 FCPATH\index.php(36): CodeIgniter\CodeIgniter->run()
 9 ROOTPATH\index.php(7): require_once('C:\\xampp\\htdocs\\webspp\\public\\index.php')
WARNING - 2025-06-22 15:34:50 --> [DEPRECATED] Creation of dynamic property App\Libraries\Simple_login::$session is deprecated in APPPATH\Libraries\Simple_login.php on line 130.
 1 APPPATH\Views\admin\layout\wrapper.php(8): App\Libraries\Simple_login->checklogin()
 2 SYSTEMPATH\View\View.php(228): include('C:\\xampp\\htdocs\\webspp\\app\\Views\\admin\\layout\\wrapper.php')
 3 SYSTEMPATH\View\View.php(231): CodeIgniter\View\View->CodeIgniter\View\{closure}()
 4 SYSTEMPATH\Common.php(1178): CodeIgniter\View\View->render('admin/layout/wrapper', [], true)
 5 APPPATH\Controllers\Admin\Siswa.php(155): view('admin/layout/wrapper', [...])
 6 SYSTEMPATH\CodeIgniter.php(941): App\Controllers\Admin\Siswa->tambah()
 7 SYSTEMPATH\CodeIgniter.php(502): CodeIgniter\CodeIgniter->runController(Object(App\Controllers\Admin\Siswa))
 8 SYSTEMPATH\CodeIgniter.php(361): CodeIgniter\CodeIgniter->handleRequest(null, Object(Config\Cache), false)
 9 FCPATH\index.php(36): CodeIgniter\CodeIgniter->run()
10 ROOTPATH\index.php(7): require_once('C:\\xampp\\htdocs\\webspp\\public\\index.php')
INFO - 2025-06-22 15:38:15 --> Session: Class initialized using 'CodeIgniter\Session\Handlers\FileHandler' driver.
WARNING - 2025-06-22 15:38:15 --> [DEPRECATED] Creation of dynamic property CodeIgniter\View\View::$simple_login is deprecated in APPPATH\Views\admin\layout\wrapper.php on line 4.
 1 SYSTEMPATH\View\View.php(228): include('C:\\xampp\\htdocs\\webspp\\app\\Views\\admin\\layout\\wrapper.php')
 2 SYSTEMPATH\View\View.php(231): CodeIgniter\View\View->CodeIgniter\View\{closure}()
 3 SYSTEMPATH\Common.php(1178): CodeIgniter\View\View->render('admin/layout/wrapper', [], true)
 4 APPPATH\Controllers\Admin\Siswa.php(136): view('admin/layout/wrapper', [...])
 5 SYSTEMPATH\CodeIgniter.php(941): App\Controllers\Admin\Siswa->tambah()
 6 SYSTEMPATH\CodeIgniter.php(502): CodeIgniter\CodeIgniter->runController(Object(App\Controllers\Admin\Siswa))
 7 SYSTEMPATH\CodeIgniter.php(361): CodeIgniter\CodeIgniter->handleRequest(null, Object(Config\Cache), false)
 8 FCPATH\index.php(36): CodeIgniter\CodeIgniter->run()
 9 ROOTPATH\index.php(7): require_once('C:\\xampp\\htdocs\\webspp\\public\\index.php')
WARNING - 2025-06-22 15:38:15 --> [DEPRECATED] Creation of dynamic property CodeIgniter\View\View::$website is deprecated in APPPATH\Views\admin\layout\wrapper.php on line 5.
 1 SYSTEMPATH\View\View.php(228): include('C:\\xampp\\htdocs\\webspp\\app\\Views\\admin\\layout\\wrapper.php')
 2 SYSTEMPATH\View\View.php(231): CodeIgniter\View\View->CodeIgniter\View\{closure}()
 3 SYSTEMPATH\Common.php(1178): CodeIgniter\View\View->render('admin/layout/wrapper', [], true)
 4 APPPATH\Controllers\Admin\Siswa.php(136): view('admin/layout/wrapper', [...])
 5 SYSTEMPATH\CodeIgniter.php(941): App\Controllers\Admin\Siswa->tambah()
 6 SYSTEMPATH\CodeIgniter.php(502): CodeIgniter\CodeIgniter->runController(Object(App\Controllers\Admin\Siswa))
 7 SYSTEMPATH\CodeIgniter.php(361): CodeIgniter\CodeIgniter->handleRequest(null, Object(Config\Cache), false)
 8 FCPATH\index.php(36): CodeIgniter\CodeIgniter->run()
 9 ROOTPATH\index.php(7): require_once('C:\\xampp\\htdocs\\webspp\\public\\index.php')
WARNING - 2025-06-22 15:38:15 --> [DEPRECATED] Creation of dynamic property CodeIgniter\View\View::$session is deprecated in APPPATH\Views\admin\layout\wrapper.php on line 6.
 1 SYSTEMPATH\View\View.php(228): include('C:\\xampp\\htdocs\\webspp\\app\\Views\\admin\\layout\\wrapper.php')
 2 SYSTEMPATH\View\View.php(231): CodeIgniter\View\View->CodeIgniter\View\{closure}()
 3 SYSTEMPATH\Common.php(1178): CodeIgniter\View\View->render('admin/layout/wrapper', [], true)
 4 APPPATH\Controllers\Admin\Siswa.php(136): view('admin/layout/wrapper', [...])
 5 SYSTEMPATH\CodeIgniter.php(941): App\Controllers\Admin\Siswa->tambah()
 6 SYSTEMPATH\CodeIgniter.php(502): CodeIgniter\CodeIgniter->runController(Object(App\Controllers\Admin\Siswa))
 7 SYSTEMPATH\CodeIgniter.php(361): CodeIgniter\CodeIgniter->handleRequest(null, Object(Config\Cache), false)
 8 FCPATH\index.php(36): CodeIgniter\CodeIgniter->run()
 9 ROOTPATH\index.php(7): require_once('C:\\xampp\\htdocs\\webspp\\public\\index.php')
WARNING - 2025-06-22 15:38:15 --> [DEPRECATED] Creation of dynamic property App\Libraries\Simple_login::$session is deprecated in APPPATH\Libraries\Simple_login.php on line 130.
 1 APPPATH\Views\admin\layout\wrapper.php(8): App\Libraries\Simple_login->checklogin()
 2 SYSTEMPATH\View\View.php(228): include('C:\\xampp\\htdocs\\webspp\\app\\Views\\admin\\layout\\wrapper.php')
 3 SYSTEMPATH\View\View.php(231): CodeIgniter\View\View->CodeIgniter\View\{closure}()
 4 SYSTEMPATH\Common.php(1178): CodeIgniter\View\View->render('admin/layout/wrapper', [], true)
 5 APPPATH\Controllers\Admin\Siswa.php(136): view('admin/layout/wrapper', [...])
 6 SYSTEMPATH\CodeIgniter.php(941): App\Controllers\Admin\Siswa->tambah()
 7 SYSTEMPATH\CodeIgniter.php(502): CodeIgniter\CodeIgniter->runController(Object(App\Controllers\Admin\Siswa))
 8 SYSTEMPATH\CodeIgniter.php(361): CodeIgniter\CodeIgniter->handleRequest(null, Object(Config\Cache), false)
 9 FCPATH\index.php(36): CodeIgniter\CodeIgniter->run()
10 ROOTPATH\index.php(7): require_once('C:\\xampp\\htdocs\\webspp\\public\\index.php')
INFO - 2025-06-22 15:38:54 --> Session: Class initialized using 'CodeIgniter\Session\Handlers\FileHandler' driver.
WARNING - 2025-06-22 15:38:54 --> [DEPRECATED] Creation of dynamic property CodeIgniter\View\View::$simple_login is deprecated in APPPATH\Views\admin\layout\wrapper.php on line 4.
 1 SYSTEMPATH\View\View.php(228): include('C:\\xampp\\htdocs\\webspp\\app\\Views\\admin\\layout\\wrapper.php')
 2 SYSTEMPATH\View\View.php(231): CodeIgniter\View\View->CodeIgniter\View\{closure}()
 3 SYSTEMPATH\Common.php(1178): CodeIgniter\View\View->render('admin/layout/wrapper', [], true)
 4 APPPATH\Controllers\Admin\Siswa.php(136): view('admin/layout/wrapper', [...])
 5 SYSTEMPATH\CodeIgniter.php(941): App\Controllers\Admin\Siswa->tambah()
 6 SYSTEMPATH\CodeIgniter.php(502): CodeIgniter\CodeIgniter->runController(Object(App\Controllers\Admin\Siswa))
 7 SYSTEMPATH\CodeIgniter.php(361): CodeIgniter\CodeIgniter->handleRequest(null, Object(Config\Cache), false)
 8 FCPATH\index.php(36): CodeIgniter\CodeIgniter->run()
 9 ROOTPATH\index.php(7): require_once('C:\\xampp\\htdocs\\webspp\\public\\index.php')
WARNING - 2025-06-22 15:38:54 --> [DEPRECATED] Creation of dynamic property CodeIgniter\View\View::$website is deprecated in APPPATH\Views\admin\layout\wrapper.php on line 5.
 1 SYSTEMPATH\View\View.php(228): include('C:\\xampp\\htdocs\\webspp\\app\\Views\\admin\\layout\\wrapper.php')
 2 SYSTEMPATH\View\View.php(231): CodeIgniter\View\View->CodeIgniter\View\{closure}()
 3 SYSTEMPATH\Common.php(1178): CodeIgniter\View\View->render('admin/layout/wrapper', [], true)
 4 APPPATH\Controllers\Admin\Siswa.php(136): view('admin/layout/wrapper', [...])
 5 SYSTEMPATH\CodeIgniter.php(941): App\Controllers\Admin\Siswa->tambah()
 6 SYSTEMPATH\CodeIgniter.php(502): CodeIgniter\CodeIgniter->runController(Object(App\Controllers\Admin\Siswa))
 7 SYSTEMPATH\CodeIgniter.php(361): CodeIgniter\CodeIgniter->handleRequest(null, Object(Config\Cache), false)
 8 FCPATH\index.php(36): CodeIgniter\CodeIgniter->run()
 9 ROOTPATH\index.php(7): require_once('C:\\xampp\\htdocs\\webspp\\public\\index.php')
WARNING - 2025-06-22 15:38:54 --> [DEPRECATED] Creation of dynamic property CodeIgniter\View\View::$session is deprecated in APPPATH\Views\admin\layout\wrapper.php on line 6.
 1 SYSTEMPATH\View\View.php(228): include('C:\\xampp\\htdocs\\webspp\\app\\Views\\admin\\layout\\wrapper.php')
 2 SYSTEMPATH\View\View.php(231): CodeIgniter\View\View->CodeIgniter\View\{closure}()
 3 SYSTEMPATH\Common.php(1178): CodeIgniter\View\View->render('admin/layout/wrapper', [], true)
 4 APPPATH\Controllers\Admin\Siswa.php(136): view('admin/layout/wrapper', [...])
 5 SYSTEMPATH\CodeIgniter.php(941): App\Controllers\Admin\Siswa->tambah()
 6 SYSTEMPATH\CodeIgniter.php(502): CodeIgniter\CodeIgniter->runController(Object(App\Controllers\Admin\Siswa))
 7 SYSTEMPATH\CodeIgniter.php(361): CodeIgniter\CodeIgniter->handleRequest(null, Object(Config\Cache), false)
 8 FCPATH\index.php(36): CodeIgniter\CodeIgniter->run()
 9 ROOTPATH\index.php(7): require_once('C:\\xampp\\htdocs\\webspp\\public\\index.php')
WARNING - 2025-06-22 15:38:54 --> [DEPRECATED] Creation of dynamic property App\Libraries\Simple_login::$session is deprecated in APPPATH\Libraries\Simple_login.php on line 130.
 1 APPPATH\Views\admin\layout\wrapper.php(8): App\Libraries\Simple_login->checklogin()
 2 SYSTEMPATH\View\View.php(228): include('C:\\xampp\\htdocs\\webspp\\app\\Views\\admin\\layout\\wrapper.php')
 3 SYSTEMPATH\View\View.php(231): CodeIgniter\View\View->CodeIgniter\View\{closure}()
 4 SYSTEMPATH\Common.php(1178): CodeIgniter\View\View->render('admin/layout/wrapper', [], true)
 5 APPPATH\Controllers\Admin\Siswa.php(136): view('admin/layout/wrapper', [...])
 6 SYSTEMPATH\CodeIgniter.php(941): App\Controllers\Admin\Siswa->tambah()
 7 SYSTEMPATH\CodeIgniter.php(502): CodeIgniter\CodeIgniter->runController(Object(App\Controllers\Admin\Siswa))
 8 SYSTEMPATH\CodeIgniter.php(361): CodeIgniter\CodeIgniter->handleRequest(null, Object(Config\Cache), false)
 9 FCPATH\index.php(36): CodeIgniter\CodeIgniter->run()
10 ROOTPATH\index.php(7): require_once('C:\\xampp\\htdocs\\webspp\\public\\index.php')
INFO - 2025-06-22 15:41:40 --> Session: Class initialized using 'CodeIgniter\Session\Handlers\FileHandler' driver.
WARNING - 2025-06-22 15:41:40 --> [DEPRECATED] Creation of dynamic property CodeIgniter\View\View::$simple_login is deprecated in APPPATH\Views\admin\layout\wrapper.php on line 4.
 1 SYSTEMPATH\View\View.php(228): include('C:\\xampp\\htdocs\\webspp\\app\\Views\\admin\\layout\\wrapper.php')
 2 SYSTEMPATH\View\View.php(231): CodeIgniter\View\View->CodeIgniter\View\{closure}()
 3 SYSTEMPATH\Common.php(1178): CodeIgniter\View\View->render('admin/layout/wrapper', [], true)
 4 APPPATH\Controllers\Admin\Siswa.php(136): view('admin/layout/wrapper', [...])
 5 SYSTEMPATH\CodeIgniter.php(941): App\Controllers\Admin\Siswa->tambah()
 6 SYSTEMPATH\CodeIgniter.php(502): CodeIgniter\CodeIgniter->runController(Object(App\Controllers\Admin\Siswa))
 7 SYSTEMPATH\CodeIgniter.php(361): CodeIgniter\CodeIgniter->handleRequest(null, Object(Config\Cache), false)
 8 FCPATH\index.php(36): CodeIgniter\CodeIgniter->run()
 9 ROOTPATH\index.php(7): require_once('C:\\xampp\\htdocs\\webspp\\public\\index.php')
WARNING - 2025-06-22 15:41:40 --> [DEPRECATED] Creation of dynamic property CodeIgniter\View\View::$website is deprecated in APPPATH\Views\admin\layout\wrapper.php on line 5.
 1 SYSTEMPATH\View\View.php(228): include('C:\\xampp\\htdocs\\webspp\\app\\Views\\admin\\layout\\wrapper.php')
 2 SYSTEMPATH\View\View.php(231): CodeIgniter\View\View->CodeIgniter\View\{closure}()
 3 SYSTEMPATH\Common.php(1178): CodeIgniter\View\View->render('admin/layout/wrapper', [], true)
 4 APPPATH\Controllers\Admin\Siswa.php(136): view('admin/layout/wrapper', [...])
 5 SYSTEMPATH\CodeIgniter.php(941): App\Controllers\Admin\Siswa->tambah()
 6 SYSTEMPATH\CodeIgniter.php(502): CodeIgniter\CodeIgniter->runController(Object(App\Controllers\Admin\Siswa))
 7 SYSTEMPATH\CodeIgniter.php(361): CodeIgniter\CodeIgniter->handleRequest(null, Object(Config\Cache), false)
 8 FCPATH\index.php(36): CodeIgniter\CodeIgniter->run()
 9 ROOTPATH\index.php(7): require_once('C:\\xampp\\htdocs\\webspp\\public\\index.php')
WARNING - 2025-06-22 15:41:40 --> [DEPRECATED] Creation of dynamic property CodeIgniter\View\View::$session is deprecated in APPPATH\Views\admin\layout\wrapper.php on line 6.
 1 SYSTEMPATH\View\View.php(228): include('C:\\xampp\\htdocs\\webspp\\app\\Views\\admin\\layout\\wrapper.php')
 2 SYSTEMPATH\View\View.php(231): CodeIgniter\View\View->CodeIgniter\View\{closure}()
 3 SYSTEMPATH\Common.php(1178): CodeIgniter\View\View->render('admin/layout/wrapper', [], true)
 4 APPPATH\Controllers\Admin\Siswa.php(136): view('admin/layout/wrapper', [...])
 5 SYSTEMPATH\CodeIgniter.php(941): App\Controllers\Admin\Siswa->tambah()
 6 SYSTEMPATH\CodeIgniter.php(502): CodeIgniter\CodeIgniter->runController(Object(App\Controllers\Admin\Siswa))
 7 SYSTEMPATH\CodeIgniter.php(361): CodeIgniter\CodeIgniter->handleRequest(null, Object(Config\Cache), false)
 8 FCPATH\index.php(36): CodeIgniter\CodeIgniter->run()
 9 ROOTPATH\index.php(7): require_once('C:\\xampp\\htdocs\\webspp\\public\\index.php')
WARNING - 2025-06-22 15:41:40 --> [DEPRECATED] Creation of dynamic property App\Libraries\Simple_login::$session is deprecated in APPPATH\Libraries\Simple_login.php on line 130.
 1 APPPATH\Views\admin\layout\wrapper.php(8): App\Libraries\Simple_login->checklogin()
 2 SYSTEMPATH\View\View.php(228): include('C:\\xampp\\htdocs\\webspp\\app\\Views\\admin\\layout\\wrapper.php')
 3 SYSTEMPATH\View\View.php(231): CodeIgniter\View\View->CodeIgniter\View\{closure}()
 4 SYSTEMPATH\Common.php(1178): CodeIgniter\View\View->render('admin/layout/wrapper', [], true)
 5 APPPATH\Controllers\Admin\Siswa.php(136): view('admin/layout/wrapper', [...])
 6 SYSTEMPATH\CodeIgniter.php(941): App\Controllers\Admin\Siswa->tambah()
 7 SYSTEMPATH\CodeIgniter.php(502): CodeIgniter\CodeIgniter->runController(Object(App\Controllers\Admin\Siswa))
 8 SYSTEMPATH\CodeIgniter.php(361): CodeIgniter\CodeIgniter->handleRequest(null, Object(Config\Cache), false)
 9 FCPATH\index.php(36): CodeIgniter\CodeIgniter->run()
10 ROOTPATH\index.php(7): require_once('C:\\xampp\\htdocs\\webspp\\public\\index.php')
INFO - 2025-06-22 15:41:42 --> Session: Class initialized using 'CodeIgniter\Session\Handlers\FileHandler' driver.
WARNING - 2025-06-22 15:41:42 --> [DEPRECATED] Creation of dynamic property CodeIgniter\View\View::$simple_login is deprecated in APPPATH\Views\admin\layout\wrapper.php on line 4.
 1 SYSTEMPATH\View\View.php(228): include('C:\\xampp\\htdocs\\webspp\\app\\Views\\admin\\layout\\wrapper.php')
 2 SYSTEMPATH\View\View.php(231): CodeIgniter\View\View->CodeIgniter\View\{closure}()
 3 SYSTEMPATH\Common.php(1178): CodeIgniter\View\View->render('admin/layout/wrapper', [], true)
 4 APPPATH\Controllers\Admin\Siswa.php(136): view('admin/layout/wrapper', [...])
 5 SYSTEMPATH\CodeIgniter.php(941): App\Controllers\Admin\Siswa->tambah()
 6 SYSTEMPATH\CodeIgniter.php(502): CodeIgniter\CodeIgniter->runController(Object(App\Controllers\Admin\Siswa))
 7 SYSTEMPATH\CodeIgniter.php(361): CodeIgniter\CodeIgniter->handleRequest(null, Object(Config\Cache), false)
 8 FCPATH\index.php(36): CodeIgniter\CodeIgniter->run()
 9 ROOTPATH\index.php(7): require_once('C:\\xampp\\htdocs\\webspp\\public\\index.php')
WARNING - 2025-06-22 15:41:42 --> [DEPRECATED] Creation of dynamic property CodeIgniter\View\View::$website is deprecated in APPPATH\Views\admin\layout\wrapper.php on line 5.
 1 SYSTEMPATH\View\View.php(228): include('C:\\xampp\\htdocs\\webspp\\app\\Views\\admin\\layout\\wrapper.php')
 2 SYSTEMPATH\View\View.php(231): CodeIgniter\View\View->CodeIgniter\View\{closure}()
 3 SYSTEMPATH\Common.php(1178): CodeIgniter\View\View->render('admin/layout/wrapper', [], true)
 4 APPPATH\Controllers\Admin\Siswa.php(136): view('admin/layout/wrapper', [...])
 5 SYSTEMPATH\CodeIgniter.php(941): App\Controllers\Admin\Siswa->tambah()
 6 SYSTEMPATH\CodeIgniter.php(502): CodeIgniter\CodeIgniter->runController(Object(App\Controllers\Admin\Siswa))
 7 SYSTEMPATH\CodeIgniter.php(361): CodeIgniter\CodeIgniter->handleRequest(null, Object(Config\Cache), false)
 8 FCPATH\index.php(36): CodeIgniter\CodeIgniter->run()
 9 ROOTPATH\index.php(7): require_once('C:\\xampp\\htdocs\\webspp\\public\\index.php')
WARNING - 2025-06-22 15:41:42 --> [DEPRECATED] Creation of dynamic property CodeIgniter\View\View::$session is deprecated in APPPATH\Views\admin\layout\wrapper.php on line 6.
 1 SYSTEMPATH\View\View.php(228): include('C:\\xampp\\htdocs\\webspp\\app\\Views\\admin\\layout\\wrapper.php')
 2 SYSTEMPATH\View\View.php(231): CodeIgniter\View\View->CodeIgniter\View\{closure}()
 3 SYSTEMPATH\Common.php(1178): CodeIgniter\View\View->render('admin/layout/wrapper', [], true)
 4 APPPATH\Controllers\Admin\Siswa.php(136): view('admin/layout/wrapper', [...])
 5 SYSTEMPATH\CodeIgniter.php(941): App\Controllers\Admin\Siswa->tambah()
 6 SYSTEMPATH\CodeIgniter.php(502): CodeIgniter\CodeIgniter->runController(Object(App\Controllers\Admin\Siswa))
 7 SYSTEMPATH\CodeIgniter.php(361): CodeIgniter\CodeIgniter->handleRequest(null, Object(Config\Cache), false)
 8 FCPATH\index.php(36): CodeIgniter\CodeIgniter->run()
 9 ROOTPATH\index.php(7): require_once('C:\\xampp\\htdocs\\webspp\\public\\index.php')
WARNING - 2025-06-22 15:41:42 --> [DEPRECATED] Creation of dynamic property App\Libraries\Simple_login::$session is deprecated in APPPATH\Libraries\Simple_login.php on line 130.
 1 APPPATH\Views\admin\layout\wrapper.php(8): App\Libraries\Simple_login->checklogin()
 2 SYSTEMPATH\View\View.php(228): include('C:\\xampp\\htdocs\\webspp\\app\\Views\\admin\\layout\\wrapper.php')
 3 SYSTEMPATH\View\View.php(231): CodeIgniter\View\View->CodeIgniter\View\{closure}()
 4 SYSTEMPATH\Common.php(1178): CodeIgniter\View\View->render('admin/layout/wrapper', [], true)
 5 APPPATH\Controllers\Admin\Siswa.php(136): view('admin/layout/wrapper', [...])
 6 SYSTEMPATH\CodeIgniter.php(941): App\Controllers\Admin\Siswa->tambah()
 7 SYSTEMPATH\CodeIgniter.php(502): CodeIgniter\CodeIgniter->runController(Object(App\Controllers\Admin\Siswa))
 8 SYSTEMPATH\CodeIgniter.php(361): CodeIgniter\CodeIgniter->handleRequest(null, Object(Config\Cache), false)
 9 FCPATH\index.php(36): CodeIgniter\CodeIgniter->run()
10 ROOTPATH\index.php(7): require_once('C:\\xampp\\htdocs\\webspp\\public\\index.php')
INFO - 2025-06-22 15:41:48 --> Session: Class initialized using 'CodeIgniter\Session\Handlers\FileHandler' driver.
WARNING - 2025-06-22 15:41:48 --> [DEPRECATED] Creation of dynamic property CodeIgniter\View\View::$simple_login is deprecated in APPPATH\Views\admin\layout\wrapper.php on line 4.
 1 SYSTEMPATH\View\View.php(228): include('C:\\xampp\\htdocs\\webspp\\app\\Views\\admin\\layout\\wrapper.php')
 2 SYSTEMPATH\View\View.php(231): CodeIgniter\View\View->CodeIgniter\View\{closure}()
 3 SYSTEMPATH\Common.php(1178): CodeIgniter\View\View->render('admin/layout/wrapper', [], true)
 4 APPPATH\Controllers\Admin\Siswa.php(136): view('admin/layout/wrapper', [...])
 5 SYSTEMPATH\CodeIgniter.php(941): App\Controllers\Admin\Siswa->tambah()
 6 SYSTEMPATH\CodeIgniter.php(502): CodeIgniter\CodeIgniter->runController(Object(App\Controllers\Admin\Siswa))
 7 SYSTEMPATH\CodeIgniter.php(361): CodeIgniter\CodeIgniter->handleRequest(null, Object(Config\Cache), false)
 8 FCPATH\index.php(36): CodeIgniter\CodeIgniter->run()
 9 ROOTPATH\index.php(7): require_once('C:\\xampp\\htdocs\\webspp\\public\\index.php')
WARNING - 2025-06-22 15:41:48 --> [DEPRECATED] Creation of dynamic property CodeIgniter\View\View::$website is deprecated in APPPATH\Views\admin\layout\wrapper.php on line 5.
 1 SYSTEMPATH\View\View.php(228): include('C:\\xampp\\htdocs\\webspp\\app\\Views\\admin\\layout\\wrapper.php')
 2 SYSTEMPATH\View\View.php(231): CodeIgniter\View\View->CodeIgniter\View\{closure}()
 3 SYSTEMPATH\Common.php(1178): CodeIgniter\View\View->render('admin/layout/wrapper', [], true)
 4 APPPATH\Controllers\Admin\Siswa.php(136): view('admin/layout/wrapper', [...])
 5 SYSTEMPATH\CodeIgniter.php(941): App\Controllers\Admin\Siswa->tambah()
 6 SYSTEMPATH\CodeIgniter.php(502): CodeIgniter\CodeIgniter->runController(Object(App\Controllers\Admin\Siswa))
 7 SYSTEMPATH\CodeIgniter.php(361): CodeIgniter\CodeIgniter->handleRequest(null, Object(Config\Cache), false)
 8 FCPATH\index.php(36): CodeIgniter\CodeIgniter->run()
 9 ROOTPATH\index.php(7): require_once('C:\\xampp\\htdocs\\webspp\\public\\index.php')
WARNING - 2025-06-22 15:41:48 --> [DEPRECATED] Creation of dynamic property CodeIgniter\View\View::$session is deprecated in APPPATH\Views\admin\layout\wrapper.php on line 6.
 1 SYSTEMPATH\View\View.php(228): include('C:\\xampp\\htdocs\\webspp\\app\\Views\\admin\\layout\\wrapper.php')
 2 SYSTEMPATH\View\View.php(231): CodeIgniter\View\View->CodeIgniter\View\{closure}()
 3 SYSTEMPATH\Common.php(1178): CodeIgniter\View\View->render('admin/layout/wrapper', [], true)
 4 APPPATH\Controllers\Admin\Siswa.php(136): view('admin/layout/wrapper', [...])
 5 SYSTEMPATH\CodeIgniter.php(941): App\Controllers\Admin\Siswa->tambah()
 6 SYSTEMPATH\CodeIgniter.php(502): CodeIgniter\CodeIgniter->runController(Object(App\Controllers\Admin\Siswa))
 7 SYSTEMPATH\CodeIgniter.php(361): CodeIgniter\CodeIgniter->handleRequest(null, Object(Config\Cache), false)
 8 FCPATH\index.php(36): CodeIgniter\CodeIgniter->run()
 9 ROOTPATH\index.php(7): require_once('C:\\xampp\\htdocs\\webspp\\public\\index.php')
WARNING - 2025-06-22 15:41:48 --> [DEPRECATED] Creation of dynamic property App\Libraries\Simple_login::$session is deprecated in APPPATH\Libraries\Simple_login.php on line 130.
 1 APPPATH\Views\admin\layout\wrapper.php(8): App\Libraries\Simple_login->checklogin()
 2 SYSTEMPATH\View\View.php(228): include('C:\\xampp\\htdocs\\webspp\\app\\Views\\admin\\layout\\wrapper.php')
 3 SYSTEMPATH\View\View.php(231): CodeIgniter\View\View->CodeIgniter\View\{closure}()
 4 SYSTEMPATH\Common.php(1178): CodeIgniter\View\View->render('admin/layout/wrapper', [], true)
 5 APPPATH\Controllers\Admin\Siswa.php(136): view('admin/layout/wrapper', [...])
 6 SYSTEMPATH\CodeIgniter.php(941): App\Controllers\Admin\Siswa->tambah()
 7 SYSTEMPATH\CodeIgniter.php(502): CodeIgniter\CodeIgniter->runController(Object(App\Controllers\Admin\Siswa))
 8 SYSTEMPATH\CodeIgniter.php(361): CodeIgniter\CodeIgniter->handleRequest(null, Object(Config\Cache), false)
 9 FCPATH\index.php(36): CodeIgniter\CodeIgniter->run()
10 ROOTPATH\index.php(7): require_once('C:\\xampp\\htdocs\\webspp\\public\\index.php')
INFO - 2025-06-22 15:42:15 --> Session: Class initialized using 'CodeIgniter\Session\Handlers\FileHandler' driver.
WARNING - 2025-06-22 15:42:15 --> [DEPRECATED] Creation of dynamic property CodeIgniter\View\View::$simple_login is deprecated in APPPATH\Views\admin\layout\wrapper.php on line 4.
 1 SYSTEMPATH\View\View.php(228): include('C:\\xampp\\htdocs\\webspp\\app\\Views\\admin\\layout\\wrapper.php')
 2 SYSTEMPATH\View\View.php(231): CodeIgniter\View\View->CodeIgniter\View\{closure}()
 3 SYSTEMPATH\Common.php(1178): CodeIgniter\View\View->render('admin/layout/wrapper', [], true)
 4 APPPATH\Controllers\Admin\Siswa.php(136): view('admin/layout/wrapper', [...])
 5 SYSTEMPATH\CodeIgniter.php(941): App\Controllers\Admin\Siswa->tambah()
 6 SYSTEMPATH\CodeIgniter.php(502): CodeIgniter\CodeIgniter->runController(Object(App\Controllers\Admin\Siswa))
 7 SYSTEMPATH\CodeIgniter.php(361): CodeIgniter\CodeIgniter->handleRequest(null, Object(Config\Cache), false)
 8 FCPATH\index.php(36): CodeIgniter\CodeIgniter->run()
 9 ROOTPATH\index.php(7): require_once('C:\\xampp\\htdocs\\webspp\\public\\index.php')
WARNING - 2025-06-22 15:42:15 --> [DEPRECATED] Creation of dynamic property CodeIgniter\View\View::$website is deprecated in APPPATH\Views\admin\layout\wrapper.php on line 5.
 1 SYSTEMPATH\View\View.php(228): include('C:\\xampp\\htdocs\\webspp\\app\\Views\\admin\\layout\\wrapper.php')
 2 SYSTEMPATH\View\View.php(231): CodeIgniter\View\View->CodeIgniter\View\{closure}()
 3 SYSTEMPATH\Common.php(1178): CodeIgniter\View\View->render('admin/layout/wrapper', [], true)
 4 APPPATH\Controllers\Admin\Siswa.php(136): view('admin/layout/wrapper', [...])
 5 SYSTEMPATH\CodeIgniter.php(941): App\Controllers\Admin\Siswa->tambah()
 6 SYSTEMPATH\CodeIgniter.php(502): CodeIgniter\CodeIgniter->runController(Object(App\Controllers\Admin\Siswa))
 7 SYSTEMPATH\CodeIgniter.php(361): CodeIgniter\CodeIgniter->handleRequest(null, Object(Config\Cache), false)
 8 FCPATH\index.php(36): CodeIgniter\CodeIgniter->run()
 9 ROOTPATH\index.php(7): require_once('C:\\xampp\\htdocs\\webspp\\public\\index.php')
WARNING - 2025-06-22 15:42:15 --> [DEPRECATED] Creation of dynamic property CodeIgniter\View\View::$session is deprecated in APPPATH\Views\admin\layout\wrapper.php on line 6.
 1 SYSTEMPATH\View\View.php(228): include('C:\\xampp\\htdocs\\webspp\\app\\Views\\admin\\layout\\wrapper.php')
 2 SYSTEMPATH\View\View.php(231): CodeIgniter\View\View->CodeIgniter\View\{closure}()
 3 SYSTEMPATH\Common.php(1178): CodeIgniter\View\View->render('admin/layout/wrapper', [], true)
 4 APPPATH\Controllers\Admin\Siswa.php(136): view('admin/layout/wrapper', [...])
 5 SYSTEMPATH\CodeIgniter.php(941): App\Controllers\Admin\Siswa->tambah()
 6 SYSTEMPATH\CodeIgniter.php(502): CodeIgniter\CodeIgniter->runController(Object(App\Controllers\Admin\Siswa))
 7 SYSTEMPATH\CodeIgniter.php(361): CodeIgniter\CodeIgniter->handleRequest(null, Object(Config\Cache), false)
 8 FCPATH\index.php(36): CodeIgniter\CodeIgniter->run()
 9 ROOTPATH\index.php(7): require_once('C:\\xampp\\htdocs\\webspp\\public\\index.php')
WARNING - 2025-06-22 15:42:15 --> [DEPRECATED] Creation of dynamic property App\Libraries\Simple_login::$session is deprecated in APPPATH\Libraries\Simple_login.php on line 130.
 1 APPPATH\Views\admin\layout\wrapper.php(8): App\Libraries\Simple_login->checklogin()
 2 SYSTEMPATH\View\View.php(228): include('C:\\xampp\\htdocs\\webspp\\app\\Views\\admin\\layout\\wrapper.php')
 3 SYSTEMPATH\View\View.php(231): CodeIgniter\View\View->CodeIgniter\View\{closure}()
 4 SYSTEMPATH\Common.php(1178): CodeIgniter\View\View->render('admin/layout/wrapper', [], true)
 5 APPPATH\Controllers\Admin\Siswa.php(136): view('admin/layout/wrapper', [...])
 6 SYSTEMPATH\CodeIgniter.php(941): App\Controllers\Admin\Siswa->tambah()
 7 SYSTEMPATH\CodeIgniter.php(502): CodeIgniter\CodeIgniter->runController(Object(App\Controllers\Admin\Siswa))
 8 SYSTEMPATH\CodeIgniter.php(361): CodeIgniter\CodeIgniter->handleRequest(null, Object(Config\Cache), false)
 9 FCPATH\index.php(36): CodeIgniter\CodeIgniter->run()
10 ROOTPATH\index.php(7): require_once('C:\\xampp\\htdocs\\webspp\\public\\index.php')
INFO - 2025-06-22 15:42:45 --> Session: Class initialized using 'CodeIgniter\Session\Handlers\FileHandler' driver.
WARNING - 2025-06-22 15:42:45 --> [DEPRECATED] Creation of dynamic property CodeIgniter\View\View::$simple_login is deprecated in APPPATH\Views\admin\layout\wrapper.php on line 4.
 1 SYSTEMPATH\View\View.php(228): include('C:\\xampp\\htdocs\\webspp\\app\\Views\\admin\\layout\\wrapper.php')
 2 SYSTEMPATH\View\View.php(231): CodeIgniter\View\View->CodeIgniter\View\{closure}()
 3 SYSTEMPATH\Common.php(1178): CodeIgniter\View\View->render('admin/layout/wrapper', [], true)
 4 APPPATH\Controllers\Admin\Siswa.php(136): view('admin/layout/wrapper', [...])
 5 SYSTEMPATH\CodeIgniter.php(941): App\Controllers\Admin\Siswa->tambah()
 6 SYSTEMPATH\CodeIgniter.php(502): CodeIgniter\CodeIgniter->runController(Object(App\Controllers\Admin\Siswa))
 7 SYSTEMPATH\CodeIgniter.php(361): CodeIgniter\CodeIgniter->handleRequest(null, Object(Config\Cache), false)
 8 FCPATH\index.php(36): CodeIgniter\CodeIgniter->run()
 9 ROOTPATH\index.php(7): require_once('C:\\xampp\\htdocs\\webspp\\public\\index.php')
WARNING - 2025-06-22 15:42:45 --> [DEPRECATED] Creation of dynamic property CodeIgniter\View\View::$website is deprecated in APPPATH\Views\admin\layout\wrapper.php on line 5.
 1 SYSTEMPATH\View\View.php(228): include('C:\\xampp\\htdocs\\webspp\\app\\Views\\admin\\layout\\wrapper.php')
 2 SYSTEMPATH\View\View.php(231): CodeIgniter\View\View->CodeIgniter\View\{closure}()
 3 SYSTEMPATH\Common.php(1178): CodeIgniter\View\View->render('admin/layout/wrapper', [], true)
 4 APPPATH\Controllers\Admin\Siswa.php(136): view('admin/layout/wrapper', [...])
 5 SYSTEMPATH\CodeIgniter.php(941): App\Controllers\Admin\Siswa->tambah()
 6 SYSTEMPATH\CodeIgniter.php(502): CodeIgniter\CodeIgniter->runController(Object(App\Controllers\Admin\Siswa))
 7 SYSTEMPATH\CodeIgniter.php(361): CodeIgniter\CodeIgniter->handleRequest(null, Object(Config\Cache), false)
 8 FCPATH\index.php(36): CodeIgniter\CodeIgniter->run()
 9 ROOTPATH\index.php(7): require_once('C:\\xampp\\htdocs\\webspp\\public\\index.php')
WARNING - 2025-06-22 15:42:45 --> [DEPRECATED] Creation of dynamic property CodeIgniter\View\View::$session is deprecated in APPPATH\Views\admin\layout\wrapper.php on line 6.
 1 SYSTEMPATH\View\View.php(228): include('C:\\xampp\\htdocs\\webspp\\app\\Views\\admin\\layout\\wrapper.php')
 2 SYSTEMPATH\View\View.php(231): CodeIgniter\View\View->CodeIgniter\View\{closure}()
 3 SYSTEMPATH\Common.php(1178): CodeIgniter\View\View->render('admin/layout/wrapper', [], true)
 4 APPPATH\Controllers\Admin\Siswa.php(136): view('admin/layout/wrapper', [...])
 5 SYSTEMPATH\CodeIgniter.php(941): App\Controllers\Admin\Siswa->tambah()
 6 SYSTEMPATH\CodeIgniter.php(502): CodeIgniter\CodeIgniter->runController(Object(App\Controllers\Admin\Siswa))
 7 SYSTEMPATH\CodeIgniter.php(361): CodeIgniter\CodeIgniter->handleRequest(null, Object(Config\Cache), false)
 8 FCPATH\index.php(36): CodeIgniter\CodeIgniter->run()
 9 ROOTPATH\index.php(7): require_once('C:\\xampp\\htdocs\\webspp\\public\\index.php')
WARNING - 2025-06-22 15:42:45 --> [DEPRECATED] Creation of dynamic property App\Libraries\Simple_login::$session is deprecated in APPPATH\Libraries\Simple_login.php on line 130.
 1 APPPATH\Views\admin\layout\wrapper.php(8): App\Libraries\Simple_login->checklogin()
 2 SYSTEMPATH\View\View.php(228): include('C:\\xampp\\htdocs\\webspp\\app\\Views\\admin\\layout\\wrapper.php')
 3 SYSTEMPATH\View\View.php(231): CodeIgniter\View\View->CodeIgniter\View\{closure}()
 4 SYSTEMPATH\Common.php(1178): CodeIgniter\View\View->render('admin/layout/wrapper', [], true)
 5 APPPATH\Controllers\Admin\Siswa.php(136): view('admin/layout/wrapper', [...])
 6 SYSTEMPATH\CodeIgniter.php(941): App\Controllers\Admin\Siswa->tambah()
 7 SYSTEMPATH\CodeIgniter.php(502): CodeIgniter\CodeIgniter->runController(Object(App\Controllers\Admin\Siswa))
 8 SYSTEMPATH\CodeIgniter.php(361): CodeIgniter\CodeIgniter->handleRequest(null, Object(Config\Cache), false)
 9 FCPATH\index.php(36): CodeIgniter\CodeIgniter->run()
10 ROOTPATH\index.php(7): require_once('C:\\xampp\\htdocs\\webspp\\public\\index.php')
INFO - 2025-06-22 15:42:51 --> Session: Class initialized using 'CodeIgniter\Session\Handlers\FileHandler' driver.
WARNING - 2025-06-22 15:42:51 --> [DEPRECATED] Creation of dynamic property CodeIgniter\View\View::$simple_login is deprecated in APPPATH\Views\admin\layout\wrapper.php on line 4.
 1 SYSTEMPATH\View\View.php(228): include('C:\\xampp\\htdocs\\webspp\\app\\Views\\admin\\layout\\wrapper.php')
 2 SYSTEMPATH\View\View.php(231): CodeIgniter\View\View->CodeIgniter\View\{closure}()
 3 SYSTEMPATH\Common.php(1178): CodeIgniter\View\View->render('admin/layout/wrapper', [], true)
 4 APPPATH\Controllers\Admin\Siswa.php(136): view('admin/layout/wrapper', [...])
 5 SYSTEMPATH\CodeIgniter.php(941): App\Controllers\Admin\Siswa->tambah()
 6 SYSTEMPATH\CodeIgniter.php(502): CodeIgniter\CodeIgniter->runController(Object(App\Controllers\Admin\Siswa))
 7 SYSTEMPATH\CodeIgniter.php(361): CodeIgniter\CodeIgniter->handleRequest(null, Object(Config\Cache), false)
 8 FCPATH\index.php(36): CodeIgniter\CodeIgniter->run()
 9 ROOTPATH\index.php(7): require_once('C:\\xampp\\htdocs\\webspp\\public\\index.php')
WARNING - 2025-06-22 15:42:51 --> [DEPRECATED] Creation of dynamic property CodeIgniter\View\View::$website is deprecated in APPPATH\Views\admin\layout\wrapper.php on line 5.
 1 SYSTEMPATH\View\View.php(228): include('C:\\xampp\\htdocs\\webspp\\app\\Views\\admin\\layout\\wrapper.php')
 2 SYSTEMPATH\View\View.php(231): CodeIgniter\View\View->CodeIgniter\View\{closure}()
 3 SYSTEMPATH\Common.php(1178): CodeIgniter\View\View->render('admin/layout/wrapper', [], true)
 4 APPPATH\Controllers\Admin\Siswa.php(136): view('admin/layout/wrapper', [...])
 5 SYSTEMPATH\CodeIgniter.php(941): App\Controllers\Admin\Siswa->tambah()
 6 SYSTEMPATH\CodeIgniter.php(502): CodeIgniter\CodeIgniter->runController(Object(App\Controllers\Admin\Siswa))
 7 SYSTEMPATH\CodeIgniter.php(361): CodeIgniter\CodeIgniter->handleRequest(null, Object(Config\Cache), false)
 8 FCPATH\index.php(36): CodeIgniter\CodeIgniter->run()
 9 ROOTPATH\index.php(7): require_once('C:\\xampp\\htdocs\\webspp\\public\\index.php')
WARNING - 2025-06-22 15:42:51 --> [DEPRECATED] Creation of dynamic property CodeIgniter\View\View::$session is deprecated in APPPATH\Views\admin\layout\wrapper.php on line 6.
 1 SYSTEMPATH\View\View.php(228): include('C:\\xampp\\htdocs\\webspp\\app\\Views\\admin\\layout\\wrapper.php')
 2 SYSTEMPATH\View\View.php(231): CodeIgniter\View\View->CodeIgniter\View\{closure}()
 3 SYSTEMPATH\Common.php(1178): CodeIgniter\View\View->render('admin/layout/wrapper', [], true)
 4 APPPATH\Controllers\Admin\Siswa.php(136): view('admin/layout/wrapper', [...])
 5 SYSTEMPATH\CodeIgniter.php(941): App\Controllers\Admin\Siswa->tambah()
 6 SYSTEMPATH\CodeIgniter.php(502): CodeIgniter\CodeIgniter->runController(Object(App\Controllers\Admin\Siswa))
 7 SYSTEMPATH\CodeIgniter.php(361): CodeIgniter\CodeIgniter->handleRequest(null, Object(Config\Cache), false)
 8 FCPATH\index.php(36): CodeIgniter\CodeIgniter->run()
 9 ROOTPATH\index.php(7): require_once('C:\\xampp\\htdocs\\webspp\\public\\index.php')
WARNING - 2025-06-22 15:42:51 --> [DEPRECATED] Creation of dynamic property App\Libraries\Simple_login::$session is deprecated in APPPATH\Libraries\Simple_login.php on line 130.
 1 APPPATH\Views\admin\layout\wrapper.php(8): App\Libraries\Simple_login->checklogin()
 2 SYSTEMPATH\View\View.php(228): include('C:\\xampp\\htdocs\\webspp\\app\\Views\\admin\\layout\\wrapper.php')
 3 SYSTEMPATH\View\View.php(231): CodeIgniter\View\View->CodeIgniter\View\{closure}()
 4 SYSTEMPATH\Common.php(1178): CodeIgniter\View\View->render('admin/layout/wrapper', [], true)
 5 APPPATH\Controllers\Admin\Siswa.php(136): view('admin/layout/wrapper', [...])
 6 SYSTEMPATH\CodeIgniter.php(941): App\Controllers\Admin\Siswa->tambah()
 7 SYSTEMPATH\CodeIgniter.php(502): CodeIgniter\CodeIgniter->runController(Object(App\Controllers\Admin\Siswa))
 8 SYSTEMPATH\CodeIgniter.php(361): CodeIgniter\CodeIgniter->handleRequest(null, Object(Config\Cache), false)
 9 FCPATH\index.php(36): CodeIgniter\CodeIgniter->run()
10 ROOTPATH\index.php(7): require_once('C:\\xampp\\htdocs\\webspp\\public\\index.php')
INFO - 2025-06-22 15:42:55 --> Session: Class initialized using 'CodeIgniter\Session\Handlers\FileHandler' driver.
WARNING - 2025-06-22 15:42:55 --> [DEPRECATED] Creation of dynamic property CodeIgniter\View\View::$simple_login is deprecated in APPPATH\Views\admin\layout\wrapper.php on line 4.
 1 SYSTEMPATH\View\View.php(228): include('C:\\xampp\\htdocs\\webspp\\app\\Views\\admin\\layout\\wrapper.php')
 2 SYSTEMPATH\View\View.php(231): CodeIgniter\View\View->CodeIgniter\View\{closure}()
 3 SYSTEMPATH\Common.php(1178): CodeIgniter\View\View->render('admin/layout/wrapper', [], true)
 4 APPPATH\Controllers\Admin\Siswa.php(136): view('admin/layout/wrapper', [...])
 5 SYSTEMPATH\CodeIgniter.php(941): App\Controllers\Admin\Siswa->tambah()
 6 SYSTEMPATH\CodeIgniter.php(502): CodeIgniter\CodeIgniter->runController(Object(App\Controllers\Admin\Siswa))
 7 SYSTEMPATH\CodeIgniter.php(361): CodeIgniter\CodeIgniter->handleRequest(null, Object(Config\Cache), false)
 8 FCPATH\index.php(36): CodeIgniter\CodeIgniter->run()
 9 ROOTPATH\index.php(7): require_once('C:\\xampp\\htdocs\\webspp\\public\\index.php')
WARNING - 2025-06-22 15:42:55 --> [DEPRECATED] Creation of dynamic property CodeIgniter\View\View::$website is deprecated in APPPATH\Views\admin\layout\wrapper.php on line 5.
 1 SYSTEMPATH\View\View.php(228): include('C:\\xampp\\htdocs\\webspp\\app\\Views\\admin\\layout\\wrapper.php')
 2 SYSTEMPATH\View\View.php(231): CodeIgniter\View\View->CodeIgniter\View\{closure}()
 3 SYSTEMPATH\Common.php(1178): CodeIgniter\View\View->render('admin/layout/wrapper', [], true)
 4 APPPATH\Controllers\Admin\Siswa.php(136): view('admin/layout/wrapper', [...])
 5 SYSTEMPATH\CodeIgniter.php(941): App\Controllers\Admin\Siswa->tambah()
 6 SYSTEMPATH\CodeIgniter.php(502): CodeIgniter\CodeIgniter->runController(Object(App\Controllers\Admin\Siswa))
 7 SYSTEMPATH\CodeIgniter.php(361): CodeIgniter\CodeIgniter->handleRequest(null, Object(Config\Cache), false)
 8 FCPATH\index.php(36): CodeIgniter\CodeIgniter->run()
 9 ROOTPATH\index.php(7): require_once('C:\\xampp\\htdocs\\webspp\\public\\index.php')
WARNING - 2025-06-22 15:42:55 --> [DEPRECATED] Creation of dynamic property CodeIgniter\View\View::$session is deprecated in APPPATH\Views\admin\layout\wrapper.php on line 6.
 1 SYSTEMPATH\View\View.php(228): include('C:\\xampp\\htdocs\\webspp\\app\\Views\\admin\\layout\\wrapper.php')
 2 SYSTEMPATH\View\View.php(231): CodeIgniter\View\View->CodeIgniter\View\{closure}()
 3 SYSTEMPATH\Common.php(1178): CodeIgniter\View\View->render('admin/layout/wrapper', [], true)
 4 APPPATH\Controllers\Admin\Siswa.php(136): view('admin/layout/wrapper', [...])
 5 SYSTEMPATH\CodeIgniter.php(941): App\Controllers\Admin\Siswa->tambah()
 6 SYSTEMPATH\CodeIgniter.php(502): CodeIgniter\CodeIgniter->runController(Object(App\Controllers\Admin\Siswa))
 7 SYSTEMPATH\CodeIgniter.php(361): CodeIgniter\CodeIgniter->handleRequest(null, Object(Config\Cache), false)
 8 FCPATH\index.php(36): CodeIgniter\CodeIgniter->run()
 9 ROOTPATH\index.php(7): require_once('C:\\xampp\\htdocs\\webspp\\public\\index.php')
WARNING - 2025-06-22 15:42:55 --> [DEPRECATED] Creation of dynamic property App\Libraries\Simple_login::$session is deprecated in APPPATH\Libraries\Simple_login.php on line 130.
 1 APPPATH\Views\admin\layout\wrapper.php(8): App\Libraries\Simple_login->checklogin()
 2 SYSTEMPATH\View\View.php(228): include('C:\\xampp\\htdocs\\webspp\\app\\Views\\admin\\layout\\wrapper.php')
 3 SYSTEMPATH\View\View.php(231): CodeIgniter\View\View->CodeIgniter\View\{closure}()
 4 SYSTEMPATH\Common.php(1178): CodeIgniter\View\View->render('admin/layout/wrapper', [], true)
 5 APPPATH\Controllers\Admin\Siswa.php(136): view('admin/layout/wrapper', [...])
 6 SYSTEMPATH\CodeIgniter.php(941): App\Controllers\Admin\Siswa->tambah()
 7 SYSTEMPATH\CodeIgniter.php(502): CodeIgniter\CodeIgniter->runController(Object(App\Controllers\Admin\Siswa))
 8 SYSTEMPATH\CodeIgniter.php(361): CodeIgniter\CodeIgniter->handleRequest(null, Object(Config\Cache), false)
 9 FCPATH\index.php(36): CodeIgniter\CodeIgniter->run()
10 ROOTPATH\index.php(7): require_once('C:\\xampp\\htdocs\\webspp\\public\\index.php')
INFO - 2025-06-22 15:43:28 --> Session: Class initialized using 'CodeIgniter\Session\Handlers\FileHandler' driver.
INFO - 2025-06-22 15:43:28 --> Session: Class initialized using 'CodeIgniter\Session\Handlers\FileHandler' driver.
WARNING - 2025-06-22 15:43:28 --> [DEPRECATED] Creation of dynamic property CodeIgniter\View\View::$simple_login is deprecated in APPPATH\Views\admin\layout\wrapper.php on line 4.
 1 SYSTEMPATH\View\View.php(228): include('C:\\xampp\\htdocs\\webspp\\app\\Views\\admin\\layout\\wrapper.php')
 2 SYSTEMPATH\View\View.php(231): CodeIgniter\View\View->CodeIgniter\View\{closure}()
 3 SYSTEMPATH\Common.php(1178): CodeIgniter\View\View->render('admin/layout/wrapper', [], true)
 4 APPPATH\Controllers\Admin\Siswa.php(155): view('admin/layout/wrapper', [...])
 5 SYSTEMPATH\CodeIgniter.php(941): App\Controllers\Admin\Siswa->tambah()
 6 SYSTEMPATH\CodeIgniter.php(502): CodeIgniter\CodeIgniter->runController(Object(App\Controllers\Admin\Siswa))
 7 SYSTEMPATH\CodeIgniter.php(361): CodeIgniter\CodeIgniter->handleRequest(null, Object(Config\Cache), false)
 8 FCPATH\index.php(36): CodeIgniter\CodeIgniter->run()
 9 ROOTPATH\index.php(7): require_once('C:\\xampp\\htdocs\\webspp\\public\\index.php')
WARNING - 2025-06-22 15:43:28 --> [DEPRECATED] Creation of dynamic property CodeIgniter\View\View::$website is deprecated in APPPATH\Views\admin\layout\wrapper.php on line 5.
 1 SYSTEMPATH\View\View.php(228): include('C:\\xampp\\htdocs\\webspp\\app\\Views\\admin\\layout\\wrapper.php')
 2 SYSTEMPATH\View\View.php(231): CodeIgniter\View\View->CodeIgniter\View\{closure}()
 3 SYSTEMPATH\Common.php(1178): CodeIgniter\View\View->render('admin/layout/wrapper', [], true)
 4 APPPATH\Controllers\Admin\Siswa.php(155): view('admin/layout/wrapper', [...])
 5 SYSTEMPATH\CodeIgniter.php(941): App\Controllers\Admin\Siswa->tambah()
 6 SYSTEMPATH\CodeIgniter.php(502): CodeIgniter\CodeIgniter->runController(Object(App\Controllers\Admin\Siswa))
 7 SYSTEMPATH\CodeIgniter.php(361): CodeIgniter\CodeIgniter->handleRequest(null, Object(Config\Cache), false)
 8 FCPATH\index.php(36): CodeIgniter\CodeIgniter->run()
 9 ROOTPATH\index.php(7): require_once('C:\\xampp\\htdocs\\webspp\\public\\index.php')
WARNING - 2025-06-22 15:43:28 --> [DEPRECATED] Creation of dynamic property CodeIgniter\View\View::$session is deprecated in APPPATH\Views\admin\layout\wrapper.php on line 6.
 1 SYSTEMPATH\View\View.php(228): include('C:\\xampp\\htdocs\\webspp\\app\\Views\\admin\\layout\\wrapper.php')
 2 SYSTEMPATH\View\View.php(231): CodeIgniter\View\View->CodeIgniter\View\{closure}()
 3 SYSTEMPATH\Common.php(1178): CodeIgniter\View\View->render('admin/layout/wrapper', [], true)
 4 APPPATH\Controllers\Admin\Siswa.php(155): view('admin/layout/wrapper', [...])
 5 SYSTEMPATH\CodeIgniter.php(941): App\Controllers\Admin\Siswa->tambah()
 6 SYSTEMPATH\CodeIgniter.php(502): CodeIgniter\CodeIgniter->runController(Object(App\Controllers\Admin\Siswa))
 7 SYSTEMPATH\CodeIgniter.php(361): CodeIgniter\CodeIgniter->handleRequest(null, Object(Config\Cache), false)
 8 FCPATH\index.php(36): CodeIgniter\CodeIgniter->run()
 9 ROOTPATH\index.php(7): require_once('C:\\xampp\\htdocs\\webspp\\public\\index.php')
WARNING - 2025-06-22 15:43:28 --> [DEPRECATED] Creation of dynamic property App\Libraries\Simple_login::$session is deprecated in APPPATH\Libraries\Simple_login.php on line 130.
 1 APPPATH\Views\admin\layout\wrapper.php(8): App\Libraries\Simple_login->checklogin()
 2 SYSTEMPATH\View\View.php(228): include('C:\\xampp\\htdocs\\webspp\\app\\Views\\admin\\layout\\wrapper.php')
 3 SYSTEMPATH\View\View.php(231): CodeIgniter\View\View->CodeIgniter\View\{closure}()
 4 SYSTEMPATH\Common.php(1178): CodeIgniter\View\View->render('admin/layout/wrapper', [], true)
 5 APPPATH\Controllers\Admin\Siswa.php(155): view('admin/layout/wrapper', [...])
 6 SYSTEMPATH\CodeIgniter.php(941): App\Controllers\Admin\Siswa->tambah()
 7 SYSTEMPATH\CodeIgniter.php(502): CodeIgniter\CodeIgniter->runController(Object(App\Controllers\Admin\Siswa))
 8 SYSTEMPATH\CodeIgniter.php(361): CodeIgniter\CodeIgniter->handleRequest(null, Object(Config\Cache), false)
 9 FCPATH\index.php(36): CodeIgniter\CodeIgniter->run()
10 ROOTPATH\index.php(7): require_once('C:\\xampp\\htdocs\\webspp\\public\\index.php')
INFO - 2025-06-22 15:46:55 --> Session: Class initialized using 'CodeIgniter\Session\Handlers\FileHandler' driver.
WARNING - 2025-06-22 15:46:55 --> [DEPRECATED] Creation of dynamic property CodeIgniter\View\View::$simple_login is deprecated in APPPATH\Views\admin\layout\wrapper.php on line 4.
 1 SYSTEMPATH\View\View.php(228): include('C:\\xampp\\htdocs\\webspp\\app\\Views\\admin\\layout\\wrapper.php')
 2 SYSTEMPATH\View\View.php(231): CodeIgniter\View\View->CodeIgniter\View\{closure}()
 3 SYSTEMPATH\Common.php(1178): CodeIgniter\View\View->render('admin/layout/wrapper', [], true)
 4 APPPATH\Controllers\Admin\Siswa.php(155): view('admin/layout/wrapper', [...])
 5 SYSTEMPATH\CodeIgniter.php(941): App\Controllers\Admin\Siswa->tambah()
 6 SYSTEMPATH\CodeIgniter.php(502): CodeIgniter\CodeIgniter->runController(Object(App\Controllers\Admin\Siswa))
 7 SYSTEMPATH\CodeIgniter.php(361): CodeIgniter\CodeIgniter->handleRequest(null, Object(Config\Cache), false)
 8 FCPATH\index.php(36): CodeIgniter\CodeIgniter->run()
 9 ROOTPATH\index.php(7): require_once('C:\\xampp\\htdocs\\webspp\\public\\index.php')
WARNING - 2025-06-22 15:46:55 --> [DEPRECATED] Creation of dynamic property CodeIgniter\View\View::$website is deprecated in APPPATH\Views\admin\layout\wrapper.php on line 5.
 1 SYSTEMPATH\View\View.php(228): include('C:\\xampp\\htdocs\\webspp\\app\\Views\\admin\\layout\\wrapper.php')
 2 SYSTEMPATH\View\View.php(231): CodeIgniter\View\View->CodeIgniter\View\{closure}()
 3 SYSTEMPATH\Common.php(1178): CodeIgniter\View\View->render('admin/layout/wrapper', [], true)
 4 APPPATH\Controllers\Admin\Siswa.php(155): view('admin/layout/wrapper', [...])
 5 SYSTEMPATH\CodeIgniter.php(941): App\Controllers\Admin\Siswa->tambah()
 6 SYSTEMPATH\CodeIgniter.php(502): CodeIgniter\CodeIgniter->runController(Object(App\Controllers\Admin\Siswa))
 7 SYSTEMPATH\CodeIgniter.php(361): CodeIgniter\CodeIgniter->handleRequest(null, Object(Config\Cache), false)
 8 FCPATH\index.php(36): CodeIgniter\CodeIgniter->run()
 9 ROOTPATH\index.php(7): require_once('C:\\xampp\\htdocs\\webspp\\public\\index.php')
WARNING - 2025-06-22 15:46:55 --> [DEPRECATED] Creation of dynamic property CodeIgniter\View\View::$session is deprecated in APPPATH\Views\admin\layout\wrapper.php on line 6.
 1 SYSTEMPATH\View\View.php(228): include('C:\\xampp\\htdocs\\webspp\\app\\Views\\admin\\layout\\wrapper.php')
 2 SYSTEMPATH\View\View.php(231): CodeIgniter\View\View->CodeIgniter\View\{closure}()
 3 SYSTEMPATH\Common.php(1178): CodeIgniter\View\View->render('admin/layout/wrapper', [], true)
 4 APPPATH\Controllers\Admin\Siswa.php(155): view('admin/layout/wrapper', [...])
 5 SYSTEMPATH\CodeIgniter.php(941): App\Controllers\Admin\Siswa->tambah()
 6 SYSTEMPATH\CodeIgniter.php(502): CodeIgniter\CodeIgniter->runController(Object(App\Controllers\Admin\Siswa))
 7 SYSTEMPATH\CodeIgniter.php(361): CodeIgniter\CodeIgniter->handleRequest(null, Object(Config\Cache), false)
 8 FCPATH\index.php(36): CodeIgniter\CodeIgniter->run()
 9 ROOTPATH\index.php(7): require_once('C:\\xampp\\htdocs\\webspp\\public\\index.php')
WARNING - 2025-06-22 15:46:55 --> [DEPRECATED] Creation of dynamic property App\Libraries\Simple_login::$session is deprecated in APPPATH\Libraries\Simple_login.php on line 130.
 1 APPPATH\Views\admin\layout\wrapper.php(8): App\Libraries\Simple_login->checklogin()
 2 SYSTEMPATH\View\View.php(228): include('C:\\xampp\\htdocs\\webspp\\app\\Views\\admin\\layout\\wrapper.php')
 3 SYSTEMPATH\View\View.php(231): CodeIgniter\View\View->CodeIgniter\View\{closure}()
 4 SYSTEMPATH\Common.php(1178): CodeIgniter\View\View->render('admin/layout/wrapper', [], true)
 5 APPPATH\Controllers\Admin\Siswa.php(155): view('admin/layout/wrapper', [...])
 6 SYSTEMPATH\CodeIgniter.php(941): App\Controllers\Admin\Siswa->tambah()
 7 SYSTEMPATH\CodeIgniter.php(502): CodeIgniter\CodeIgniter->runController(Object(App\Controllers\Admin\Siswa))
 8 SYSTEMPATH\CodeIgniter.php(361): CodeIgniter\CodeIgniter->handleRequest(null, Object(Config\Cache), false)
 9 FCPATH\index.php(36): CodeIgniter\CodeIgniter->run()
10 ROOTPATH\index.php(7): require_once('C:\\xampp\\htdocs\\webspp\\public\\index.php')
INFO - 2025-06-22 15:47:06 --> Session: Class initialized using 'CodeIgniter\Session\Handlers\FileHandler' driver.
INFO - 2025-06-22 15:47:06 --> Session: Class initialized using 'CodeIgniter\Session\Handlers\FileHandler' driver.
WARNING - 2025-06-22 15:47:06 --> [DEPRECATED] Creation of dynamic property CodeIgniter\View\View::$simple_login is deprecated in APPPATH\Views\admin\layout\wrapper.php on line 4.
 1 SYSTEMPATH\View\View.php(228): include('C:\\xampp\\htdocs\\webspp\\app\\Views\\admin\\layout\\wrapper.php')
 2 SYSTEMPATH\View\View.php(231): CodeIgniter\View\View->CodeIgniter\View\{closure}()
 3 SYSTEMPATH\Common.php(1178): CodeIgniter\View\View->render('admin/layout/wrapper', [], true)
 4 APPPATH\Controllers\Admin\Siswa.php(155): view('admin/layout/wrapper', [...])
 5 SYSTEMPATH\CodeIgniter.php(941): App\Controllers\Admin\Siswa->tambah()
 6 SYSTEMPATH\CodeIgniter.php(502): CodeIgniter\CodeIgniter->runController(Object(App\Controllers\Admin\Siswa))
 7 SYSTEMPATH\CodeIgniter.php(361): CodeIgniter\CodeIgniter->handleRequest(null, Object(Config\Cache), false)
 8 FCPATH\index.php(36): CodeIgniter\CodeIgniter->run()
 9 ROOTPATH\index.php(7): require_once('C:\\xampp\\htdocs\\webspp\\public\\index.php')
WARNING - 2025-06-22 15:47:06 --> [DEPRECATED] Creation of dynamic property CodeIgniter\View\View::$website is deprecated in APPPATH\Views\admin\layout\wrapper.php on line 5.
 1 SYSTEMPATH\View\View.php(228): include('C:\\xampp\\htdocs\\webspp\\app\\Views\\admin\\layout\\wrapper.php')
 2 SYSTEMPATH\View\View.php(231): CodeIgniter\View\View->CodeIgniter\View\{closure}()
 3 SYSTEMPATH\Common.php(1178): CodeIgniter\View\View->render('admin/layout/wrapper', [], true)
 4 APPPATH\Controllers\Admin\Siswa.php(155): view('admin/layout/wrapper', [...])
 5 SYSTEMPATH\CodeIgniter.php(941): App\Controllers\Admin\Siswa->tambah()
 6 SYSTEMPATH\CodeIgniter.php(502): CodeIgniter\CodeIgniter->runController(Object(App\Controllers\Admin\Siswa))
 7 SYSTEMPATH\CodeIgniter.php(361): CodeIgniter\CodeIgniter->handleRequest(null, Object(Config\Cache), false)
 8 FCPATH\index.php(36): CodeIgniter\CodeIgniter->run()
 9 ROOTPATH\index.php(7): require_once('C:\\xampp\\htdocs\\webspp\\public\\index.php')
WARNING - 2025-06-22 15:47:06 --> [DEPRECATED] Creation of dynamic property CodeIgniter\View\View::$session is deprecated in APPPATH\Views\admin\layout\wrapper.php on line 6.
 1 SYSTEMPATH\View\View.php(228): include('C:\\xampp\\htdocs\\webspp\\app\\Views\\admin\\layout\\wrapper.php')
 2 SYSTEMPATH\View\View.php(231): CodeIgniter\View\View->CodeIgniter\View\{closure}()
 3 SYSTEMPATH\Common.php(1178): CodeIgniter\View\View->render('admin/layout/wrapper', [], true)
 4 APPPATH\Controllers\Admin\Siswa.php(155): view('admin/layout/wrapper', [...])
 5 SYSTEMPATH\CodeIgniter.php(941): App\Controllers\Admin\Siswa->tambah()
 6 SYSTEMPATH\CodeIgniter.php(502): CodeIgniter\CodeIgniter->runController(Object(App\Controllers\Admin\Siswa))
 7 SYSTEMPATH\CodeIgniter.php(361): CodeIgniter\CodeIgniter->handleRequest(null, Object(Config\Cache), false)
 8 FCPATH\index.php(36): CodeIgniter\CodeIgniter->run()
 9 ROOTPATH\index.php(7): require_once('C:\\xampp\\htdocs\\webspp\\public\\index.php')
WARNING - 2025-06-22 15:47:06 --> [DEPRECATED] Creation of dynamic property App\Libraries\Simple_login::$session is deprecated in APPPATH\Libraries\Simple_login.php on line 130.
 1 APPPATH\Views\admin\layout\wrapper.php(8): App\Libraries\Simple_login->checklogin()
 2 SYSTEMPATH\View\View.php(228): include('C:\\xampp\\htdocs\\webspp\\app\\Views\\admin\\layout\\wrapper.php')
 3 SYSTEMPATH\View\View.php(231): CodeIgniter\View\View->CodeIgniter\View\{closure}()
 4 SYSTEMPATH\Common.php(1178): CodeIgniter\View\View->render('admin/layout/wrapper', [], true)
 5 APPPATH\Controllers\Admin\Siswa.php(155): view('admin/layout/wrapper', [...])
 6 SYSTEMPATH\CodeIgniter.php(941): App\Controllers\Admin\Siswa->tambah()
 7 SYSTEMPATH\CodeIgniter.php(502): CodeIgniter\CodeIgniter->runController(Object(App\Controllers\Admin\Siswa))
 8 SYSTEMPATH\CodeIgniter.php(361): CodeIgniter\CodeIgniter->handleRequest(null, Object(Config\Cache), false)
 9 FCPATH\index.php(36): CodeIgniter\CodeIgniter->run()
10 ROOTPATH\index.php(7): require_once('C:\\xampp\\htdocs\\webspp\\public\\index.php')
INFO - 2025-06-22 15:48:15 --> Session: Class initialized using 'CodeIgniter\Session\Handlers\FileHandler' driver.
WARNING - 2025-06-22 15:48:15 --> [DEPRECATED] Creation of dynamic property CodeIgniter\View\View::$simple_login is deprecated in APPPATH\Views\admin\layout\wrapper.php on line 4.
 1 SYSTEMPATH\View\View.php(228): include('C:\\xampp\\htdocs\\webspp\\app\\Views\\admin\\layout\\wrapper.php')
 2 SYSTEMPATH\View\View.php(231): CodeIgniter\View\View->CodeIgniter\View\{closure}()
 3 SYSTEMPATH\Common.php(1178): CodeIgniter\View\View->render('admin/layout/wrapper', [], true)
 4 APPPATH\Controllers\Admin\Siswa.php(155): view('admin/layout/wrapper', [...])
 5 SYSTEMPATH\CodeIgniter.php(941): App\Controllers\Admin\Siswa->tambah()
 6 SYSTEMPATH\CodeIgniter.php(502): CodeIgniter\CodeIgniter->runController(Object(App\Controllers\Admin\Siswa))
 7 SYSTEMPATH\CodeIgniter.php(361): CodeIgniter\CodeIgniter->handleRequest(null, Object(Config\Cache), false)
 8 FCPATH\index.php(36): CodeIgniter\CodeIgniter->run()
 9 ROOTPATH\index.php(7): require_once('C:\\xampp\\htdocs\\webspp\\public\\index.php')
WARNING - 2025-06-22 15:48:15 --> [DEPRECATED] Creation of dynamic property CodeIgniter\View\View::$website is deprecated in APPPATH\Views\admin\layout\wrapper.php on line 5.
 1 SYSTEMPATH\View\View.php(228): include('C:\\xampp\\htdocs\\webspp\\app\\Views\\admin\\layout\\wrapper.php')
 2 SYSTEMPATH\View\View.php(231): CodeIgniter\View\View->CodeIgniter\View\{closure}()
 3 SYSTEMPATH\Common.php(1178): CodeIgniter\View\View->render('admin/layout/wrapper', [], true)
 4 APPPATH\Controllers\Admin\Siswa.php(155): view('admin/layout/wrapper', [...])
 5 SYSTEMPATH\CodeIgniter.php(941): App\Controllers\Admin\Siswa->tambah()
 6 SYSTEMPATH\CodeIgniter.php(502): CodeIgniter\CodeIgniter->runController(Object(App\Controllers\Admin\Siswa))
 7 SYSTEMPATH\CodeIgniter.php(361): CodeIgniter\CodeIgniter->handleRequest(null, Object(Config\Cache), false)
 8 FCPATH\index.php(36): CodeIgniter\CodeIgniter->run()
 9 ROOTPATH\index.php(7): require_once('C:\\xampp\\htdocs\\webspp\\public\\index.php')
WARNING - 2025-06-22 15:48:15 --> [DEPRECATED] Creation of dynamic property CodeIgniter\View\View::$session is deprecated in APPPATH\Views\admin\layout\wrapper.php on line 6.
 1 SYSTEMPATH\View\View.php(228): include('C:\\xampp\\htdocs\\webspp\\app\\Views\\admin\\layout\\wrapper.php')
 2 SYSTEMPATH\View\View.php(231): CodeIgniter\View\View->CodeIgniter\View\{closure}()
 3 SYSTEMPATH\Common.php(1178): CodeIgniter\View\View->render('admin/layout/wrapper', [], true)
 4 APPPATH\Controllers\Admin\Siswa.php(155): view('admin/layout/wrapper', [...])
 5 SYSTEMPATH\CodeIgniter.php(941): App\Controllers\Admin\Siswa->tambah()
 6 SYSTEMPATH\CodeIgniter.php(502): CodeIgniter\CodeIgniter->runController(Object(App\Controllers\Admin\Siswa))
 7 SYSTEMPATH\CodeIgniter.php(361): CodeIgniter\CodeIgniter->handleRequest(null, Object(Config\Cache), false)
 8 FCPATH\index.php(36): CodeIgniter\CodeIgniter->run()
 9 ROOTPATH\index.php(7): require_once('C:\\xampp\\htdocs\\webspp\\public\\index.php')
WARNING - 2025-06-22 15:48:15 --> [DEPRECATED] Creation of dynamic property App\Libraries\Simple_login::$session is deprecated in APPPATH\Libraries\Simple_login.php on line 130.
 1 APPPATH\Views\admin\layout\wrapper.php(8): App\Libraries\Simple_login->checklogin()
 2 SYSTEMPATH\View\View.php(228): include('C:\\xampp\\htdocs\\webspp\\app\\Views\\admin\\layout\\wrapper.php')
 3 SYSTEMPATH\View\View.php(231): CodeIgniter\View\View->CodeIgniter\View\{closure}()
 4 SYSTEMPATH\Common.php(1178): CodeIgniter\View\View->render('admin/layout/wrapper', [], true)
 5 APPPATH\Controllers\Admin\Siswa.php(155): view('admin/layout/wrapper', [...])
 6 SYSTEMPATH\CodeIgniter.php(941): App\Controllers\Admin\Siswa->tambah()
 7 SYSTEMPATH\CodeIgniter.php(502): CodeIgniter\CodeIgniter->runController(Object(App\Controllers\Admin\Siswa))
 8 SYSTEMPATH\CodeIgniter.php(361): CodeIgniter\CodeIgniter->handleRequest(null, Object(Config\Cache), false)
 9 FCPATH\index.php(36): CodeIgniter\CodeIgniter->run()
10 ROOTPATH\index.php(7): require_once('C:\\xampp\\htdocs\\webspp\\public\\index.php')
INFO - 2025-06-22 15:48:45 --> Session: Class initialized using 'CodeIgniter\Session\Handlers\FileHandler' driver.
INFO - 2025-06-22 15:48:46 --> Session: Class initialized using 'CodeIgniter\Session\Handlers\FileHandler' driver.
WARNING - 2025-06-22 15:48:46 --> [DEPRECATED] Creation of dynamic property CodeIgniter\View\View::$simple_login is deprecated in APPPATH\Views\admin\layout\wrapper.php on line 4.
 1 SYSTEMPATH\View\View.php(228): include('C:\\xampp\\htdocs\\webspp\\app\\Views\\admin\\layout\\wrapper.php')
 2 SYSTEMPATH\View\View.php(231): CodeIgniter\View\View->CodeIgniter\View\{closure}()
 3 SYSTEMPATH\Common.php(1178): CodeIgniter\View\View->render('admin/layout/wrapper', [], true)
 4 APPPATH\Controllers\Admin\Siswa.php(155): view('admin/layout/wrapper', [...])
 5 SYSTEMPATH\CodeIgniter.php(941): App\Controllers\Admin\Siswa->tambah()
 6 SYSTEMPATH\CodeIgniter.php(502): CodeIgniter\CodeIgniter->runController(Object(App\Controllers\Admin\Siswa))
 7 SYSTEMPATH\CodeIgniter.php(361): CodeIgniter\CodeIgniter->handleRequest(null, Object(Config\Cache), false)
 8 FCPATH\index.php(36): CodeIgniter\CodeIgniter->run()
 9 ROOTPATH\index.php(7): require_once('C:\\xampp\\htdocs\\webspp\\public\\index.php')
WARNING - 2025-06-22 15:48:46 --> [DEPRECATED] Creation of dynamic property CodeIgniter\View\View::$website is deprecated in APPPATH\Views\admin\layout\wrapper.php on line 5.
 1 SYSTEMPATH\View\View.php(228): include('C:\\xampp\\htdocs\\webspp\\app\\Views\\admin\\layout\\wrapper.php')
 2 SYSTEMPATH\View\View.php(231): CodeIgniter\View\View->CodeIgniter\View\{closure}()
 3 SYSTEMPATH\Common.php(1178): CodeIgniter\View\View->render('admin/layout/wrapper', [], true)
 4 APPPATH\Controllers\Admin\Siswa.php(155): view('admin/layout/wrapper', [...])
 5 SYSTEMPATH\CodeIgniter.php(941): App\Controllers\Admin\Siswa->tambah()
 6 SYSTEMPATH\CodeIgniter.php(502): CodeIgniter\CodeIgniter->runController(Object(App\Controllers\Admin\Siswa))
 7 SYSTEMPATH\CodeIgniter.php(361): CodeIgniter\CodeIgniter->handleRequest(null, Object(Config\Cache), false)
 8 FCPATH\index.php(36): CodeIgniter\CodeIgniter->run()
 9 ROOTPATH\index.php(7): require_once('C:\\xampp\\htdocs\\webspp\\public\\index.php')
WARNING - 2025-06-22 15:48:46 --> [DEPRECATED] Creation of dynamic property CodeIgniter\View\View::$session is deprecated in APPPATH\Views\admin\layout\wrapper.php on line 6.
 1 SYSTEMPATH\View\View.php(228): include('C:\\xampp\\htdocs\\webspp\\app\\Views\\admin\\layout\\wrapper.php')
 2 SYSTEMPATH\View\View.php(231): CodeIgniter\View\View->CodeIgniter\View\{closure}()
 3 SYSTEMPATH\Common.php(1178): CodeIgniter\View\View->render('admin/layout/wrapper', [], true)
 4 APPPATH\Controllers\Admin\Siswa.php(155): view('admin/layout/wrapper', [...])
 5 SYSTEMPATH\CodeIgniter.php(941): App\Controllers\Admin\Siswa->tambah()
 6 SYSTEMPATH\CodeIgniter.php(502): CodeIgniter\CodeIgniter->runController(Object(App\Controllers\Admin\Siswa))
 7 SYSTEMPATH\CodeIgniter.php(361): CodeIgniter\CodeIgniter->handleRequest(null, Object(Config\Cache), false)
 8 FCPATH\index.php(36): CodeIgniter\CodeIgniter->run()
 9 ROOTPATH\index.php(7): require_once('C:\\xampp\\htdocs\\webspp\\public\\index.php')
WARNING - 2025-06-22 15:48:46 --> [DEPRECATED] Creation of dynamic property App\Libraries\Simple_login::$session is deprecated in APPPATH\Libraries\Simple_login.php on line 130.
 1 APPPATH\Views\admin\layout\wrapper.php(8): App\Libraries\Simple_login->checklogin()
 2 SYSTEMPATH\View\View.php(228): include('C:\\xampp\\htdocs\\webspp\\app\\Views\\admin\\layout\\wrapper.php')
 3 SYSTEMPATH\View\View.php(231): CodeIgniter\View\View->CodeIgniter\View\{closure}()
 4 SYSTEMPATH\Common.php(1178): CodeIgniter\View\View->render('admin/layout/wrapper', [], true)
 5 APPPATH\Controllers\Admin\Siswa.php(155): view('admin/layout/wrapper', [...])
 6 SYSTEMPATH\CodeIgniter.php(941): App\Controllers\Admin\Siswa->tambah()
 7 SYSTEMPATH\CodeIgniter.php(502): CodeIgniter\CodeIgniter->runController(Object(App\Controllers\Admin\Siswa))
 8 SYSTEMPATH\CodeIgniter.php(361): CodeIgniter\CodeIgniter->handleRequest(null, Object(Config\Cache), false)
 9 FCPATH\index.php(36): CodeIgniter\CodeIgniter->run()
10 ROOTPATH\index.php(7): require_once('C:\\xampp\\htdocs\\webspp\\public\\index.php')
INFO - 2025-06-22 15:49:08 --> Session: Class initialized using 'CodeIgniter\Session\Handlers\FileHandler' driver.
WARNING - 2025-06-22 15:49:08 --> [DEPRECATED] Creation of dynamic property CodeIgniter\View\View::$simple_login is deprecated in APPPATH\Views\admin\layout\wrapper.php on line 4.
 1 SYSTEMPATH\View\View.php(228): include('C:\\xampp\\htdocs\\webspp\\app\\Views\\admin\\layout\\wrapper.php')
 2 SYSTEMPATH\View\View.php(231): CodeIgniter\View\View->CodeIgniter\View\{closure}()
 3 SYSTEMPATH\Common.php(1178): CodeIgniter\View\View->render('admin/layout/wrapper', [], true)
 4 APPPATH\Controllers\Admin\Siswa.php(155): view('admin/layout/wrapper', [...])
 5 SYSTEMPATH\CodeIgniter.php(941): App\Controllers\Admin\Siswa->tambah()
 6 SYSTEMPATH\CodeIgniter.php(502): CodeIgniter\CodeIgniter->runController(Object(App\Controllers\Admin\Siswa))
 7 SYSTEMPATH\CodeIgniter.php(361): CodeIgniter\CodeIgniter->handleRequest(null, Object(Config\Cache), false)
 8 FCPATH\index.php(36): CodeIgniter\CodeIgniter->run()
 9 ROOTPATH\index.php(7): require_once('C:\\xampp\\htdocs\\webspp\\public\\index.php')
WARNING - 2025-06-22 15:49:08 --> [DEPRECATED] Creation of dynamic property CodeIgniter\View\View::$website is deprecated in APPPATH\Views\admin\layout\wrapper.php on line 5.
 1 SYSTEMPATH\View\View.php(228): include('C:\\xampp\\htdocs\\webspp\\app\\Views\\admin\\layout\\wrapper.php')
 2 SYSTEMPATH\View\View.php(231): CodeIgniter\View\View->CodeIgniter\View\{closure}()
 3 SYSTEMPATH\Common.php(1178): CodeIgniter\View\View->render('admin/layout/wrapper', [], true)
 4 APPPATH\Controllers\Admin\Siswa.php(155): view('admin/layout/wrapper', [...])
 5 SYSTEMPATH\CodeIgniter.php(941): App\Controllers\Admin\Siswa->tambah()
 6 SYSTEMPATH\CodeIgniter.php(502): CodeIgniter\CodeIgniter->runController(Object(App\Controllers\Admin\Siswa))
 7 SYSTEMPATH\CodeIgniter.php(361): CodeIgniter\CodeIgniter->handleRequest(null, Object(Config\Cache), false)
 8 FCPATH\index.php(36): CodeIgniter\CodeIgniter->run()
 9 ROOTPATH\index.php(7): require_once('C:\\xampp\\htdocs\\webspp\\public\\index.php')
WARNING - 2025-06-22 15:49:08 --> [DEPRECATED] Creation of dynamic property CodeIgniter\View\View::$session is deprecated in APPPATH\Views\admin\layout\wrapper.php on line 6.
 1 SYSTEMPATH\View\View.php(228): include('C:\\xampp\\htdocs\\webspp\\app\\Views\\admin\\layout\\wrapper.php')
 2 SYSTEMPATH\View\View.php(231): CodeIgniter\View\View->CodeIgniter\View\{closure}()
 3 SYSTEMPATH\Common.php(1178): CodeIgniter\View\View->render('admin/layout/wrapper', [], true)
 4 APPPATH\Controllers\Admin\Siswa.php(155): view('admin/layout/wrapper', [...])
 5 SYSTEMPATH\CodeIgniter.php(941): App\Controllers\Admin\Siswa->tambah()
 6 SYSTEMPATH\CodeIgniter.php(502): CodeIgniter\CodeIgniter->runController(Object(App\Controllers\Admin\Siswa))
 7 SYSTEMPATH\CodeIgniter.php(361): CodeIgniter\CodeIgniter->handleRequest(null, Object(Config\Cache), false)
 8 FCPATH\index.php(36): CodeIgniter\CodeIgniter->run()
 9 ROOTPATH\index.php(7): require_once('C:\\xampp\\htdocs\\webspp\\public\\index.php')
WARNING - 2025-06-22 15:49:08 --> [DEPRECATED] Creation of dynamic property App\Libraries\Simple_login::$session is deprecated in APPPATH\Libraries\Simple_login.php on line 130.
 1 APPPATH\Views\admin\layout\wrapper.php(8): App\Libraries\Simple_login->checklogin()
 2 SYSTEMPATH\View\View.php(228): include('C:\\xampp\\htdocs\\webspp\\app\\Views\\admin\\layout\\wrapper.php')
 3 SYSTEMPATH\View\View.php(231): CodeIgniter\View\View->CodeIgniter\View\{closure}()
 4 SYSTEMPATH\Common.php(1178): CodeIgniter\View\View->render('admin/layout/wrapper', [], true)
 5 APPPATH\Controllers\Admin\Siswa.php(155): view('admin/layout/wrapper', [...])
 6 SYSTEMPATH\CodeIgniter.php(941): App\Controllers\Admin\Siswa->tambah()
 7 SYSTEMPATH\CodeIgniter.php(502): CodeIgniter\CodeIgniter->runController(Object(App\Controllers\Admin\Siswa))
 8 SYSTEMPATH\CodeIgniter.php(361): CodeIgniter\CodeIgniter->handleRequest(null, Object(Config\Cache), false)
 9 FCPATH\index.php(36): CodeIgniter\CodeIgniter->run()
10 ROOTPATH\index.php(7): require_once('C:\\xampp\\htdocs\\webspp\\public\\index.php')
INFO - 2025-06-22 15:49:09 --> Session: Class initialized using 'CodeIgniter\Session\Handlers\FileHandler' driver.
WARNING - 2025-06-22 15:49:09 --> [DEPRECATED] Creation of dynamic property CodeIgniter\View\View::$simple_login is deprecated in APPPATH\Views\admin\layout\wrapper.php on line 4.
 1 SYSTEMPATH\View\View.php(228): include('C:\\xampp\\htdocs\\webspp\\app\\Views\\admin\\layout\\wrapper.php')
 2 SYSTEMPATH\View\View.php(231): CodeIgniter\View\View->CodeIgniter\View\{closure}()
 3 SYSTEMPATH\Common.php(1178): CodeIgniter\View\View->render('admin/layout/wrapper', [], true)
 4 APPPATH\Controllers\Admin\Siswa.php(155): view('admin/layout/wrapper', [...])
 5 SYSTEMPATH\CodeIgniter.php(941): App\Controllers\Admin\Siswa->tambah()
 6 SYSTEMPATH\CodeIgniter.php(502): CodeIgniter\CodeIgniter->runController(Object(App\Controllers\Admin\Siswa))
 7 SYSTEMPATH\CodeIgniter.php(361): CodeIgniter\CodeIgniter->handleRequest(null, Object(Config\Cache), false)
 8 FCPATH\index.php(36): CodeIgniter\CodeIgniter->run()
 9 ROOTPATH\index.php(7): require_once('C:\\xampp\\htdocs\\webspp\\public\\index.php')
WARNING - 2025-06-22 15:49:09 --> [DEPRECATED] Creation of dynamic property CodeIgniter\View\View::$website is deprecated in APPPATH\Views\admin\layout\wrapper.php on line 5.
 1 SYSTEMPATH\View\View.php(228): include('C:\\xampp\\htdocs\\webspp\\app\\Views\\admin\\layout\\wrapper.php')
 2 SYSTEMPATH\View\View.php(231): CodeIgniter\View\View->CodeIgniter\View\{closure}()
 3 SYSTEMPATH\Common.php(1178): CodeIgniter\View\View->render('admin/layout/wrapper', [], true)
 4 APPPATH\Controllers\Admin\Siswa.php(155): view('admin/layout/wrapper', [...])
 5 SYSTEMPATH\CodeIgniter.php(941): App\Controllers\Admin\Siswa->tambah()
 6 SYSTEMPATH\CodeIgniter.php(502): CodeIgniter\CodeIgniter->runController(Object(App\Controllers\Admin\Siswa))
 7 SYSTEMPATH\CodeIgniter.php(361): CodeIgniter\CodeIgniter->handleRequest(null, Object(Config\Cache), false)
 8 FCPATH\index.php(36): CodeIgniter\CodeIgniter->run()
 9 ROOTPATH\index.php(7): require_once('C:\\xampp\\htdocs\\webspp\\public\\index.php')
WARNING - 2025-06-22 15:49:09 --> [DEPRECATED] Creation of dynamic property CodeIgniter\View\View::$session is deprecated in APPPATH\Views\admin\layout\wrapper.php on line 6.
 1 SYSTEMPATH\View\View.php(228): include('C:\\xampp\\htdocs\\webspp\\app\\Views\\admin\\layout\\wrapper.php')
 2 SYSTEMPATH\View\View.php(231): CodeIgniter\View\View->CodeIgniter\View\{closure}()
 3 SYSTEMPATH\Common.php(1178): CodeIgniter\View\View->render('admin/layout/wrapper', [], true)
 4 APPPATH\Controllers\Admin\Siswa.php(155): view('admin/layout/wrapper', [...])
 5 SYSTEMPATH\CodeIgniter.php(941): App\Controllers\Admin\Siswa->tambah()
 6 SYSTEMPATH\CodeIgniter.php(502): CodeIgniter\CodeIgniter->runController(Object(App\Controllers\Admin\Siswa))
 7 SYSTEMPATH\CodeIgniter.php(361): CodeIgniter\CodeIgniter->handleRequest(null, Object(Config\Cache), false)
 8 FCPATH\index.php(36): CodeIgniter\CodeIgniter->run()
 9 ROOTPATH\index.php(7): require_once('C:\\xampp\\htdocs\\webspp\\public\\index.php')
WARNING - 2025-06-22 15:49:09 --> [DEPRECATED] Creation of dynamic property App\Libraries\Simple_login::$session is deprecated in APPPATH\Libraries\Simple_login.php on line 130.
 1 APPPATH\Views\admin\layout\wrapper.php(8): App\Libraries\Simple_login->checklogin()
 2 SYSTEMPATH\View\View.php(228): include('C:\\xampp\\htdocs\\webspp\\app\\Views\\admin\\layout\\wrapper.php')
 3 SYSTEMPATH\View\View.php(231): CodeIgniter\View\View->CodeIgniter\View\{closure}()
 4 SYSTEMPATH\Common.php(1178): CodeIgniter\View\View->render('admin/layout/wrapper', [], true)
 5 APPPATH\Controllers\Admin\Siswa.php(155): view('admin/layout/wrapper', [...])
 6 SYSTEMPATH\CodeIgniter.php(941): App\Controllers\Admin\Siswa->tambah()
 7 SYSTEMPATH\CodeIgniter.php(502): CodeIgniter\CodeIgniter->runController(Object(App\Controllers\Admin\Siswa))
 8 SYSTEMPATH\CodeIgniter.php(361): CodeIgniter\CodeIgniter->handleRequest(null, Object(Config\Cache), false)
 9 FCPATH\index.php(36): CodeIgniter\CodeIgniter->run()
10 ROOTPATH\index.php(7): require_once('C:\\xampp\\htdocs\\webspp\\public\\index.php')
INFO - 2025-06-22 15:49:50 --> Session: Class initialized using 'CodeIgniter\Session\Handlers\FileHandler' driver.
INFO - 2025-06-22 15:49:50 --> Session: Class initialized using 'CodeIgniter\Session\Handlers\FileHandler' driver.
WARNING - 2025-06-22 15:49:50 --> [DEPRECATED] Creation of dynamic property CodeIgniter\View\View::$simple_login is deprecated in APPPATH\Views\admin\layout\wrapper.php on line 4.
 1 SYSTEMPATH\View\View.php(228): include('C:\\xampp\\htdocs\\webspp\\app\\Views\\admin\\layout\\wrapper.php')
 2 SYSTEMPATH\View\View.php(231): CodeIgniter\View\View->CodeIgniter\View\{closure}()
 3 SYSTEMPATH\Common.php(1178): CodeIgniter\View\View->render('admin/layout/wrapper', [], true)
 4 APPPATH\Controllers\Admin\Siswa.php(155): view('admin/layout/wrapper', [...])
 5 SYSTEMPATH\CodeIgniter.php(941): App\Controllers\Admin\Siswa->tambah()
 6 SYSTEMPATH\CodeIgniter.php(502): CodeIgniter\CodeIgniter->runController(Object(App\Controllers\Admin\Siswa))
 7 SYSTEMPATH\CodeIgniter.php(361): CodeIgniter\CodeIgniter->handleRequest(null, Object(Config\Cache), false)
 8 FCPATH\index.php(36): CodeIgniter\CodeIgniter->run()
 9 ROOTPATH\index.php(7): require_once('C:\\xampp\\htdocs\\webspp\\public\\index.php')
WARNING - 2025-06-22 15:49:50 --> [DEPRECATED] Creation of dynamic property CodeIgniter\View\View::$website is deprecated in APPPATH\Views\admin\layout\wrapper.php on line 5.
 1 SYSTEMPATH\View\View.php(228): include('C:\\xampp\\htdocs\\webspp\\app\\Views\\admin\\layout\\wrapper.php')
 2 SYSTEMPATH\View\View.php(231): CodeIgniter\View\View->CodeIgniter\View\{closure}()
 3 SYSTEMPATH\Common.php(1178): CodeIgniter\View\View->render('admin/layout/wrapper', [], true)
 4 APPPATH\Controllers\Admin\Siswa.php(155): view('admin/layout/wrapper', [...])
 5 SYSTEMPATH\CodeIgniter.php(941): App\Controllers\Admin\Siswa->tambah()
 6 SYSTEMPATH\CodeIgniter.php(502): CodeIgniter\CodeIgniter->runController(Object(App\Controllers\Admin\Siswa))
 7 SYSTEMPATH\CodeIgniter.php(361): CodeIgniter\CodeIgniter->handleRequest(null, Object(Config\Cache), false)
 8 FCPATH\index.php(36): CodeIgniter\CodeIgniter->run()
 9 ROOTPATH\index.php(7): require_once('C:\\xampp\\htdocs\\webspp\\public\\index.php')
WARNING - 2025-06-22 15:49:50 --> [DEPRECATED] Creation of dynamic property CodeIgniter\View\View::$session is deprecated in APPPATH\Views\admin\layout\wrapper.php on line 6.
 1 SYSTEMPATH\View\View.php(228): include('C:\\xampp\\htdocs\\webspp\\app\\Views\\admin\\layout\\wrapper.php')
 2 SYSTEMPATH\View\View.php(231): CodeIgniter\View\View->CodeIgniter\View\{closure}()
 3 SYSTEMPATH\Common.php(1178): CodeIgniter\View\View->render('admin/layout/wrapper', [], true)
 4 APPPATH\Controllers\Admin\Siswa.php(155): view('admin/layout/wrapper', [...])
 5 SYSTEMPATH\CodeIgniter.php(941): App\Controllers\Admin\Siswa->tambah()
 6 SYSTEMPATH\CodeIgniter.php(502): CodeIgniter\CodeIgniter->runController(Object(App\Controllers\Admin\Siswa))
 7 SYSTEMPATH\CodeIgniter.php(361): CodeIgniter\CodeIgniter->handleRequest(null, Object(Config\Cache), false)
 8 FCPATH\index.php(36): CodeIgniter\CodeIgniter->run()
 9 ROOTPATH\index.php(7): require_once('C:\\xampp\\htdocs\\webspp\\public\\index.php')
WARNING - 2025-06-22 15:49:50 --> [DEPRECATED] Creation of dynamic property App\Libraries\Simple_login::$session is deprecated in APPPATH\Libraries\Simple_login.php on line 130.
 1 APPPATH\Views\admin\layout\wrapper.php(8): App\Libraries\Simple_login->checklogin()
 2 SYSTEMPATH\View\View.php(228): include('C:\\xampp\\htdocs\\webspp\\app\\Views\\admin\\layout\\wrapper.php')
 3 SYSTEMPATH\View\View.php(231): CodeIgniter\View\View->CodeIgniter\View\{closure}()
 4 SYSTEMPATH\Common.php(1178): CodeIgniter\View\View->render('admin/layout/wrapper', [], true)
 5 APPPATH\Controllers\Admin\Siswa.php(155): view('admin/layout/wrapper', [...])
 6 SYSTEMPATH\CodeIgniter.php(941): App\Controllers\Admin\Siswa->tambah()
 7 SYSTEMPATH\CodeIgniter.php(502): CodeIgniter\CodeIgniter->runController(Object(App\Controllers\Admin\Siswa))
 8 SYSTEMPATH\CodeIgniter.php(361): CodeIgniter\CodeIgniter->handleRequest(null, Object(Config\Cache), false)
 9 FCPATH\index.php(36): CodeIgniter\CodeIgniter->run()
10 ROOTPATH\index.php(7): require_once('C:\\xampp\\htdocs\\webspp\\public\\index.php')
INFO - 2025-06-22 15:50:06 --> Session: Class initialized using 'CodeIgniter\Session\Handlers\FileHandler' driver.
INFO - 2025-06-22 15:50:07 --> Session: Class initialized using 'CodeIgniter\Session\Handlers\FileHandler' driver.
WARNING - 2025-06-22 15:50:07 --> [DEPRECATED] Creation of dynamic property CodeIgniter\View\View::$simple_login is deprecated in APPPATH\Views\admin\layout\wrapper.php on line 4.
 1 SYSTEMPATH\View\View.php(228): include('C:\\xampp\\htdocs\\webspp\\app\\Views\\admin\\layout\\wrapper.php')
 2 SYSTEMPATH\View\View.php(231): CodeIgniter\View\View->CodeIgniter\View\{closure}()
 3 SYSTEMPATH\Common.php(1178): CodeIgniter\View\View->render('admin/layout/wrapper', [], true)
 4 APPPATH\Controllers\Admin\Siswa.php(53): view('admin/layout/wrapper', [...])
 5 SYSTEMPATH\CodeIgniter.php(941): App\Controllers\Admin\Siswa->index()
 6 SYSTEMPATH\CodeIgniter.php(502): CodeIgniter\CodeIgniter->runController(Object(App\Controllers\Admin\Siswa))
 7 SYSTEMPATH\CodeIgniter.php(361): CodeIgniter\CodeIgniter->handleRequest(null, Object(Config\Cache), false)
 8 FCPATH\index.php(36): CodeIgniter\CodeIgniter->run()
 9 ROOTPATH\index.php(7): require_once('C:\\xampp\\htdocs\\webspp\\public\\index.php')
WARNING - 2025-06-22 15:50:07 --> [DEPRECATED] Creation of dynamic property CodeIgniter\View\View::$website is deprecated in APPPATH\Views\admin\layout\wrapper.php on line 5.
 1 SYSTEMPATH\View\View.php(228): include('C:\\xampp\\htdocs\\webspp\\app\\Views\\admin\\layout\\wrapper.php')
 2 SYSTEMPATH\View\View.php(231): CodeIgniter\View\View->CodeIgniter\View\{closure}()
 3 SYSTEMPATH\Common.php(1178): CodeIgniter\View\View->render('admin/layout/wrapper', [], true)
 4 APPPATH\Controllers\Admin\Siswa.php(53): view('admin/layout/wrapper', [...])
 5 SYSTEMPATH\CodeIgniter.php(941): App\Controllers\Admin\Siswa->index()
 6 SYSTEMPATH\CodeIgniter.php(502): CodeIgniter\CodeIgniter->runController(Object(App\Controllers\Admin\Siswa))
 7 SYSTEMPATH\CodeIgniter.php(361): CodeIgniter\CodeIgniter->handleRequest(null, Object(Config\Cache), false)
 8 FCPATH\index.php(36): CodeIgniter\CodeIgniter->run()
 9 ROOTPATH\index.php(7): require_once('C:\\xampp\\htdocs\\webspp\\public\\index.php')
WARNING - 2025-06-22 15:50:07 --> [DEPRECATED] Creation of dynamic property CodeIgniter\View\View::$session is deprecated in APPPATH\Views\admin\layout\wrapper.php on line 6.
 1 SYSTEMPATH\View\View.php(228): include('C:\\xampp\\htdocs\\webspp\\app\\Views\\admin\\layout\\wrapper.php')
 2 SYSTEMPATH\View\View.php(231): CodeIgniter\View\View->CodeIgniter\View\{closure}()
 3 SYSTEMPATH\Common.php(1178): CodeIgniter\View\View->render('admin/layout/wrapper', [], true)
 4 APPPATH\Controllers\Admin\Siswa.php(53): view('admin/layout/wrapper', [...])
 5 SYSTEMPATH\CodeIgniter.php(941): App\Controllers\Admin\Siswa->index()
 6 SYSTEMPATH\CodeIgniter.php(502): CodeIgniter\CodeIgniter->runController(Object(App\Controllers\Admin\Siswa))
 7 SYSTEMPATH\CodeIgniter.php(361): CodeIgniter\CodeIgniter->handleRequest(null, Object(Config\Cache), false)
 8 FCPATH\index.php(36): CodeIgniter\CodeIgniter->run()
 9 ROOTPATH\index.php(7): require_once('C:\\xampp\\htdocs\\webspp\\public\\index.php')
WARNING - 2025-06-22 15:50:07 --> [DEPRECATED] Creation of dynamic property App\Libraries\Simple_login::$session is deprecated in APPPATH\Libraries\Simple_login.php on line 130.
 1 APPPATH\Views\admin\layout\wrapper.php(8): App\Libraries\Simple_login->checklogin()
 2 SYSTEMPATH\View\View.php(228): include('C:\\xampp\\htdocs\\webspp\\app\\Views\\admin\\layout\\wrapper.php')
 3 SYSTEMPATH\View\View.php(231): CodeIgniter\View\View->CodeIgniter\View\{closure}()
 4 SYSTEMPATH\Common.php(1178): CodeIgniter\View\View->render('admin/layout/wrapper', [], true)
 5 APPPATH\Controllers\Admin\Siswa.php(53): view('admin/layout/wrapper', [...])
 6 SYSTEMPATH\CodeIgniter.php(941): App\Controllers\Admin\Siswa->index()
 7 SYSTEMPATH\CodeIgniter.php(502): CodeIgniter\CodeIgniter->runController(Object(App\Controllers\Admin\Siswa))
 8 SYSTEMPATH\CodeIgniter.php(361): CodeIgniter\CodeIgniter->handleRequest(null, Object(Config\Cache), false)
 9 FCPATH\index.php(36): CodeIgniter\CodeIgniter->run()
10 ROOTPATH\index.php(7): require_once('C:\\xampp\\htdocs\\webspp\\public\\index.php')
INFO - 2025-06-22 15:50:11 --> Session: Class initialized using 'CodeIgniter\Session\Handlers\FileHandler' driver.
WARNING - 2025-06-22 15:50:11 --> [DEPRECATED] Creation of dynamic property CodeIgniter\View\View::$simple_login is deprecated in APPPATH\Views\admin\layout\wrapper.php on line 4.
 1 SYSTEMPATH\View\View.php(228): include('C:\\xampp\\htdocs\\webspp\\app\\Views\\admin\\layout\\wrapper.php')
 2 SYSTEMPATH\View\View.php(231): CodeIgniter\View\View->CodeIgniter\View\{closure}()
 3 SYSTEMPATH\Common.php(1178): CodeIgniter\View\View->render('admin/layout/wrapper', [], true)
 4 APPPATH\Controllers\Admin\Siswa.php(225): view('admin/layout/wrapper', [...])
 5 SYSTEMPATH\CodeIgniter.php(941): App\Controllers\Admin\Siswa->edit('15')
 6 SYSTEMPATH\CodeIgniter.php(502): CodeIgniter\CodeIgniter->runController(Object(App\Controllers\Admin\Siswa))
 7 SYSTEMPATH\CodeIgniter.php(361): CodeIgniter\CodeIgniter->handleRequest(null, Object(Config\Cache), false)
 8 FCPATH\index.php(36): CodeIgniter\CodeIgniter->run()
 9 ROOTPATH\index.php(7): require_once('C:\\xampp\\htdocs\\webspp\\public\\index.php')
WARNING - 2025-06-22 15:50:11 --> [DEPRECATED] Creation of dynamic property CodeIgniter\View\View::$website is deprecated in APPPATH\Views\admin\layout\wrapper.php on line 5.
 1 SYSTEMPATH\View\View.php(228): include('C:\\xampp\\htdocs\\webspp\\app\\Views\\admin\\layout\\wrapper.php')
 2 SYSTEMPATH\View\View.php(231): CodeIgniter\View\View->CodeIgniter\View\{closure}()
 3 SYSTEMPATH\Common.php(1178): CodeIgniter\View\View->render('admin/layout/wrapper', [], true)
 4 APPPATH\Controllers\Admin\Siswa.php(225): view('admin/layout/wrapper', [...])
 5 SYSTEMPATH\CodeIgniter.php(941): App\Controllers\Admin\Siswa->edit('15')
 6 SYSTEMPATH\CodeIgniter.php(502): CodeIgniter\CodeIgniter->runController(Object(App\Controllers\Admin\Siswa))
 7 SYSTEMPATH\CodeIgniter.php(361): CodeIgniter\CodeIgniter->handleRequest(null, Object(Config\Cache), false)
 8 FCPATH\index.php(36): CodeIgniter\CodeIgniter->run()
 9 ROOTPATH\index.php(7): require_once('C:\\xampp\\htdocs\\webspp\\public\\index.php')
WARNING - 2025-06-22 15:50:11 --> [DEPRECATED] Creation of dynamic property CodeIgniter\View\View::$session is deprecated in APPPATH\Views\admin\layout\wrapper.php on line 6.
 1 SYSTEMPATH\View\View.php(228): include('C:\\xampp\\htdocs\\webspp\\app\\Views\\admin\\layout\\wrapper.php')
 2 SYSTEMPATH\View\View.php(231): CodeIgniter\View\View->CodeIgniter\View\{closure}()
 3 SYSTEMPATH\Common.php(1178): CodeIgniter\View\View->render('admin/layout/wrapper', [], true)
 4 APPPATH\Controllers\Admin\Siswa.php(225): view('admin/layout/wrapper', [...])
 5 SYSTEMPATH\CodeIgniter.php(941): App\Controllers\Admin\Siswa->edit('15')
 6 SYSTEMPATH\CodeIgniter.php(502): CodeIgniter\CodeIgniter->runController(Object(App\Controllers\Admin\Siswa))
 7 SYSTEMPATH\CodeIgniter.php(361): CodeIgniter\CodeIgniter->handleRequest(null, Object(Config\Cache), false)
 8 FCPATH\index.php(36): CodeIgniter\CodeIgniter->run()
 9 ROOTPATH\index.php(7): require_once('C:\\xampp\\htdocs\\webspp\\public\\index.php')
WARNING - 2025-06-22 15:50:11 --> [DEPRECATED] Creation of dynamic property App\Libraries\Simple_login::$session is deprecated in APPPATH\Libraries\Simple_login.php on line 130.
 1 APPPATH\Views\admin\layout\wrapper.php(8): App\Libraries\Simple_login->checklogin()
 2 SYSTEMPATH\View\View.php(228): include('C:\\xampp\\htdocs\\webspp\\app\\Views\\admin\\layout\\wrapper.php')
 3 SYSTEMPATH\View\View.php(231): CodeIgniter\View\View->CodeIgniter\View\{closure}()
 4 SYSTEMPATH\Common.php(1178): CodeIgniter\View\View->render('admin/layout/wrapper', [], true)
 5 APPPATH\Controllers\Admin\Siswa.php(225): view('admin/layout/wrapper', [...])
 6 SYSTEMPATH\CodeIgniter.php(941): App\Controllers\Admin\Siswa->edit('15')
 7 SYSTEMPATH\CodeIgniter.php(502): CodeIgniter\CodeIgniter->runController(Object(App\Controllers\Admin\Siswa))
 8 SYSTEMPATH\CodeIgniter.php(361): CodeIgniter\CodeIgniter->handleRequest(null, Object(Config\Cache), false)
 9 FCPATH\index.php(36): CodeIgniter\CodeIgniter->run()
10 ROOTPATH\index.php(7): require_once('C:\\xampp\\htdocs\\webspp\\public\\index.php')
INFO - 2025-06-22 15:50:38 --> Session: Class initialized using 'CodeIgniter\Session\Handlers\FileHandler' driver.
WARNING - 2025-06-22 15:50:38 --> [DEPRECATED] Creation of dynamic property CodeIgniter\View\View::$simple_login is deprecated in APPPATH\Views\admin\layout\wrapper.php on line 4.
 1 SYSTEMPATH\View\View.php(228): include('C:\\xampp\\htdocs\\webspp\\app\\Views\\admin\\layout\\wrapper.php')
 2 SYSTEMPATH\View\View.php(231): CodeIgniter\View\View->CodeIgniter\View\{closure}()
 3 SYSTEMPATH\Common.php(1178): CodeIgniter\View\View->render('admin/layout/wrapper', [], true)
 4 APPPATH\Controllers\Admin\Siswa.php(225): view('admin/layout/wrapper', [...])
 5 SYSTEMPATH\CodeIgniter.php(941): App\Controllers\Admin\Siswa->edit('15')
 6 SYSTEMPATH\CodeIgniter.php(502): CodeIgniter\CodeIgniter->runController(Object(App\Controllers\Admin\Siswa))
 7 SYSTEMPATH\CodeIgniter.php(361): CodeIgniter\CodeIgniter->handleRequest(null, Object(Config\Cache), false)
 8 FCPATH\index.php(36): CodeIgniter\CodeIgniter->run()
 9 ROOTPATH\index.php(7): require_once('C:\\xampp\\htdocs\\webspp\\public\\index.php')
WARNING - 2025-06-22 15:50:38 --> [DEPRECATED] Creation of dynamic property CodeIgniter\View\View::$website is deprecated in APPPATH\Views\admin\layout\wrapper.php on line 5.
 1 SYSTEMPATH\View\View.php(228): include('C:\\xampp\\htdocs\\webspp\\app\\Views\\admin\\layout\\wrapper.php')
 2 SYSTEMPATH\View\View.php(231): CodeIgniter\View\View->CodeIgniter\View\{closure}()
 3 SYSTEMPATH\Common.php(1178): CodeIgniter\View\View->render('admin/layout/wrapper', [], true)
 4 APPPATH\Controllers\Admin\Siswa.php(225): view('admin/layout/wrapper', [...])
 5 SYSTEMPATH\CodeIgniter.php(941): App\Controllers\Admin\Siswa->edit('15')
 6 SYSTEMPATH\CodeIgniter.php(502): CodeIgniter\CodeIgniter->runController(Object(App\Controllers\Admin\Siswa))
 7 SYSTEMPATH\CodeIgniter.php(361): CodeIgniter\CodeIgniter->handleRequest(null, Object(Config\Cache), false)
 8 FCPATH\index.php(36): CodeIgniter\CodeIgniter->run()
 9 ROOTPATH\index.php(7): require_once('C:\\xampp\\htdocs\\webspp\\public\\index.php')
WARNING - 2025-06-22 15:50:38 --> [DEPRECATED] Creation of dynamic property CodeIgniter\View\View::$session is deprecated in APPPATH\Views\admin\layout\wrapper.php on line 6.
 1 SYSTEMPATH\View\View.php(228): include('C:\\xampp\\htdocs\\webspp\\app\\Views\\admin\\layout\\wrapper.php')
 2 SYSTEMPATH\View\View.php(231): CodeIgniter\View\View->CodeIgniter\View\{closure}()
 3 SYSTEMPATH\Common.php(1178): CodeIgniter\View\View->render('admin/layout/wrapper', [], true)
 4 APPPATH\Controllers\Admin\Siswa.php(225): view('admin/layout/wrapper', [...])
 5 SYSTEMPATH\CodeIgniter.php(941): App\Controllers\Admin\Siswa->edit('15')
 6 SYSTEMPATH\CodeIgniter.php(502): CodeIgniter\CodeIgniter->runController(Object(App\Controllers\Admin\Siswa))
 7 SYSTEMPATH\CodeIgniter.php(361): CodeIgniter\CodeIgniter->handleRequest(null, Object(Config\Cache), false)
 8 FCPATH\index.php(36): CodeIgniter\CodeIgniter->run()
 9 ROOTPATH\index.php(7): require_once('C:\\xampp\\htdocs\\webspp\\public\\index.php')
WARNING - 2025-06-22 15:50:38 --> [DEPRECATED] Creation of dynamic property App\Libraries\Simple_login::$session is deprecated in APPPATH\Libraries\Simple_login.php on line 130.
 1 APPPATH\Views\admin\layout\wrapper.php(8): App\Libraries\Simple_login->checklogin()
 2 SYSTEMPATH\View\View.php(228): include('C:\\xampp\\htdocs\\webspp\\app\\Views\\admin\\layout\\wrapper.php')
 3 SYSTEMPATH\View\View.php(231): CodeIgniter\View\View->CodeIgniter\View\{closure}()
 4 SYSTEMPATH\Common.php(1178): CodeIgniter\View\View->render('admin/layout/wrapper', [], true)
 5 APPPATH\Controllers\Admin\Siswa.php(225): view('admin/layout/wrapper', [...])
 6 SYSTEMPATH\CodeIgniter.php(941): App\Controllers\Admin\Siswa->edit('15')
 7 SYSTEMPATH\CodeIgniter.php(502): CodeIgniter\CodeIgniter->runController(Object(App\Controllers\Admin\Siswa))
 8 SYSTEMPATH\CodeIgniter.php(361): CodeIgniter\CodeIgniter->handleRequest(null, Object(Config\Cache), false)
 9 FCPATH\index.php(36): CodeIgniter\CodeIgniter->run()
10 ROOTPATH\index.php(7): require_once('C:\\xampp\\htdocs\\webspp\\public\\index.php')
INFO - 2025-06-22 15:50:40 --> Session: Class initialized using 'CodeIgniter\Session\Handlers\FileHandler' driver.
INFO - 2025-06-22 15:50:40 --> Session: Class initialized using 'CodeIgniter\Session\Handlers\FileHandler' driver.
WARNING - 2025-06-22 15:50:40 --> [DEPRECATED] Creation of dynamic property CodeIgniter\View\View::$simple_login is deprecated in APPPATH\Views\admin\layout\wrapper.php on line 4.
 1 SYSTEMPATH\View\View.php(228): include('C:\\xampp\\htdocs\\webspp\\app\\Views\\admin\\layout\\wrapper.php')
 2 SYSTEMPATH\View\View.php(231): CodeIgniter\View\View->CodeIgniter\View\{closure}()
 3 SYSTEMPATH\Common.php(1178): CodeIgniter\View\View->render('admin/layout/wrapper', [], true)
 4 APPPATH\Controllers\Admin\Siswa.php(53): view('admin/layout/wrapper', [...])
 5 SYSTEMPATH\CodeIgniter.php(941): App\Controllers\Admin\Siswa->index()
 6 SYSTEMPATH\CodeIgniter.php(502): CodeIgniter\CodeIgniter->runController(Object(App\Controllers\Admin\Siswa))
 7 SYSTEMPATH\CodeIgniter.php(361): CodeIgniter\CodeIgniter->handleRequest(null, Object(Config\Cache), false)
 8 FCPATH\index.php(36): CodeIgniter\CodeIgniter->run()
 9 ROOTPATH\index.php(7): require_once('C:\\xampp\\htdocs\\webspp\\public\\index.php')
WARNING - 2025-06-22 15:50:40 --> [DEPRECATED] Creation of dynamic property CodeIgniter\View\View::$website is deprecated in APPPATH\Views\admin\layout\wrapper.php on line 5.
 1 SYSTEMPATH\View\View.php(228): include('C:\\xampp\\htdocs\\webspp\\app\\Views\\admin\\layout\\wrapper.php')
 2 SYSTEMPATH\View\View.php(231): CodeIgniter\View\View->CodeIgniter\View\{closure}()
 3 SYSTEMPATH\Common.php(1178): CodeIgniter\View\View->render('admin/layout/wrapper', [], true)
 4 APPPATH\Controllers\Admin\Siswa.php(53): view('admin/layout/wrapper', [...])
 5 SYSTEMPATH\CodeIgniter.php(941): App\Controllers\Admin\Siswa->index()
 6 SYSTEMPATH\CodeIgniter.php(502): CodeIgniter\CodeIgniter->runController(Object(App\Controllers\Admin\Siswa))
 7 SYSTEMPATH\CodeIgniter.php(361): CodeIgniter\CodeIgniter->handleRequest(null, Object(Config\Cache), false)
 8 FCPATH\index.php(36): CodeIgniter\CodeIgniter->run()
 9 ROOTPATH\index.php(7): require_once('C:\\xampp\\htdocs\\webspp\\public\\index.php')
WARNING - 2025-06-22 15:50:40 --> [DEPRECATED] Creation of dynamic property CodeIgniter\View\View::$session is deprecated in APPPATH\Views\admin\layout\wrapper.php on line 6.
 1 SYSTEMPATH\View\View.php(228): include('C:\\xampp\\htdocs\\webspp\\app\\Views\\admin\\layout\\wrapper.php')
 2 SYSTEMPATH\View\View.php(231): CodeIgniter\View\View->CodeIgniter\View\{closure}()
 3 SYSTEMPATH\Common.php(1178): CodeIgniter\View\View->render('admin/layout/wrapper', [], true)
 4 APPPATH\Controllers\Admin\Siswa.php(53): view('admin/layout/wrapper', [...])
 5 SYSTEMPATH\CodeIgniter.php(941): App\Controllers\Admin\Siswa->index()
 6 SYSTEMPATH\CodeIgniter.php(502): CodeIgniter\CodeIgniter->runController(Object(App\Controllers\Admin\Siswa))
 7 SYSTEMPATH\CodeIgniter.php(361): CodeIgniter\CodeIgniter->handleRequest(null, Object(Config\Cache), false)
 8 FCPATH\index.php(36): CodeIgniter\CodeIgniter->run()
 9 ROOTPATH\index.php(7): require_once('C:\\xampp\\htdocs\\webspp\\public\\index.php')
WARNING - 2025-06-22 15:50:40 --> [DEPRECATED] Creation of dynamic property App\Libraries\Simple_login::$session is deprecated in APPPATH\Libraries\Simple_login.php on line 130.
 1 APPPATH\Views\admin\layout\wrapper.php(8): App\Libraries\Simple_login->checklogin()
 2 SYSTEMPATH\View\View.php(228): include('C:\\xampp\\htdocs\\webspp\\app\\Views\\admin\\layout\\wrapper.php')
 3 SYSTEMPATH\View\View.php(231): CodeIgniter\View\View->CodeIgniter\View\{closure}()
 4 SYSTEMPATH\Common.php(1178): CodeIgniter\View\View->render('admin/layout/wrapper', [], true)
 5 APPPATH\Controllers\Admin\Siswa.php(53): view('admin/layout/wrapper', [...])
 6 SYSTEMPATH\CodeIgniter.php(941): App\Controllers\Admin\Siswa->index()
 7 SYSTEMPATH\CodeIgniter.php(502): CodeIgniter\CodeIgniter->runController(Object(App\Controllers\Admin\Siswa))
 8 SYSTEMPATH\CodeIgniter.php(361): CodeIgniter\CodeIgniter->handleRequest(null, Object(Config\Cache), false)
 9 FCPATH\index.php(36): CodeIgniter\CodeIgniter->run()
10 ROOTPATH\index.php(7): require_once('C:\\xampp\\htdocs\\webspp\\public\\index.php')
INFO - 2025-06-22 15:50:45 --> Session: Class initialized using 'CodeIgniter\Session\Handlers\FileHandler' driver.
WARNING - 2025-06-22 15:50:45 --> [DEPRECATED] Creation of dynamic property CodeIgniter\View\View::$simple_login is deprecated in APPPATH\Views\admin\layout\wrapper.php on line 4.
 1 SYSTEMPATH\View\View.php(228): include('C:\\xampp\\htdocs\\webspp\\app\\Views\\admin\\layout\\wrapper.php')
 2 SYSTEMPATH\View\View.php(231): CodeIgniter\View\View->CodeIgniter\View\{closure}()
 3 SYSTEMPATH\Common.php(1178): CodeIgniter\View\View->render('admin/layout/wrapper', [], true)
 4 APPPATH\Controllers\Admin\Siswa.php(225): view('admin/layout/wrapper', [...])
 5 SYSTEMPATH\CodeIgniter.php(941): App\Controllers\Admin\Siswa->edit('15')
 6 SYSTEMPATH\CodeIgniter.php(502): CodeIgniter\CodeIgniter->runController(Object(App\Controllers\Admin\Siswa))
 7 SYSTEMPATH\CodeIgniter.php(361): CodeIgniter\CodeIgniter->handleRequest(null, Object(Config\Cache), false)
 8 FCPATH\index.php(36): CodeIgniter\CodeIgniter->run()
 9 ROOTPATH\index.php(7): require_once('C:\\xampp\\htdocs\\webspp\\public\\index.php')
WARNING - 2025-06-22 15:50:45 --> [DEPRECATED] Creation of dynamic property CodeIgniter\View\View::$website is deprecated in APPPATH\Views\admin\layout\wrapper.php on line 5.
 1 SYSTEMPATH\View\View.php(228): include('C:\\xampp\\htdocs\\webspp\\app\\Views\\admin\\layout\\wrapper.php')
 2 SYSTEMPATH\View\View.php(231): CodeIgniter\View\View->CodeIgniter\View\{closure}()
 3 SYSTEMPATH\Common.php(1178): CodeIgniter\View\View->render('admin/layout/wrapper', [], true)
 4 APPPATH\Controllers\Admin\Siswa.php(225): view('admin/layout/wrapper', [...])
 5 SYSTEMPATH\CodeIgniter.php(941): App\Controllers\Admin\Siswa->edit('15')
 6 SYSTEMPATH\CodeIgniter.php(502): CodeIgniter\CodeIgniter->runController(Object(App\Controllers\Admin\Siswa))
 7 SYSTEMPATH\CodeIgniter.php(361): CodeIgniter\CodeIgniter->handleRequest(null, Object(Config\Cache), false)
 8 FCPATH\index.php(36): CodeIgniter\CodeIgniter->run()
 9 ROOTPATH\index.php(7): require_once('C:\\xampp\\htdocs\\webspp\\public\\index.php')
WARNING - 2025-06-22 15:50:45 --> [DEPRECATED] Creation of dynamic property CodeIgniter\View\View::$session is deprecated in APPPATH\Views\admin\layout\wrapper.php on line 6.
 1 SYSTEMPATH\View\View.php(228): include('C:\\xampp\\htdocs\\webspp\\app\\Views\\admin\\layout\\wrapper.php')
 2 SYSTEMPATH\View\View.php(231): CodeIgniter\View\View->CodeIgniter\View\{closure}()
 3 SYSTEMPATH\Common.php(1178): CodeIgniter\View\View->render('admin/layout/wrapper', [], true)
 4 APPPATH\Controllers\Admin\Siswa.php(225): view('admin/layout/wrapper', [...])
 5 SYSTEMPATH\CodeIgniter.php(941): App\Controllers\Admin\Siswa->edit('15')
 6 SYSTEMPATH\CodeIgniter.php(502): CodeIgniter\CodeIgniter->runController(Object(App\Controllers\Admin\Siswa))
 7 SYSTEMPATH\CodeIgniter.php(361): CodeIgniter\CodeIgniter->handleRequest(null, Object(Config\Cache), false)
 8 FCPATH\index.php(36): CodeIgniter\CodeIgniter->run()
 9 ROOTPATH\index.php(7): require_once('C:\\xampp\\htdocs\\webspp\\public\\index.php')
WARNING - 2025-06-22 15:50:45 --> [DEPRECATED] Creation of dynamic property App\Libraries\Simple_login::$session is deprecated in APPPATH\Libraries\Simple_login.php on line 130.
 1 APPPATH\Views\admin\layout\wrapper.php(8): App\Libraries\Simple_login->checklogin()
 2 SYSTEMPATH\View\View.php(228): include('C:\\xampp\\htdocs\\webspp\\app\\Views\\admin\\layout\\wrapper.php')
 3 SYSTEMPATH\View\View.php(231): CodeIgniter\View\View->CodeIgniter\View\{closure}()
 4 SYSTEMPATH\Common.php(1178): CodeIgniter\View\View->render('admin/layout/wrapper', [], true)
 5 APPPATH\Controllers\Admin\Siswa.php(225): view('admin/layout/wrapper', [...])
 6 SYSTEMPATH\CodeIgniter.php(941): App\Controllers\Admin\Siswa->edit('15')
 7 SYSTEMPATH\CodeIgniter.php(502): CodeIgniter\CodeIgniter->runController(Object(App\Controllers\Admin\Siswa))
 8 SYSTEMPATH\CodeIgniter.php(361): CodeIgniter\CodeIgniter->handleRequest(null, Object(Config\Cache), false)
 9 FCPATH\index.php(36): CodeIgniter\CodeIgniter->run()
10 ROOTPATH\index.php(7): require_once('C:\\xampp\\htdocs\\webspp\\public\\index.php')
INFO - 2025-06-22 15:50:50 --> Session: Class initialized using 'CodeIgniter\Session\Handlers\FileHandler' driver.
INFO - 2025-06-22 15:50:50 --> Session: Class initialized using 'CodeIgniter\Session\Handlers\FileHandler' driver.
WARNING - 2025-06-22 15:50:50 --> [DEPRECATED] Creation of dynamic property CodeIgniter\View\View::$simple_login is deprecated in APPPATH\Views\admin\layout\wrapper.php on line 4.
 1 SYSTEMPATH\View\View.php(228): include('C:\\xampp\\htdocs\\webspp\\app\\Views\\admin\\layout\\wrapper.php')
 2 SYSTEMPATH\View\View.php(231): CodeIgniter\View\View->CodeIgniter\View\{closure}()
 3 SYSTEMPATH\Common.php(1178): CodeIgniter\View\View->render('admin/layout/wrapper', [], true)
 4 APPPATH\Controllers\Admin\Siswa.php(53): view('admin/layout/wrapper', [...])
 5 SYSTEMPATH\CodeIgniter.php(941): App\Controllers\Admin\Siswa->index()
 6 SYSTEMPATH\CodeIgniter.php(502): CodeIgniter\CodeIgniter->runController(Object(App\Controllers\Admin\Siswa))
 7 SYSTEMPATH\CodeIgniter.php(361): CodeIgniter\CodeIgniter->handleRequest(null, Object(Config\Cache), false)
 8 FCPATH\index.php(36): CodeIgniter\CodeIgniter->run()
 9 ROOTPATH\index.php(7): require_once('C:\\xampp\\htdocs\\webspp\\public\\index.php')
WARNING - 2025-06-22 15:50:50 --> [DEPRECATED] Creation of dynamic property CodeIgniter\View\View::$website is deprecated in APPPATH\Views\admin\layout\wrapper.php on line 5.
 1 SYSTEMPATH\View\View.php(228): include('C:\\xampp\\htdocs\\webspp\\app\\Views\\admin\\layout\\wrapper.php')
 2 SYSTEMPATH\View\View.php(231): CodeIgniter\View\View->CodeIgniter\View\{closure}()
 3 SYSTEMPATH\Common.php(1178): CodeIgniter\View\View->render('admin/layout/wrapper', [], true)
 4 APPPATH\Controllers\Admin\Siswa.php(53): view('admin/layout/wrapper', [...])
 5 SYSTEMPATH\CodeIgniter.php(941): App\Controllers\Admin\Siswa->index()
 6 SYSTEMPATH\CodeIgniter.php(502): CodeIgniter\CodeIgniter->runController(Object(App\Controllers\Admin\Siswa))
 7 SYSTEMPATH\CodeIgniter.php(361): CodeIgniter\CodeIgniter->handleRequest(null, Object(Config\Cache), false)
 8 FCPATH\index.php(36): CodeIgniter\CodeIgniter->run()
 9 ROOTPATH\index.php(7): require_once('C:\\xampp\\htdocs\\webspp\\public\\index.php')
WARNING - 2025-06-22 15:50:50 --> [DEPRECATED] Creation of dynamic property CodeIgniter\View\View::$session is deprecated in APPPATH\Views\admin\layout\wrapper.php on line 6.
 1 SYSTEMPATH\View\View.php(228): include('C:\\xampp\\htdocs\\webspp\\app\\Views\\admin\\layout\\wrapper.php')
 2 SYSTEMPATH\View\View.php(231): CodeIgniter\View\View->CodeIgniter\View\{closure}()
 3 SYSTEMPATH\Common.php(1178): CodeIgniter\View\View->render('admin/layout/wrapper', [], true)
 4 APPPATH\Controllers\Admin\Siswa.php(53): view('admin/layout/wrapper', [...])
 5 SYSTEMPATH\CodeIgniter.php(941): App\Controllers\Admin\Siswa->index()
 6 SYSTEMPATH\CodeIgniter.php(502): CodeIgniter\CodeIgniter->runController(Object(App\Controllers\Admin\Siswa))
 7 SYSTEMPATH\CodeIgniter.php(361): CodeIgniter\CodeIgniter->handleRequest(null, Object(Config\Cache), false)
 8 FCPATH\index.php(36): CodeIgniter\CodeIgniter->run()
 9 ROOTPATH\index.php(7): require_once('C:\\xampp\\htdocs\\webspp\\public\\index.php')
WARNING - 2025-06-22 15:50:50 --> [DEPRECATED] Creation of dynamic property App\Libraries\Simple_login::$session is deprecated in APPPATH\Libraries\Simple_login.php on line 130.
 1 APPPATH\Views\admin\layout\wrapper.php(8): App\Libraries\Simple_login->checklogin()
 2 SYSTEMPATH\View\View.php(228): include('C:\\xampp\\htdocs\\webspp\\app\\Views\\admin\\layout\\wrapper.php')
 3 SYSTEMPATH\View\View.php(231): CodeIgniter\View\View->CodeIgniter\View\{closure}()
 4 SYSTEMPATH\Common.php(1178): CodeIgniter\View\View->render('admin/layout/wrapper', [], true)
 5 APPPATH\Controllers\Admin\Siswa.php(53): view('admin/layout/wrapper', [...])
 6 SYSTEMPATH\CodeIgniter.php(941): App\Controllers\Admin\Siswa->index()
 7 SYSTEMPATH\CodeIgniter.php(502): CodeIgniter\CodeIgniter->runController(Object(App\Controllers\Admin\Siswa))
 8 SYSTEMPATH\CodeIgniter.php(361): CodeIgniter\CodeIgniter->handleRequest(null, Object(Config\Cache), false)
 9 FCPATH\index.php(36): CodeIgniter\CodeIgniter->run()
10 ROOTPATH\index.php(7): require_once('C:\\xampp\\htdocs\\webspp\\public\\index.php')
